ID,Venue,Team,Opponent,Half,Direction,Minute,Event_Type,Start_X,Start_Y,End_X,End_Y,GLS,Linebreak,Prior_GLS,Type,Pass_Receipt,Source,Defenders_Infront,Tackle_Type,Outcome,Kick_Type,Kick_Outcome,Possession_Type,Pen_Type,Pen_Won_Type,Pass_Type,Kick_Receipt,Kick_Receipt_Source,Kick_Type_Received,Catch_Pressure,Try_Outcome,Try_Assist_Type,Thrower_ID,Receiver_ID,Lineout_Numbers,Lineout_Destination,Lineout_Outcome,Lineout_Secondary_Outcome,Contested,Scrum_Outcome,Scrum_Dominance,Secondary_Outcome,Card_Colour,Player_On,Player_Off,Substitution_Type,Defender_Beaten_Type,Offload_Outcome,Interception_Outcome,Error,Error_Outcome,Turnover_Won_Outcome,Additional_Info
Team,Home,Anselmians,Chester,First Half,Left to Right,00:01:02,Possession,50.08,34.73,NA,NA,NA,NA,NA,NA,NA,NA,NA,NA,NA,NA,NA,Start,NA,NA,NA,NA,NA,NA,NA,NA,NA,NA,NA,NA,NA,NA,NA,NA,NA,NA,NA,NA,NA,NA,NA,NA,NA,NA,NA,NA,,
Team,Home,Anselmians,Chester,First Half,Left to Right,00:01:03,Scrum,49.8,35.07,NA,NA,NA,NA,NA,NA,NA,NA,NA,NA,NA,NA,NA,NA,NA,NA,NA,NA,NA,NA,NA,NA,NA,NA,NA,NA,NA,NA,NA,NA,Won,Neutral,Eight Pick,NA,NA,NA,NA,NA,NA,NA,NA,NA,,
14,Home,Anselmians,Chester,First Half,Left to Right,00:01:11,Error,50.55,2.58,NA,NA,NA,NA,NA,NA,NA,NA,NA,NA,NA,NA,NA,NA,NA,NA,NA,NA,NA,NA,NA,NA,NA,NA,NA,NA,NA,NA,NA,NA,NA,NA,NA,NA,NA,NA,NA,NA,NA,NA,Handling,Knock On,,
14,Home,Anselmians,Chester,First Half,Left to Right,00:01:11,Possession,50.93,2.69,NA,NA,NA,NA,NA,NA,NA,NA,NA,NA,NA,NA,NA,End,NA,NA,NA,NA,NA,NA,NA,NA,NA,NA,NA,NA,NA,NA,NA,NA,NA,NA,NA,NA,NA,NA,NA,NA,NA,NA,NA,NA,,
Team,Home,Anselmians,Chester,First Half,Left to Right,00:01:33,Lineout,57.19,-0.01,56.57,10.9,NA,NA,NA,NA,NA,NA,NA,NA,NA,NA,NA,NA,NA,NA,NA,NA,NA,NA,NA,NA,NA,2,18,5,Middle,Opposition,Down and Peel,Direct,NA,NA,NA,NA,NA,NA,NA,NA,NA,NA,NA,NA,,
2,Home,Anselmians,Chester,First Half,Left to Right,00:01:36,Tackle,56.57,13.82,NA,NA,NA,NA,NA,NA,NA,NA,NA,Successful,Neutral,NA,NA,NA,NA,NA,NA,NA,NA,NA,NA,NA,NA,NA,NA,NA,NA,NA,NA,NA,NA,NA,NA,NA,NA,NA,NA,NA,NA,NA,NA,NA,,
2,Home,Anselmians,Chester,First Half,Left to Right,00:01:38,Ruck,57.44,13.82,NA,NA,NA,NA,NA,NA,NA,NA,NA,NA,NA,NA,NA,NA,NA,NA,NA,NA,NA,NA,NA,NA,NA,NA,NA,NA,NA,NA,NA,NA,NA,NA,NA,NA,NA,NA,NA,NA,NA,NA,NA,NA,,
2,Home,Anselmians,Chester,First Half,Left to Right,00:01:50,Possession,28.23,2.69,NA,NA,NA,NA,NA,NA,NA,NA,NA,NA,NA,NA,NA,Start,NA,NA,NA,NA,NA,NA,NA,NA,NA,NA,NA,NA,NA,NA,NA,NA,NA,NA,NA,NA,NA,NA,NA,NA,NA,NA,NA,NA,,
14,Home,Anselmians,Chester,First Half,Left to Right,00:01:50,Kick Received,27.48,2.58,NA,NA,NA,NA,NA,NA,NA,NA,NA,NA,NA,NA,NA,NA,NA,NA,NA,Successful,Opposition,Grubber,No,NA,NA,NA,NA,NA,NA,NA,NA,NA,NA,NA,NA,NA,NA,NA,NA,NA,NA,NA,NA,NA,,
15,Home,Anselmians,Chester,First Half,Left to Right,00:01:59,Kick,21.71,35.18,78.51,43.95,NA,NA,NA,NA,NA,NA,NA,NA,NA,Open Play,Opposition Collection Full,NA,NA,NA,NA,NA,NA,NA,NA,NA,NA,NA,NA,NA,NA,NA,NA,NA,NA,NA,NA,NA,NA,NA,NA,NA,NA,NA,NA,NA,,
15,Home,Anselmians,Chester,First Half,Left to Right,00:01:59,Possession,78.76,41.59,NA,NA,NA,NA,NA,NA,NA,NA,NA,NA,NA,NA,NA,End,NA,NA,NA,NA,NA,NA,NA,NA,NA,NA,NA,NA,NA,NA,NA,NA,NA,NA,NA,NA,NA,NA,NA,NA,NA,NA,NA,NA,,
Team,Home,Anselmians,Chester,First Half,Left to Right,00:02:27,Possession,60.95,70.15,NA,NA,NA,NA,NA,NA,NA,NA,NA,NA,NA,NA,NA,Start,NA,NA,NA,NA,NA,NA,NA,NA,NA,NA,NA,NA,NA,NA,NA,NA,NA,NA,NA,NA,NA,NA,NA,NA,NA,NA,NA,NA,,
Team,Home,Anselmians,Chester,First Half,Left to Right,00:02:30,Lineout,60.83,70.15,61.71,48.34,NA,NA,NA,NA,NA,NA,NA,NA,NA,NA,NA,NA,NA,NA,NA,NA,NA,NA,NA,NA,NA,3,12,5,15m +,Successful,Catch and Run,None,NA,NA,NA,NA,NA,NA,NA,NA,NA,NA,NA,NA,,
12,Home,Anselmians,Chester,First Half,Left to Right,00:02:31,Carry,60.95,46.99,66.85,48,1,0,0,Other,NA,Lineout,,NA,NA,NA,NA,NA,NA,NA,NA,NA,NA,NA,NA,NA,NA,NA,NA,NA,NA,NA,NA,NA,NA,NA,NA,NA,NA,NA,NA,NA,NA,NA,NA,NA,,
Team,Home,Anselmians,Chester,First Half,Left to Right,00:02:33,Ruck,66.6,49.12,NA,NA,NA,NA,NA,NA,NA,NA,NA,NA,NA,NA,NA,NA,NA,NA,NA,NA,NA,NA,NA,NA,NA,NA,NA,NA,NA,NA,NA,NA,NA,NA,NA,NA,NA,NA,NA,NA,NA,NA,NA,NA,,
12,Home,Anselmians,Chester,First Half,Left to Right,00:02:35,Pen Conceded,66.47,49.12,NA,NA,NA,NA,NA,NA,NA,NA,NA,NA,NA,NA,NA,NA,Holding On,NA,NA,NA,NA,NA,NA,NA,NA,NA,NA,NA,NA,NA,NA,NA,NA,NA,NA,NA,NA,NA,NA,NA,NA,NA,NA,NA,,
12,Home,Anselmians,Chester,First Half,Left to Right,00:02:35,Possession,66.35,48.67,NA,NA,NA,NA,NA,NA,NA,NA,NA,NA,NA,NA,NA,End,NA,NA,NA,NA,NA,NA,NA,NA,NA,NA,NA,NA,NA,NA,NA,NA,NA,NA,NA,NA,NA,NA,NA,NA,NA,NA,NA,NA,,
Team,Home,Anselmians,Chester,First Half,Left to Right,00:03:13,Possession,29.86,60.59,NA,NA,NA,NA,NA,NA,NA,NA,NA,NA,NA,NA,NA,Start,NA,NA,NA,NA,NA,NA,NA,NA,NA,NA,NA,NA,NA,NA,NA,NA,NA,NA,NA,NA,NA,NA,NA,NA,NA,NA,NA,NA,,
Team,Home,Anselmians,Chester,First Half,Left to Right,00:03:13,Lineout,29.86,70.03,29.24,60.7,NA,NA,NA,NA,NA,NA,NA,NA,NA,NA,NA,NA,NA,NA,NA,NA,NA,NA,NA,NA,NA,2,8,4,Middle,Opposition,Lost,Direct,NA,NA,NA,NA,NA,NA,NA,NA,NA,NA,NA,NA,,
4,Home,Anselmians,Chester,First Half,Left to Right,00:03:17,Carry,31.49,57.67,30.74,58.57,1,0,0,Other,NA,Lineout,,NA,NA,NA,NA,NA,NA,NA,NA,NA,NA,NA,NA,NA,NA,NA,NA,NA,NA,NA,NA,NA,NA,NA,NA,NA,NA,NA,NA,NA,NA,NA,NA,NA,,
Team,Home,Anselmians,Chester,First Half,Left to Right,00:03:18,Ruck,31.12,59.92,NA,NA,NA,NA,NA,NA,NA,NA,NA,NA,NA,NA,NA,NA,NA,NA,NA,NA,NA,NA,NA,NA,NA,NA,NA,NA,NA,NA,NA,NA,NA,NA,NA,NA,NA,NA,NA,NA,NA,NA,NA,NA,,
Team,Home,Anselmians,Chester,First Half,Left to Right,00:03:22,Pen Won,30.97,60.03,NA,NA,NA,NA,NA,NA,NA,NA,NA,NA,NA,NA,NA,NA,NA,Not Rolling,NA,NA,NA,NA,NA,NA,NA,NA,NA,NA,NA,NA,NA,NA,NA,NA,NA,NA,NA,NA,NA,NA,NA,NA,NA,NA,,
Team,Home,Anselmians,Chester,First Half,Left to Right,00:03:22,Possession,30.74,60.25,NA,NA,NA,NA,NA,NA,NA,NA,NA,NA,NA,NA,NA,End,NA,NA,NA,NA,NA,NA,NA,NA,NA,NA,NA,NA,NA,NA,NA,NA,NA,NA,NA,NA,NA,NA,NA,NA,NA,NA,NA,NA,,
Team,Home,Anselmians,Chester,First Half,Left to Right,00:03:42,Possession,30.74,60.25,NA,NA,NA,NA,NA,NA,NA,NA,NA,NA,NA,NA,NA,Start,NA,NA,NA,NA,NA,NA,NA,NA,NA,NA,NA,NA,NA,NA,NA,NA,NA,NA,NA,NA,NA,NA,NA,NA,NA,NA,NA,NA,,
15,Home,Anselmians,Chester,First Half,Left to Right,00:03:45,Kick,30.99,60.25,49.42,70.03,NA,NA,NA,NA,NA,NA,NA,NA,NA,Touch Kick,In Touch,NA,NA,NA,NA,NA,NA,NA,NA,NA,NA,NA,NA,NA,NA,NA,NA,NA,NA,NA,NA,NA,NA,NA,NA,NA,NA,NA,NA,NA,,
Team,Home,Anselmians,Chester,First Half,Left to Right,00:03:45,Possession,49.04,69.92,NA,NA,NA,NA,NA,NA,NA,NA,NA,NA,NA,NA,NA,End,NA,NA,NA,NA,NA,NA,NA,NA,NA,NA,NA,NA,NA,NA,NA,NA,NA,NA,NA,NA,NA,NA,NA,NA,NA,NA,NA,NA,,
Team,Home,Anselmians,Chester,First Half,Left to Right,00:04:03,Possession,48.67,70.15,NA,NA,NA,NA,NA,NA,NA,NA,NA,NA,NA,NA,NA,Start,NA,NA,NA,NA,NA,NA,NA,NA,NA,NA,NA,NA,NA,NA,NA,NA,NA,NA,NA,NA,NA,NA,NA,NA,NA,NA,NA,NA,,
Team,Home,Anselmians,Chester,First Half,Left to Right,00:04:05,Lineout,48.54,70.15,48.79,64.53,NA,NA,NA,NA,NA,NA,NA,NA,NA,NA,NA,NA,NA,NA,NA,NA,NA,NA,NA,NA,NA,3,7,5,Front,Successful,Off Top,Direct,NA,NA,NA,NA,NA,NA,NA,NA,NA,NA,NA,NA,,
10,Home,Anselmians,Chester,First Half,Left to Right,00:04:15,Kick,42.53,48,100.45,61.38,NA,NA,NA,NA,NA,NA,NA,NA,NA,Open Play,Error,NA,NA,NA,NA,NA,NA,NA,NA,NA,NA,NA,NA,NA,NA,NA,NA,NA,NA,NA,NA,NA,NA,NA,NA,NA,NA,NA,NA,NA,,
Team,Home,Anselmians,Chester,First Half,Left to Right,00:04:17,Possession,42.9,49.35,NA,NA,NA,NA,NA,NA,NA,NA,NA,NA,NA,NA,NA,End,NA,NA,NA,NA,NA,NA,NA,NA,NA,NA,NA,NA,NA,NA,NA,NA,NA,NA,NA,NA,NA,NA,NA,NA,NA,NA,NA,NA,,
Team,Home,Anselmians,Chester,First Half,Left to Right,00:05:02,Scrum,45.79,48,NA,NA,NA,NA,NA,NA,NA,NA,NA,NA,NA,NA,NA,NA,NA,NA,NA,NA,NA,NA,NA,NA,NA,NA,NA,NA,NA,NA,NA,NA,Opposition,Neutral,Nine Pass,NA,NA,NA,NA,NA,NA,NA,NA,NA,,
9,Home,Anselmians,Chester,First Half,Left to Right,00:05:05,Tackle,40.02,60.59,NA,NA,NA,NA,NA,NA,NA,NA,NA,Successful,Neutral,NA,NA,NA,NA,NA,NA,NA,NA,NA,NA,NA,NA,NA,NA,NA,NA,NA,NA,NA,NA,NA,NA,NA,NA,NA,NA,NA,NA,NA,NA,NA,,
12,Home,Anselmians,Chester,First Half,Left to Right,00:05:05,Tackle,39.89,60.93,NA,NA,NA,NA,NA,NA,NA,NA,NA,Assist,Neutral,NA,NA,NA,NA,NA,NA,NA,NA,NA,NA,NA,NA,NA,NA,NA,NA,NA,NA,NA,NA,NA,NA,NA,NA,NA,NA,NA,NA,NA,NA,NA,,
Team,Home,Anselmians,Chester,First Half,Left to Right,00:05:32,Lineout,19.58,70.03,19.21,60.59,NA,NA,NA,NA,NA,NA,NA,NA,NA,NA,NA,NA,NA,NA,NA,NA,NA,NA,NA,NA,NA,2,18,6,Middle,Opposition,Down and Drive,None,NA,NA,NA,NA,NA,NA,NA,NA,NA,NA,NA,NA,,
11,Home,Anselmians,Chester,First Half,Left to Right,00:05:54,Tackle,1.15,67.22,NA,NA,NA,NA,NA,NA,NA,NA,NA,Missed,Passive,NA,NA,NA,NA,NA,NA,NA,NA,NA,NA,NA,NA,NA,NA,NA,NA,NA,NA,NA,NA,NA,NA,NA,NA,NA,NA,NA,NA,NA,NA,NA,,
15,Home,Anselmians,Chester,First Half,Left to Right,00:07:15,Kick,50.05,35.29,76.5,1.45,NA,NA,NA,NA,NA,NA,NA,NA,NA,Kick-Off,Opposition Collection Full,NA,NA,NA,NA,NA,NA,NA,NA,NA,NA,NA,NA,NA,NA,NA,NA,NA,NA,NA,NA,NA,NA,NA,NA,NA,NA,NA,NA,NA,,
7,Home,Anselmians,Chester,First Half,Left to Right,00:07:18,Tackle,76.12,11.68,NA,NA,NA,NA,NA,NA,NA,NA,NA,Missed,Passive,NA,NA,NA,NA,NA,NA,NA,NA,NA,NA,NA,NA,NA,NA,NA,NA,NA,NA,NA,NA,NA,NA,NA,NA,NA,NA,NA,NA,NA,NA,NA,,
2,Home,Anselmians,Chester,First Half,Left to Right,00:07:20,Tackle,75.37,20,NA,NA,NA,NA,NA,NA,NA,NA,NA,Successful,Neutral,NA,NA,NA,NA,NA,NA,NA,NA,NA,NA,NA,NA,NA,NA,NA,NA,NA,NA,NA,NA,NA,NA,NA,NA,NA,NA,NA,NA,NA,NA,NA,,
12,Home,Anselmians,Chester,First Half,Left to Right,00:07:23,Tackle,73.37,32.37,NA,NA,NA,NA,NA,NA,NA,NA,NA,Successful,Neutral,NA,NA,NA,NA,NA,NA,NA,NA,NA,NA,NA,NA,NA,NA,NA,NA,NA,NA,NA,NA,NA,NA,NA,NA,NA,NA,NA,NA,NA,NA,NA,,
1,Home,Anselmians,Chester,First Half,Left to Right,00:07:23,Tackle,73.87,31.36,NA,NA,NA,NA,NA,NA,NA,NA,NA,Assist,Neutral,NA,NA,NA,NA,NA,NA,NA,NA,NA,NA,NA,NA,NA,NA,NA,NA,NA,NA,NA,NA,NA,NA,NA,NA,NA,NA,NA,NA,NA,NA,NA,,
Team,Home,Anselmians,Chester,First Half,Left to Right,00:07:25,Ruck,72.49,33.95,NA,NA,NA,NA,NA,NA,NA,NA,NA,NA,NA,NA,NA,NA,NA,NA,NA,NA,NA,NA,NA,NA,NA,NA,NA,NA,NA,NA,NA,NA,NA,NA,NA,NA,NA,NA,NA,NA,NA,NA,NA,NA,,
13,Home,Anselmians,Chester,First Half,Left to Right,00:07:29,Tackle,74.37,53.28,NA,NA,NA,NA,NA,NA,NA,NA,NA,Successful,Neutral,NA,NA,NA,NA,NA,NA,NA,NA,NA,NA,NA,NA,NA,NA,NA,NA,NA,NA,NA,NA,NA,NA,NA,NA,NA,NA,NA,NA,NA,NA,NA,,
5,Home,Anselmians,Chester,First Half,Left to Right,00:07:29,Tackle,74.49,51.93,NA,NA,NA,NA,NA,NA,NA,NA,NA,Assist,Dominant,NA,NA,NA,NA,NA,NA,NA,NA,NA,NA,NA,NA,NA,NA,NA,NA,NA,NA,NA,NA,NA,NA,NA,NA,NA,NA,NA,NA,NA,NA,NA,,
Team,Home,Anselmians,Chester,First Half,Left to Right,00:07:31,Ruck,75,52.05,NA,NA,NA,NA,NA,NA,NA,NA,NA,NA,NA,NA,NA,NA,NA,NA,NA,NA,NA,NA,NA,NA,NA,NA,NA,NA,NA,NA,NA,NA,NA,NA,NA,NA,NA,NA,NA,NA,NA,NA,NA,NA,,
10,Home,Anselmians,Chester,First Half,Left to Right,00:07:34,Tackle,66.6,67.9,NA,NA,NA,NA,NA,NA,NA,NA,NA,Successful,Passive,NA,NA,NA,NA,NA,NA,NA,NA,NA,NA,NA,NA,NA,NA,NA,NA,NA,NA,NA,NA,NA,NA,NA,NA,NA,NA,NA,NA,NA,NA,NA,,
11,Home,Anselmians,Chester,First Half,Left to Right,00:07:35,Tackle,64.84,68.46,NA,NA,NA,NA,NA,NA,NA,NA,NA,Missed,Passive,NA,NA,NA,NA,NA,NA,NA,NA,NA,NA,NA,NA,NA,NA,NA,NA,NA,NA,NA,NA,NA,NA,NA,NA,NA,NA,NA,NA,NA,NA,NA,,
11,Home,Anselmians,Chester,First Half,Left to Right,00:07:36,Tackle,62.08,68.24,NA,NA,NA,NA,NA,NA,NA,NA,NA,Assist,Neutral,NA,NA,NA,NA,NA,NA,NA,NA,NA,NA,NA,NA,NA,NA,NA,NA,NA,NA,NA,NA,NA,NA,NA,NA,NA,NA,NA,NA,NA,NA,NA,,
Team,Home,Anselmians,Chester,First Half,Left to Right,00:07:38,Ruck,60.01,68.46,NA,NA,NA,NA,NA,NA,NA,NA,NA,NA,NA,NA,NA,NA,NA,NA,NA,NA,NA,NA,NA,NA,NA,NA,NA,NA,NA,NA,NA,NA,NA,NA,NA,NA,NA,NA,NA,NA,NA,NA,NA,NA,,
Team,Home,Anselmians,Chester,First Half,Left to Right,00:08:29,Possession,59.45,48.9,NA,NA,NA,NA,NA,NA,NA,NA,NA,NA,NA,NA,NA,Start,NA,NA,NA,NA,NA,NA,NA,NA,NA,NA,NA,NA,NA,NA,NA,NA,NA,NA,NA,NA,NA,NA,NA,NA,NA,NA,NA,NA,,
Team,Home,Anselmians,Chester,First Half,Left to Right,00:08:34,Scrum,58.32,48.56,NA,NA,NA,NA,NA,NA,NA,NA,NA,NA,NA,NA,NA,NA,NA,NA,NA,NA,NA,NA,NA,NA,NA,NA,NA,NA,NA,NA,NA,NA,Won,Neutral,Nine Pass,NA,NA,NA,NA,NA,NA,NA,NA,NA,,
13,Home,Anselmians,Chester,First Half,Left to Right,00:08:43,Carry,54.81,30.23,61.96,34.96,1,0,0,Other,NA,Scrum,,NA,NA,NA,NA,NA,NA,NA,NA,NA,NA,NA,NA,NA,NA,NA,NA,NA,NA,NA,NA,NA,NA,NA,NA,NA,NA,NA,NA,NA,NA,NA,NA,NA,,
13,Home,Anselmians,Chester,First Half,Left to Right,00:08:42,Ruck,62.84,33.95,NA,NA,NA,NA,NA,NA,NA,NA,NA,NA,NA,NA,NA,NA,NA,NA,NA,NA,NA,NA,NA,NA,NA,NA,NA,NA,NA,NA,NA,NA,NA,NA,NA,NA,NA,NA,NA,NA,NA,NA,NA,NA,,
9,Home,Anselmians,Chester,First Half,Left to Right,00:08:45,Pass,62.08,34.73,62.08,34.73,NA,NA,NA,NA,NA,NA,NA,NA,NA,NA,NA,NA,NA,NA,Gainline Not Made,NA,NA,NA,NA,NA,NA,NA,NA,NA,NA,NA,NA,NA,NA,NA,NA,NA,NA,NA,NA,NA,NA,NA,NA,NA,,
8,Home,Anselmians,Chester,First Half,Left to Right,00:08:48,Carry,58.95,19.22,61.71,16.07,0,0,0,One Out,On Target,Multi-Phase,,NA,NA,NA,NA,NA,NA,NA,NA,NA,NA,NA,NA,NA,NA,NA,NA,NA,NA,NA,NA,NA,NA,NA,NA,NA,NA,NA,NA,NA,NA,NA,NA,NA,,
Team,Home,Anselmians,Chester,First Half,Left to Right,00:08:48,Ruck,61.58,16.63,NA,NA,NA,NA,NA,NA,NA,NA,NA,NA,NA,NA,NA,NA,NA,NA,NA,NA,NA,NA,NA,NA,NA,NA,NA,NA,NA,NA,NA,NA,NA,NA,NA,NA,NA,NA,NA,NA,NA,NA,NA,NA,,
9,Home,Anselmians,Chester,First Half,Left to Right,00:08:50,Pass,61.71,16.52,61.71,16.52,NA,NA,NA,NA,NA,NA,NA,NA,NA,NA,NA,NA,NA,NA,Gainline Not Made,NA,NA,NA,NA,NA,NA,NA,NA,NA,NA,NA,NA,NA,NA,NA,NA,NA,NA,NA,NA,NA,NA,NA,NA,NA,,
5,Home,Anselmians,Chester,First Half,Left to Right,00:08:53,Carry,59.95,11.35,63.71,7.19,1,0,0,One Out,On Target,Multi-Phase,,NA,NA,NA,NA,NA,NA,NA,NA,NA,NA,NA,NA,NA,NA,NA,NA,NA,NA,NA,NA,NA,NA,NA,NA,NA,NA,NA,NA,NA,NA,NA,NA,NA,,
Team,Home,Anselmians,Chester,First Half,Left to Right,00:08:53,Ruck,62.84,6.96,NA,NA,NA,NA,NA,NA,NA,NA,NA,NA,NA,NA,NA,NA,NA,NA,NA,NA,NA,NA,NA,NA,NA,NA,NA,NA,NA,NA,NA,NA,NA,NA,NA,NA,NA,NA,NA,NA,NA,NA,NA,NA,,
9,Home,Anselmians,Chester,First Half,Left to Right,00:08:55,Pass,62.96,7.07,62.96,7.07,NA,NA,NA,NA,NA,NA,NA,NA,NA,NA,NA,NA,NA,NA,Gainline Made,NA,NA,NA,NA,NA,NA,NA,NA,NA,NA,NA,NA,NA,NA,NA,NA,NA,NA,NA,NA,NA,NA,NA,NA,NA,,
8,Home,Anselmians,Chester,First Half,Left to Right,00:08:58,Carry,60.7,15.06,63.21,18.32,1,0,1,One Out,On Target,Multi-Phase,,NA,NA,NA,NA,NA,NA,NA,NA,NA,NA,NA,NA,NA,NA,NA,NA,NA,NA,NA,NA,NA,NA,NA,NA,NA,NA,NA,NA,NA,NA,NA,NA,NA,,
Team,Home,Anselmians,Chester,First Half,Left to Right,00:08:58,Ruck,63.21,18.09,NA,NA,NA,NA,NA,NA,NA,NA,NA,NA,NA,NA,NA,NA,NA,NA,NA,NA,NA,NA,NA,NA,NA,NA,NA,NA,NA,NA,NA,NA,NA,NA,NA,NA,NA,NA,NA,NA,NA,NA,NA,NA,,
9,Home,Anselmians,Chester,First Half,Left to Right,00:09:00,Pass,63.46,18.54,63.46,18.54,NA,NA,NA,NA,NA,NA,NA,NA,NA,NA,NA,NA,NA,NA,Gainline Not Made,NA,NA,NA,NA,NA,NA,NA,NA,NA,NA,NA,NA,NA,NA,NA,NA,NA,NA,NA,NA,NA,NA,NA,NA,NA,,
10,Home,Anselmians,Chester,First Half,Left to Right,00:09:03,Carry,60.08,31.7,62.46,35.63,0,0,1,One Out,On Target,Multi-Phase,,NA,NA,NA,NA,NA,NA,NA,NA,NA,NA,NA,NA,NA,NA,NA,NA,NA,NA,NA,NA,NA,NA,NA,NA,NA,NA,NA,NA,NA,NA,NA,NA,NA,,
Team,Home,Anselmians,Chester,First Half,Left to Right,00:09:06,Ruck,62.58,36.19,NA,NA,NA,NA,NA,NA,NA,NA,NA,NA,NA,NA,NA,NA,NA,NA,NA,NA,NA,NA,NA,NA,NA,NA,NA,NA,NA,NA,NA,NA,NA,NA,NA,NA,NA,NA,NA,NA,NA,NA,NA,NA,,
9,Home,Anselmians,Chester,First Half,Left to Right,00:09:08,Pass,62.96,36.64,62.96,36.64,NA,NA,NA,NA,NA,NA,NA,NA,NA,NA,NA,NA,NA,NA,Gainline Not Made,NA,NA,NA,NA,NA,NA,NA,NA,NA,NA,NA,NA,NA,NA,NA,NA,NA,NA,NA,NA,NA,NA,NA,NA,NA,,
15,Home,Anselmians,Chester,First Half,Left to Right,00:09:13,Kick,58.2,49.12,83.27,70.15,NA,NA,NA,NA,NA,NA,NA,NA,NA,Open Play,In Touch,NA,NA,NA,NA,NA,NA,NA,NA,NA,NA,NA,NA,NA,NA,NA,NA,NA,NA,NA,NA,NA,NA,NA,NA,NA,NA,NA,NA,NA,,
Team,Home,Anselmians,Chester,First Half,Left to Right,00:09:13,Possession,83.65,70.03,NA,NA,NA,NA,NA,NA,NA,NA,NA,NA,NA,NA,NA,End,NA,NA,NA,NA,NA,NA,NA,NA,NA,NA,NA,NA,NA,NA,NA,NA,NA,NA,NA,NA,NA,NA,NA,NA,NA,NA,NA,NA,,
Team,Home,Anselmians,Chester,First Half,Left to Right,00:09:43,Ruck,83.65,59.24,NA,NA,NA,NA,NA,NA,NA,NA,NA,NA,NA,NA,NA,NA,NA,NA,NA,NA,NA,NA,NA,NA,NA,NA,NA,NA,NA,NA,NA,NA,NA,NA,NA,NA,NA,NA,NA,NA,NA,NA,NA,NA,,
Team,Home,Anselmians,Chester,First Half,Left to Right,00:09:59,Possession,54.69,64.19,NA,NA,NA,NA,NA,NA,NA,NA,NA,NA,NA,NA,NA,Start,NA,NA,NA,NA,NA,NA,NA,NA,NA,NA,NA,NA,NA,NA,NA,NA,NA,NA,NA,NA,NA,NA,NA,NA,NA,NA,NA,NA,,
9,Home,Anselmians,Chester,First Half,Left to Right,00:09:59,Kick Received,54.44,63.85,NA,NA,NA,NA,NA,NA,NA,NA,NA,NA,NA,NA,NA,NA,NA,NA,NA,Successful,Opposition,Box,No,NA,NA,NA,NA,NA,NA,NA,NA,NA,NA,NA,NA,NA,NA,NA,NA,NA,NA,NA,NA,NA,,
9,Home,Anselmians,Chester,First Half,Left to Right,00:10:04,Carry,54.94,64.3,64.72,68.12,0,0,0,Kick Return,NA,Multi-Phase,,NA,NA,NA,NA,NA,NA,NA,NA,NA,NA,NA,NA,NA,NA,NA,NA,NA,NA,NA,NA,NA,NA,NA,NA,NA,NA,NA,NA,NA,NA,NA,NA,NA,,
9,Home,Anselmians,Chester,First Half,Left to Right,00:10:01,Defender Beaten,61.33,67.67,NA,NA,NA,NA,NA,NA,NA,NA,NA,NA,NA,NA,NA,NA,NA,NA,NA,NA,NA,NA,NA,NA,NA,NA,NA,NA,NA,NA,NA,NA,NA,NA,NA,NA,NA,NA,NA,Step,NA,NA,NA,NA,,
Team,Home,Anselmians,Chester,First Half,Left to Right,00:10:04,Ruck,63.71,68.01,NA,NA,NA,NA,NA,NA,NA,NA,NA,NA,NA,NA,NA,NA,NA,NA,NA,NA,NA,NA,NA,NA,NA,NA,NA,NA,NA,NA,NA,NA,NA,NA,NA,NA,NA,NA,NA,NA,NA,NA,NA,NA,Lost,
Team,Home,Anselmians,Chester,First Half,Left to Right,00:10:08,Possession,63.71,68.35,NA,NA,NA,NA,NA,NA,NA,NA,NA,NA,NA,NA,NA,End,NA,NA,NA,NA,NA,NA,NA,NA,NA,NA,NA,NA,NA,NA,NA,NA,NA,NA,NA,NA,NA,NA,NA,NA,NA,NA,NA,NA,,
2,Home,Anselmians,Chester,First Half,Left to Right,00:10:14,Tackle,64.59,52.16,NA,NA,NA,NA,NA,NA,NA,NA,NA,Successful,Neutral,NA,NA,NA,NA,NA,NA,NA,NA,NA,NA,NA,NA,NA,NA,NA,NA,NA,NA,NA,NA,NA,NA,NA,NA,NA,NA,NA,NA,NA,NA,NA,,
5,Home,Anselmians,Chester,First Half,Left to Right,00:10:17,Tackle,63.71,51.15,NA,NA,NA,NA,NA,NA,NA,NA,NA,Successful,Neutral,NA,NA,NA,NA,NA,NA,NA,NA,NA,NA,NA,NA,NA,NA,NA,NA,NA,NA,NA,NA,NA,NA,NA,NA,NA,NA,NA,NA,NA,NA,NA,,
7,Home,Anselmians,Chester,First Half,Left to Right,00:10:20,Tackle,64.09,23.15,NA,NA,NA,NA,NA,NA,NA,NA,NA,Missed,Passive,NA,NA,NA,NA,NA,NA,NA,NA,NA,NA,NA,NA,NA,NA,NA,NA,NA,NA,NA,NA,NA,NA,NA,NA,NA,NA,NA,NA,NA,NA,NA,,
12,Home,Anselmians,Chester,First Half,Left to Right,00:10:20,Tackle,62.96,21.02,NA,NA,NA,NA,NA,NA,NA,NA,NA,Missed,Passive,NA,NA,NA,NA,NA,NA,NA,NA,NA,NA,NA,NA,NA,NA,NA,NA,NA,NA,NA,NA,NA,NA,NA,NA,NA,NA,NA,NA,NA,NA,NA,,
15,Home,Anselmians,Chester,First Half,Left to Right,00:10:24,Tackle,42.9,15.06,NA,NA,NA,NA,NA,NA,NA,NA,NA,Missed,Passive,NA,NA,NA,NA,NA,NA,NA,NA,NA,NA,NA,NA,NA,NA,NA,NA,NA,NA,NA,NA,NA,NA,NA,NA,NA,NA,NA,NA,NA,NA,NA,,
Team,Home,Anselmians,Chester,First Half,Left to Right,00:11:19,Possession,34.25,7.97,NA,NA,NA,NA,NA,NA,NA,NA,NA,NA,NA,NA,NA,Start,NA,NA,NA,NA,NA,NA,NA,NA,NA,NA,NA,NA,NA,NA,NA,NA,NA,NA,NA,NA,NA,NA,NA,NA,NA,NA,NA,NA,,
Team,Home,Anselmians,Chester,First Half,Left to Right,00:11:19,Scrum,36.26,8.2,NA,NA,NA,NA,NA,NA,NA,NA,NA,NA,NA,NA,NA,NA,NA,NA,NA,NA,NA,NA,NA,NA,NA,NA,NA,NA,NA,NA,NA,NA,Won,Neutral,Nine Pass,NA,NA,NA,NA,NA,NA,NA,NA,NA,,
10,Home,Anselmians,Chester,First Half,Left to Right,00:11:32,Kick,29.49,23.15,77.25,36.64,NA,NA,NA,NA,NA,NA,NA,NA,NA,Open Play,Opposition Collection Bounce,NA,NA,NA,NA,NA,NA,NA,NA,NA,NA,NA,NA,NA,NA,NA,NA,NA,NA,NA,NA,NA,NA,NA,NA,NA,NA,NA,NA,NA,,
Team,Home,Anselmians,Chester,First Half,Left to Right,00:11:32,Possession,77.25,37.66,NA,NA,NA,NA,NA,NA,NA,NA,NA,NA,NA,NA,NA,End,NA,NA,NA,NA,NA,NA,NA,NA,NA,NA,NA,NA,NA,NA,NA,NA,NA,NA,NA,NA,NA,NA,NA,NA,NA,NA,NA,NA,,
Team,Home,Anselmians,Chester,First Half,Left to Right,00:11:43,Possession,35.88,67,NA,NA,NA,NA,NA,NA,NA,NA,NA,NA,NA,NA,NA,Start,NA,NA,NA,NA,NA,NA,NA,NA,NA,NA,NA,NA,NA,NA,NA,NA,NA,NA,NA,NA,NA,NA,NA,NA,NA,NA,NA,NA,,
15,Home,Anselmians,Chester,First Half,Left to Right,00:11:43,Kick Received,37.26,68.12,NA,NA,NA,NA,NA,NA,NA,NA,NA,NA,NA,NA,NA,NA,NA,NA,NA,Successful,Opposition,Bouncing Ball,No,NA,NA,NA,NA,NA,NA,NA,NA,NA,NA,NA,NA,NA,NA,NA,NA,NA,NA,NA,NA,NA,,
15,Home,Anselmians,Chester,First Half,Left to Right,00:11:44,Carry,37.13,67.9,38.01,70.03,0,0,0,Kick Return,NA,Multi-Phase,,NA,NA,NA,NA,NA,NA,NA,NA,NA,NA,NA,NA,NA,NA,NA,NA,NA,NA,NA,NA,NA,NA,NA,NA,NA,NA,NA,NA,NA,NA,NA,NA,NA,,
Team,Home,Anselmians,Chester,First Half,Left to Right,00:11:45,Possession,39.27,70.03,NA,NA,NA,NA,NA,NA,NA,NA,NA,NA,NA,NA,NA,End,NA,NA,NA,NA,NA,NA,NA,NA,NA,NA,NA,NA,NA,NA,NA,NA,NA,NA,NA,NA,NA,NA,NA,NA,NA,NA,NA,NA,,
17,Home,Anselmians,Chester,First Half,Left to Right,00:12:14,Tackle,37.13,46.2,NA,NA,NA,NA,NA,NA,NA,NA,NA,Successful,Neutral,NA,NA,NA,NA,NA,NA,NA,NA,NA,NA,NA,NA,NA,NA,NA,NA,NA,NA,NA,NA,NA,NA,NA,NA,NA,NA,NA,NA,NA,NA,NA,,
10,Home,Anselmians,Chester,First Half,Left to Right,00:12:14,Tackle,37.39,47.44,NA,NA,NA,NA,NA,NA,NA,NA,NA,Assist,Neutral,NA,NA,NA,NA,NA,NA,NA,NA,NA,NA,NA,NA,NA,NA,NA,NA,NA,NA,NA,NA,NA,NA,NA,NA,NA,NA,NA,NA,NA,NA,NA,,
10,Home,Anselmians,Chester,First Half,Left to Right,00:12:17,Ruck,35.5,47.32,NA,NA,NA,NA,NA,NA,NA,NA,NA,NA,NA,NA,NA,NA,NA,NA,NA,NA,NA,NA,NA,NA,NA,NA,NA,NA,NA,NA,NA,NA,NA,NA,NA,NA,NA,NA,NA,NA,NA,NA,NA,NA,,
13,Home,Anselmians,Chester,First Half,Left to Right,00:12:23,Tackle,29.74,6.4,NA,NA,NA,NA,NA,NA,NA,NA,NA,Successful,Passive,NA,NA,NA,NA,NA,NA,NA,NA,NA,NA,NA,NA,NA,NA,NA,NA,NA,NA,NA,NA,NA,NA,NA,NA,NA,NA,NA,NA,NA,NA,NA,,
13,Home,Anselmians,Chester,First Half,Left to Right,00:12:27,Ruck,21.21,8.76,NA,NA,NA,NA,NA,NA,NA,NA,NA,NA,NA,NA,NA,NA,NA,NA,NA,NA,NA,NA,NA,NA,NA,NA,NA,NA,NA,NA,NA,NA,NA,NA,NA,NA,NA,NA,NA,NA,NA,NA,NA,NA,,
17,Home,Anselmians,Chester,First Half,Left to Right,00:12:31,Tackle,21.71,19.22,NA,NA,NA,NA,NA,NA,NA,NA,NA,Successful,Neutral,NA,NA,NA,NA,NA,NA,NA,NA,NA,NA,NA,NA,NA,NA,NA,NA,NA,NA,NA,NA,NA,NA,NA,NA,NA,NA,NA,NA,NA,NA,NA,,
17,Home,Anselmians,Chester,First Half,Left to Right,00:12:33,Ruck,21.34,18.21,NA,NA,NA,NA,NA,NA,NA,NA,NA,NA,NA,NA,NA,NA,NA,NA,NA,NA,NA,NA,NA,NA,NA,NA,NA,NA,NA,NA,NA,NA,NA,NA,NA,NA,NA,NA,NA,NA,NA,NA,NA,NA,,
5,Home,Anselmians,Chester,First Half,Left to Right,00:12:38,Tackle,21.59,33.61,NA,NA,NA,NA,NA,NA,NA,NA,NA,Successful,Passive,NA,NA,NA,NA,NA,NA,NA,NA,NA,NA,NA,NA,NA,NA,NA,NA,NA,NA,NA,NA,NA,NA,NA,NA,NA,NA,NA,NA,NA,NA,NA,,
4,Home,Anselmians,Chester,First Half,Left to Right,00:12:38,Tackle,21.46,33.16,NA,NA,NA,NA,NA,NA,NA,NA,NA,Assist,Passive,NA,NA,NA,NA,NA,NA,NA,NA,NA,NA,NA,NA,NA,NA,NA,NA,NA,NA,NA,NA,NA,NA,NA,NA,NA,NA,NA,NA,NA,NA,NA,,
11,Home,Anselmians,Chester,First Half,Left to Right,00:12:48,Tackle,19.96,66.89,NA,NA,NA,NA,NA,NA,NA,NA,NA,Successful,Neutral,NA,NA,NA,NA,NA,NA,NA,NA,NA,NA,NA,NA,NA,NA,NA,NA,NA,NA,NA,NA,NA,NA,NA,NA,NA,NA,NA,NA,NA,NA,NA,,
11,Home,Anselmians,Chester,First Half,Left to Right,00:12:51,Ruck,20.46,67.34,NA,NA,NA,NA,NA,NA,NA,NA,NA,NA,NA,NA,NA,NA,NA,NA,NA,NA,NA,NA,NA,NA,NA,NA,NA,NA,NA,NA,NA,NA,NA,NA,NA,NA,NA,NA,NA,NA,NA,NA,NA,NA,,
Team,Home,Anselmians,Chester,First Half,Left to Right,00:12:57,Possession,21.71,51.6,NA,NA,NA,NA,NA,NA,NA,NA,NA,NA,NA,NA,NA,Start,NA,NA,NA,NA,NA,NA,NA,NA,NA,NA,NA,NA,NA,NA,NA,NA,NA,NA,NA,NA,NA,NA,NA,NA,NA,NA,NA,NA,,
14,Home,Anselmians,Chester,First Half,Left to Right,00:13:02,Carry,18.71,11.91,21.71,13.6,1,0,0,Other,On Target,Multi-Phase,,NA,NA,NA,NA,NA,NA,NA,NA,NA,NA,NA,NA,NA,NA,NA,NA,NA,NA,NA,NA,NA,NA,NA,NA,NA,NA,NA,NA,NA,NA,NA,NA,NA,,
14,Home,Anselmians,Chester,First Half,Left to Right,00:13:02,Defender Beaten,19.83,12.25,NA,NA,NA,NA,NA,NA,NA,NA,NA,NA,NA,NA,NA,NA,NA,NA,NA,NA,NA,NA,NA,NA,NA,NA,NA,NA,NA,NA,NA,NA,NA,NA,NA,NA,NA,NA,NA,Step,NA,NA,NA,NA,,
15,Home,Anselmians,Chester,First Half,Left to Right,00:13:09,Carry,22.97,5.84,61.96,3.59,1,1,0,Other,On Target,Multi-Phase,,NA,NA,NA,NA,NA,NA,NA,NA,NA,NA,NA,NA,NA,NA,NA,NA,NA,NA,NA,NA,NA,NA,NA,NA,NA,NA,NA,NA,NA,NA,NA,NA,NA,,
15,Home,Anselmians,Chester,First Half,Left to Right,00:13:06,Defender Beaten,46.04,1.12,NA,NA,NA,NA,NA,NA,NA,NA,NA,NA,NA,NA,NA,NA,NA,NA,NA,NA,NA,NA,NA,NA,NA,NA,NA,NA,NA,NA,NA,NA,NA,NA,NA,NA,NA,NA,NA,Ran Round,NA,NA,NA,NA,,
15,Home,Anselmians,Chester,First Half,Left to Right,00:13:09,Try Assist,63.84,4.6,NA,NA,NA,NA,NA,NA,NA,NA,NA,NA,NA,NA,NA,NA,NA,NA,NA,NA,NA,NA,NA,NA,Pass,NA,NA,NA,NA,NA,NA,NA,NA,NA,NA,NA,NA,NA,NA,NA,NA,NA,NA,NA,,
14,Home,Anselmians,Chester,First Half,Left to Right,00:13:14,Carry,63.71,10.45,100.2,18.43,0,0,1,Support,On Target,Multi-Phase,,NA,NA,NA,NA,NA,NA,NA,NA,NA,NA,NA,NA,NA,NA,NA,NA,NA,NA,NA,NA,NA,NA,NA,NA,NA,NA,NA,NA,NA,NA,NA,NA,NA,,
14,Home,Anselmians,Chester,First Half,Left to Right,00:13:14,Try,100.07,18.32,NA,NA,NA,NA,NA,NA,NA,NA,NA,NA,NA,NA,NA,NA,NA,NA,NA,NA,NA,NA,NA,Scored,NA,NA,NA,NA,NA,NA,NA,NA,NA,NA,NA,NA,NA,NA,NA,NA,NA,NA,NA,NA,,
14,Home,Anselmians,Chester,First Half,Left to Right,00:13:14,Possession,99.94,19.44,NA,NA,NA,NA,NA,NA,NA,NA,NA,NA,NA,NA,NA,End,NA,NA,NA,NA,NA,NA,NA,NA,NA,NA,NA,NA,NA,NA,NA,NA,NA,NA,NA,NA,NA,NA,NA,NA,NA,NA,NA,NA,,
10,Home,Anselmians,Chester,First Half,Left to Right,00:14:22,Kick,76.75,16.63,100.2,37.21,NA,NA,NA,NA,NA,NA,NA,NA,NA,Conversion,Successful,NA,NA,NA,NA,NA,NA,NA,NA,NA,NA,NA,NA,NA,NA,NA,NA,NA,NA,NA,NA,NA,NA,NA,NA,NA,NA,NA,NA,NA,,
Team,Home,Anselmians,Chester,First Half,Left to Right,00:14:53,Possession,22.84,16.18,NA,NA,NA,NA,NA,NA,NA,NA,NA,NA,NA,NA,NA,Start,NA,NA,NA,NA,NA,NA,NA,NA,NA,NA,NA,NA,NA,NA,NA,NA,NA,NA,NA,NA,NA,NA,NA,NA,NA,NA,NA,NA,,
17,Home,Anselmians,Chester,First Half,Left to Right,00:14:53,Kick Received,22.84,15.84,NA,NA,NA,NA,NA,NA,NA,NA,NA,NA,NA,NA,NA,NA,NA,NA,NA,Successful,Opposition,Kick Off,No,NA,NA,NA,NA,NA,NA,NA,NA,NA,NA,NA,NA,NA,NA,NA,NA,NA,NA,NA,NA,NA,,
17,Home,Anselmians,Chester,First Half,Left to Right,00:14:57,Carry,23.22,16.18,28.99,24.39,0,0,0,Kick Return,NA,Multi-Phase,,NA,NA,NA,NA,NA,NA,NA,NA,NA,NA,NA,NA,NA,NA,NA,NA,NA,NA,NA,NA,NA,NA,NA,NA,NA,NA,NA,NA,NA,NA,NA,NA,NA,,
17,Home,Anselmians,Chester,First Half,Left to Right,00:14:55,Defender Beaten,26.73,22.93,NA,NA,NA,NA,NA,NA,NA,NA,NA,NA,NA,NA,NA,NA,NA,NA,NA,NA,NA,NA,NA,NA,NA,NA,NA,NA,NA,NA,NA,NA,NA,NA,NA,NA,NA,NA,NA,Ran Over,NA,NA,NA,NA,,
Team,Home,Anselmians,Chester,First Half,Left to Right,00:14:57,Ruck,33,24.61,NA,NA,NA,NA,NA,NA,NA,NA,NA,NA,NA,NA,NA,NA,NA,NA,NA,NA,NA,NA,NA,NA,NA,NA,NA,NA,NA,NA,NA,NA,NA,NA,NA,NA,NA,NA,NA,NA,NA,NA,NA,NA,,
9,Home,Anselmians,Chester,First Half,Left to Right,00:15:02,Pass,34.13,24.05,34.13,24.05,NA,NA,NA,NA,NA,NA,NA,NA,NA,NA,NA,NA,NA,NA,Gainline Made,NA,NA,NA,NA,NA,NA,NA,NA,NA,NA,NA,NA,NA,NA,NA,NA,NA,NA,NA,NA,NA,NA,NA,NA,NA,,
1,Home,Anselmians,Chester,First Half,Left to Right,00:15:05,Carry,26.73,18.21,32.62,16.52,1,0,0,One Out,On Target,Multi-Phase,,NA,NA,NA,NA,NA,NA,NA,NA,NA,NA,NA,NA,NA,NA,NA,NA,NA,NA,NA,NA,NA,NA,NA,NA,NA,NA,NA,NA,NA,NA,NA,NA,NA,,
Team,Home,Anselmians,Chester,First Half,Left to Right,00:15:05,Ruck,33.5,16.63,NA,NA,NA,NA,NA,NA,NA,NA,NA,NA,NA,NA,NA,NA,NA,NA,NA,NA,NA,NA,NA,NA,NA,NA,NA,NA,NA,NA,NA,NA,NA,NA,NA,NA,NA,NA,NA,NA,NA,NA,NA,NA,,
9,Home,Anselmians,Chester,First Half,Left to Right,00:15:19,Kick,34.13,16.29,52.05,19.22,NA,NA,NA,NA,NA,NA,NA,NA,NA,Box,Opposition Collection Full,NA,NA,NA,NA,NA,NA,NA,NA,NA,NA,NA,NA,NA,NA,NA,NA,NA,NA,NA,NA,NA,NA,NA,NA,NA,NA,NA,NA,NA,,
9,Home,Anselmians,Chester,First Half,Left to Right,00:15:19,Possession,34.25,16.29,NA,NA,NA,NA,NA,NA,NA,NA,NA,NA,NA,NA,NA,End,NA,NA,NA,NA,NA,NA,NA,NA,NA,NA,NA,NA,NA,NA,NA,NA,NA,NA,NA,NA,NA,NA,NA,NA,NA,NA,NA,NA,,
17,Home,Anselmians,Chester,First Half,Left to Right,00:15:20,Tackle,48.67,19.44,NA,NA,NA,NA,NA,NA,NA,NA,NA,Successful,Neutral,NA,NA,NA,NA,NA,NA,NA,NA,NA,NA,NA,NA,NA,NA,NA,NA,NA,NA,NA,NA,NA,NA,NA,NA,NA,NA,NA,NA,NA,NA,NA,,
Team,Home,Anselmians,Chester,First Half,Left to Right,00:16:05,Possession,45.91,20.45,NA,NA,NA,NA,NA,NA,NA,NA,NA,NA,NA,NA,NA,Start,NA,NA,NA,NA,NA,NA,NA,NA,NA,NA,NA,NA,NA,NA,NA,NA,NA,NA,NA,NA,NA,NA,NA,NA,NA,NA,NA,NA,,
Team,Home,Anselmians,Chester,First Half,Left to Right,00:16:06,Scrum,45.66,20.9,NA,NA,NA,NA,NA,NA,NA,NA,NA,NA,NA,NA,NA,NA,NA,NA,NA,NA,NA,NA,NA,NA,NA,NA,NA,NA,NA,NA,NA,NA,Won,Neutral,Nine Pass,NA,NA,NA,NA,NA,NA,NA,NA,NA,,
10,Home,Anselmians,Chester,First Half,Left to Right,00:16:18,Kick,43.28,35.97,77.38,49.8,NA,NA,NA,NA,NA,NA,NA,NA,NA,Open Play,Opposition Collection Bounce,NA,NA,NA,NA,NA,NA,NA,NA,NA,NA,NA,NA,NA,NA,NA,NA,NA,NA,NA,NA,NA,NA,NA,NA,NA,NA,NA,NA,NA,,
Team,Home,Anselmians,Chester,First Half,Left to Right,00:16:19,Possession,42.53,38.78,NA,NA,NA,NA,NA,NA,NA,NA,NA,NA,NA,NA,NA,End,NA,NA,NA,NA,NA,NA,NA,NA,NA,NA,NA,NA,NA,NA,NA,NA,NA,NA,NA,NA,NA,NA,NA,NA,NA,NA,NA,NA,,
12,Home,Anselmians,Chester,First Half,Left to Right,00:16:24,Tackle,88.79,57.22,NA,NA,NA,NA,NA,NA,NA,NA,NA,Successful,Neutral,NA,NA,NA,NA,NA,NA,NA,NA,NA,NA,NA,NA,NA,NA,NA,NA,NA,NA,NA,NA,NA,NA,NA,NA,NA,NA,NA,NA,NA,NA,NA,,
Team,Home,Anselmians,Chester,First Half,Left to Right,00:16:44,Possession,55.06,68.57,NA,NA,NA,NA,NA,NA,NA,NA,NA,NA,NA,NA,NA,Start,NA,NA,NA,NA,NA,NA,NA,NA,NA,NA,NA,NA,NA,NA,NA,NA,NA,NA,NA,NA,NA,NA,NA,NA,NA,NA,NA,NA,,
9,Home,Anselmians,Chester,First Half,Left to Right,00:16:44,Kick Received,55.69,68.69,NA,NA,NA,NA,NA,NA,NA,NA,NA,NA,NA,NA,NA,NA,NA,NA,NA,Successful,Opposition,Box,No,NA,NA,NA,NA,NA,NA,NA,NA,NA,NA,NA,NA,NA,NA,NA,NA,NA,NA,NA,NA,NA,,
15,Home,Anselmians,Chester,First Half,Left to Right,00:16:51,Kick,54.94,33.27,76.25,0.67,NA,NA,NA,NA,NA,NA,NA,NA,NA,Open Play,In Touch,NA,NA,NA,NA,NA,NA,NA,NA,NA,NA,NA,NA,NA,NA,NA,NA,NA,NA,NA,NA,NA,NA,NA,NA,NA,NA,NA,NA,NA,,
Team,Home,Anselmians,Chester,First Half,Left to Right,00:16:51,Possession,53.93,33.16,NA,NA,NA,NA,NA,NA,NA,NA,NA,NA,NA,NA,NA,End,NA,NA,NA,NA,NA,NA,NA,NA,NA,NA,NA,NA,NA,NA,NA,NA,NA,NA,NA,NA,NA,NA,NA,NA,NA,NA,NA,NA,,
2,Home,Anselmians,Chester,First Half,Left to Right,00:17:25,Tackle,79.26,26.86,NA,NA,NA,NA,NA,NA,NA,NA,NA,Successful,Neutral,NA,NA,NA,NA,NA,NA,NA,NA,NA,NA,NA,NA,NA,NA,NA,NA,NA,NA,NA,NA,NA,NA,NA,NA,NA,NA,NA,NA,NA,NA,NA,,
7,Home,Anselmians,Chester,First Half,Left to Right,00:17:26,Tackle,80.76,27.99,NA,NA,NA,NA,NA,NA,NA,NA,NA,Successful,Neutral,NA,NA,NA,NA,NA,NA,NA,NA,NA,NA,NA,NA,NA,NA,NA,NA,NA,NA,NA,NA,NA,NA,NA,NA,NA,NA,NA,NA,NA,NA,NA,,
Team,Home,Anselmians,Chester,First Half,Left to Right,00:18:08,Possession,68.23,69.92,NA,NA,NA,NA,NA,NA,NA,NA,NA,NA,NA,NA,NA,Start,NA,NA,NA,NA,NA,NA,NA,NA,NA,NA,NA,NA,NA,NA,NA,NA,NA,NA,NA,NA,NA,NA,NA,NA,NA,NA,NA,NA,,
Team,Home,Anselmians,Chester,First Half,Left to Right,00:18:09,Lineout,67.98,70.15,68.48,60.14,NA,NA,NA,NA,NA,NA,NA,NA,NA,NA,NA,NA,NA,NA,NA,NA,NA,NA,NA,NA,NA,3,8,5,Middle,Lost,Lost,None,NA,NA,NA,NA,NA,NA,NA,NA,NA,NA,NA,NA,,
Team,Home,Anselmians,Chester,First Half,Left to Right,00:18:11,Possession,68.35,49.57,NA,NA,NA,NA,NA,NA,NA,NA,NA,NA,NA,NA,NA,End,NA,NA,NA,NA,NA,NA,NA,NA,NA,NA,NA,NA,NA,NA,NA,NA,NA,NA,NA,NA,NA,NA,NA,NA,NA,NA,NA,NA,,
Team,Home,Anselmians,Chester,First Half,Left to Right,00:20:34,Possession,68.1,44.51,NA,NA,NA,NA,NA,NA,NA,NA,NA,NA,NA,NA,NA,Start,NA,NA,NA,NA,NA,NA,NA,NA,NA,NA,NA,NA,NA,NA,NA,NA,NA,NA,NA,NA,NA,NA,NA,NA,NA,NA,NA,NA,,
Team,Home,Anselmians,Chester,First Half,Left to Right,00:20:36,Scrum,68.23,44.18,NA,NA,NA,NA,NA,NA,NA,NA,NA,NA,NA,NA,NA,NA,NA,NA,NA,NA,NA,NA,NA,NA,NA,NA,NA,NA,NA,NA,NA,NA,Won,Neutral,Nine Pass,NA,NA,NA,NA,NA,NA,NA,NA,NA,,
12,Home,Anselmians,Chester,First Half,Left to Right,00:20:44,Carry,66.97,17.53,81.01,18.88,1,0,0,Other,On Target,Scrum,,NA,NA,NA,NA,NA,NA,NA,NA,NA,NA,NA,NA,NA,NA,NA,NA,NA,NA,NA,NA,NA,NA,NA,NA,NA,NA,NA,NA,NA,NA,NA,NA,NA,,
12,Home,Anselmians,Chester,First Half,Left to Right,00:20:43,Defender Beaten,74.12,17.87,NA,NA,NA,NA,NA,NA,NA,NA,NA,NA,NA,NA,NA,NA,NA,NA,NA,NA,NA,NA,NA,NA,NA,NA,NA,NA,NA,NA,NA,NA,NA,NA,NA,NA,NA,NA,NA,Ran Over,NA,NA,NA,NA,,
12,Home,Anselmians,Chester,First Half,Left to Right,00:20:44,Offload,80.26,18.88,NA,NA,NA,NA,NA,NA,NA,NA,NA,NA,NA,NA,NA,NA,NA,NA,NA,NA,NA,NA,NA,NA,NA,NA,NA,NA,NA,NA,NA,NA,NA,NA,NA,NA,NA,NA,NA,NA,Successful,NA,NA,NA,,
13,Home,Anselmians,Chester,First Half,Left to Right,00:20:45,Carry,80.39,19.44,82.14,19.44,0,0,1,Support Carry,On Target,Scrum,,NA,NA,NA,NA,NA,NA,NA,NA,NA,NA,NA,NA,NA,NA,NA,NA,NA,NA,NA,NA,NA,NA,NA,NA,NA,NA,NA,NA,NA,NA,NA,NA,NA,,
Team,Home,Anselmians,Chester,First Half,Left to Right,00:20:45,Ruck,81.77,18.77,NA,NA,NA,NA,NA,NA,NA,NA,NA,NA,NA,NA,NA,NA,NA,NA,NA,NA,NA,NA,NA,NA,NA,NA,NA,NA,NA,NA,NA,NA,NA,NA,NA,NA,NA,NA,NA,NA,NA,NA,NA,NA,,
13,Home,Anselmians,Chester,First Half,Left to Right,00:20:48,Pen Conceded,80.76,18.88,NA,NA,NA,NA,NA,NA,NA,NA,NA,NA,NA,NA,NA,NA,Holding On,NA,NA,NA,NA,NA,NA,NA,NA,NA,NA,NA,NA,NA,NA,NA,NA,NA,NA,NA,NA,NA,NA,NA,NA,NA,NA,NA,,
13,Home,Anselmians,Chester,First Half,Left to Right,00:20:48,Possession,81.77,18.65,NA,NA,NA,NA,NA,NA,NA,NA,NA,NA,NA,NA,NA,End,NA,NA,NA,NA,NA,NA,NA,NA,NA,NA,NA,NA,NA,NA,NA,NA,NA,NA,NA,NA,NA,NA,NA,NA,NA,NA,NA,NA,,
Team,Home,Anselmians,Chester,First Half,Left to Right,00:21:40,Possession,61.08,12.36,NA,NA,NA,NA,NA,NA,NA,NA,NA,NA,NA,NA,NA,Start,NA,NA,NA,NA,NA,NA,NA,NA,NA,NA,NA,NA,NA,NA,NA,NA,NA,NA,NA,NA,NA,NA,NA,NA,NA,NA,NA,NA,,
17,Home,Anselmians,Chester,First Half,Left to Right,00:21:45,Carry,47.54,33.38,52.05,34.73,0,0,0,Other,On Target,Lineout,,NA,NA,NA,NA,NA,NA,NA,NA,NA,NA,NA,NA,NA,NA,NA,NA,NA,NA,NA,NA,NA,NA,NA,NA,NA,NA,NA,NA,NA,NA,NA,NA,NA,,
Team,Home,Anselmians,Chester,First Half,Left to Right,00:21:46,Ruck,53.68,35.18,NA,NA,NA,NA,NA,NA,NA,NA,NA,NA,NA,NA,NA,NA,NA,NA,NA,NA,NA,NA,NA,NA,NA,NA,NA,NA,NA,NA,NA,NA,NA,NA,NA,NA,NA,NA,NA,NA,NA,NA,NA,NA,,
9,Home,Anselmians,Chester,First Half,Left to Right,00:21:48,Pass,53.18,34.84,53.18,34.84,NA,NA,NA,NA,NA,NA,NA,NA,NA,NA,NA,NA,NA,NA,Gainline Not Made,NA,NA,NA,NA,NA,NA,NA,NA,NA,NA,NA,NA,NA,NA,NA,NA,NA,NA,NA,NA,NA,NA,NA,NA,NA,,
7,Home,Anselmians,Chester,First Half,Left to Right,00:21:51,Carry,49.92,42.49,54.18,49.01,0,0,0,One Out,On Target,Multi-Phase,,NA,NA,NA,NA,NA,NA,NA,NA,NA,NA,NA,NA,NA,NA,NA,NA,NA,NA,NA,NA,NA,NA,NA,NA,NA,NA,NA,NA,NA,NA,NA,NA,NA,,
Team,Home,Anselmians,Chester,First Half,Left to Right,00:21:52,Ruck,54.44,50.58,NA,NA,NA,NA,NA,NA,NA,NA,NA,NA,NA,NA,NA,NA,NA,NA,NA,NA,NA,NA,NA,NA,NA,NA,NA,NA,NA,NA,NA,NA,NA,NA,NA,NA,NA,NA,NA,NA,NA,NA,NA,NA,,
9,Home,Anselmians,Chester,First Half,Left to Right,00:21:54,Pass,54.56,51.26,54.56,51.26,NA,NA,NA,NA,NA,NA,NA,NA,NA,NA,NA,NA,NA,NA,Gainline Made,NA,NA,NA,NA,NA,NA,NA,NA,NA,NA,NA,NA,NA,NA,NA,NA,NA,NA,NA,NA,NA,NA,NA,NA,NA,,
9,Home,Anselmians,Chester,First Half,Left to Right,00:22:02,Carry,53.81,61.15,61.96,60.25,1,0,0,Other,On Target,Multi-Phase,,NA,NA,NA,NA,NA,NA,NA,NA,NA,NA,NA,NA,NA,NA,NA,NA,NA,NA,NA,NA,NA,NA,NA,NA,NA,NA,NA,NA,NA,NA,NA,NA,NA,,
Team,Home,Anselmians,Chester,First Half,Left to Right,00:22:01,Ruck,62.46,60.37,NA,NA,NA,NA,NA,NA,NA,NA,NA,NA,NA,NA,NA,NA,NA,NA,NA,NA,NA,NA,NA,NA,NA,NA,NA,NA,NA,NA,NA,NA,NA,NA,NA,NA,NA,NA,NA,NA,NA,NA,NA,NA,,
9,Home,Anselmians,Chester,First Half,Left to Right,00:22:04,Pass,61.96,60.25,61.96,60.25,NA,NA,NA,NA,NA,NA,NA,NA,NA,NA,NA,NA,NA,NA,Gainline Not Made,NA,NA,NA,NA,NA,NA,NA,NA,NA,NA,NA,NA,NA,NA,NA,NA,NA,NA,NA,NA,NA,NA,NA,NA,NA,,
7,Home,Anselmians,Chester,First Half,Left to Right,00:22:07,Carry,57.44,46.2,61.96,42.49,0,0,0,One Out,On Target,Multi-Phase,,NA,NA,NA,NA,NA,NA,NA,NA,NA,NA,NA,NA,NA,NA,NA,NA,NA,NA,NA,NA,NA,NA,NA,NA,NA,NA,NA,NA,NA,NA,NA,NA,NA,,
Team,Home,Anselmians,Chester,First Half,Left to Right,00:22:08,Ruck,62.58,45.98,NA,NA,NA,NA,NA,NA,NA,NA,NA,NA,NA,NA,NA,NA,NA,NA,NA,NA,NA,NA,NA,NA,NA,NA,NA,NA,NA,NA,NA,NA,NA,NA,NA,NA,NA,NA,NA,NA,NA,NA,NA,NA,,
9,Home,Anselmians,Chester,First Half,Left to Right,00:22:09,Pass,61.83,45.3,61.83,45.3,NA,NA,NA,NA,NA,NA,NA,NA,NA,NA,NA,NA,NA,NA,Gainline Not Made,NA,NA,NA,NA,NA,NA,NA,NA,NA,NA,NA,NA,NA,NA,NA,NA,NA,NA,NA,NA,NA,NA,NA,NA,NA,,
10,Home,Anselmians,Chester,First Half,Left to Right,00:22:13,Carry,55.56,34.28,58.2,39.23,0,0,0,One Out,On Target,Multi-Phase,,NA,NA,NA,NA,NA,NA,NA,NA,NA,NA,NA,NA,NA,NA,NA,NA,NA,NA,NA,NA,NA,NA,NA,NA,NA,NA,NA,NA,NA,NA,NA,NA,NA,,
Team,Home,Anselmians,Chester,First Half,Left to Right,00:22:15,Ruck,55.94,37.43,NA,NA,NA,NA,NA,NA,NA,NA,NA,NA,NA,NA,NA,NA,NA,NA,NA,NA,NA,NA,NA,NA,NA,NA,NA,NA,NA,NA,NA,NA,NA,NA,NA,NA,NA,NA,NA,NA,NA,NA,NA,NA,,
9,Home,Anselmians,Chester,First Half,Left to Right,00:22:20,Pass,56.69,37.54,56.69,37.54,NA,NA,NA,NA,NA,NA,NA,NA,NA,NA,NA,NA,NA,NA,Gainline Not Made,NA,NA,NA,NA,NA,NA,NA,NA,NA,NA,NA,NA,NA,NA,NA,NA,NA,NA,NA,NA,NA,NA,NA,NA,NA,,
7,Home,Anselmians,Chester,First Half,Left to Right,00:22:23,Carry,52.81,33.61,54.69,30.46,0,0,0,One Out,On Target,Multi-Phase,,NA,NA,NA,NA,NA,NA,NA,NA,NA,NA,NA,NA,NA,NA,NA,NA,NA,NA,NA,NA,NA,NA,NA,NA,NA,NA,NA,NA,NA,NA,NA,NA,NA,,
Team,Home,Anselmians,Chester,First Half,Left to Right,00:22:23,Ruck,55.19,31.13,NA,NA,NA,NA,NA,NA,NA,NA,NA,NA,NA,NA,NA,NA,NA,NA,NA,NA,NA,NA,NA,NA,NA,NA,NA,NA,NA,NA,NA,NA,NA,NA,NA,NA,NA,NA,NA,NA,NA,NA,NA,NA,,
9,Home,Anselmians,Chester,First Half,Left to Right,00:22:27,Pass,56.32,31.13,56.32,31.13,NA,NA,NA,NA,NA,NA,NA,NA,NA,NA,NA,NA,NA,NA,Gainline Not Made,NA,NA,NA,NA,NA,NA,NA,NA,NA,NA,NA,NA,NA,NA,NA,NA,NA,NA,NA,NA,NA,NA,NA,NA,NA,,
2,Home,Anselmians,Chester,First Half,Left to Right,00:22:31,Carry,52.56,11.8,56.57,13.03,0,0,0,Other,On Target,Multi-Phase,,NA,NA,NA,NA,NA,NA,NA,NA,NA,NA,NA,NA,NA,NA,NA,NA,NA,NA,NA,NA,NA,NA,NA,NA,NA,NA,NA,NA,NA,NA,NA,NA,NA,,
Team,Home,Anselmians,Chester,First Half,Left to Right,00:22:31,Ruck,57.32,12.92,NA,NA,NA,NA,NA,NA,NA,NA,NA,NA,NA,NA,NA,NA,NA,NA,NA,NA,NA,NA,NA,NA,NA,NA,NA,NA,NA,NA,NA,NA,NA,NA,NA,NA,NA,NA,NA,NA,NA,NA,NA,NA,,
9,Home,Anselmians,Chester,First Half,Left to Right,00:22:35,Pass,57.44,13.03,57.44,13.03,NA,NA,NA,NA,NA,NA,NA,NA,NA,NA,NA,NA,NA,NA,Gainline Not Made,NA,NA,NA,NA,NA,NA,NA,NA,NA,NA,NA,NA,NA,NA,NA,NA,NA,NA,NA,NA,NA,NA,NA,NA,NA,,
14,Home,Anselmians,Chester,First Half,Left to Right,00:22:39,Carry,55.69,1.57,57.32,2.02,0,0,0,Other,Off Target,Multi-Phase,,NA,NA,NA,NA,NA,NA,NA,NA,NA,NA,NA,NA,NA,NA,NA,NA,NA,NA,NA,NA,NA,NA,NA,NA,NA,NA,NA,NA,NA,NA,NA,NA,NA,,
Team,Home,Anselmians,Chester,First Half,Left to Right,00:22:39,Ruck,56.69,2.69,NA,NA,NA,NA,NA,NA,NA,NA,NA,NA,NA,NA,NA,NA,NA,NA,NA,NA,NA,NA,NA,NA,NA,NA,NA,NA,NA,NA,NA,NA,NA,NA,NA,NA,NA,NA,NA,NA,NA,NA,NA,NA,,
9,Home,Anselmians,Chester,First Half,Left to Right,00:22:42,Pass,56.69,2.8,56.69,2.8,NA,NA,NA,NA,NA,NA,NA,NA,NA,NA,NA,NA,NA,NA,Gainline Not Made,NA,NA,NA,NA,NA,NA,NA,NA,NA,NA,NA,NA,NA,NA,NA,NA,NA,NA,NA,NA,NA,NA,NA,NA,NA,,
17,Home,Anselmians,Chester,First Half,Left to Right,00:22:45,Carry,52.56,9.66,55.06,9.77,0,0,0,Other,On Target,Multi-Phase,,NA,NA,NA,NA,NA,NA,NA,NA,NA,NA,NA,NA,NA,NA,NA,NA,NA,NA,NA,NA,NA,NA,NA,NA,NA,NA,NA,NA,NA,NA,NA,NA,NA,,
Team,Home,Anselmians,Chester,First Half,Left to Right,00:22:46,Ruck,56.44,8.99,NA,NA,NA,NA,NA,NA,NA,NA,NA,NA,NA,NA,NA,NA,NA,NA,NA,NA,NA,NA,NA,NA,NA,NA,NA,NA,NA,NA,NA,NA,NA,NA,NA,NA,NA,NA,NA,NA,NA,NA,NA,NA,,
,Home,Anselmians,Chester,First Half,Left to Right,00:22:50,Carry,57.57,9.55,60.58,11.68,1,0,0,Pick & Go,NA,Multi-Phase,,NA,NA,NA,NA,NA,NA,NA,NA,NA,NA,NA,NA,NA,NA,NA,NA,NA,NA,NA,NA,NA,NA,NA,NA,NA,NA,NA,NA,NA,NA,NA,NA,NA,,
Team,Home,Anselmians,Chester,First Half,Left to Right,00:22:50,Ruck,60.58,12.02,NA,NA,NA,NA,NA,NA,NA,NA,NA,NA,NA,NA,NA,NA,NA,NA,NA,NA,NA,NA,NA,NA,NA,NA,NA,NA,NA,NA,NA,NA,NA,NA,NA,NA,NA,NA,NA,NA,NA,NA,NA,NA,,
Team,Home,Anselmians,Chester,First Half,Left to Right,00:22:53,Pen Won,54.06,9.55,NA,NA,NA,NA,NA,NA,NA,NA,NA,NA,NA,NA,NA,NA,NA,High Tackle,NA,NA,NA,NA,NA,NA,NA,NA,NA,NA,NA,NA,NA,NA,NA,NA,NA,NA,NA,NA,NA,NA,NA,NA,NA,NA,,
Team,Home,Anselmians,Chester,First Half,Left to Right,00:22:59,Possession,54.06,9.66,NA,NA,NA,NA,NA,NA,NA,NA,NA,NA,NA,NA,NA,End,NA,NA,NA,NA,NA,NA,NA,NA,NA,NA,NA,NA,NA,NA,NA,NA,NA,NA,NA,NA,NA,NA,NA,NA,NA,NA,NA,NA,,
Team,Home,Anselmians,Chester,First Half,Left to Right,00:23:17,Possession,55.31,11.01,NA,NA,NA,NA,NA,NA,NA,NA,NA,NA,NA,NA,NA,Start,NA,NA,NA,NA,NA,NA,NA,NA,NA,NA,NA,NA,NA,NA,NA,NA,NA,NA,NA,NA,NA,NA,NA,NA,NA,NA,NA,NA,,
15,Home,Anselmians,Chester,First Half,Left to Right,00:23:20,Kick,56.19,11.8,78.26,-0.46,NA,NA,NA,NA,NA,NA,NA,NA,NA,Touch Kick,In Touch,NA,NA,NA,NA,NA,NA,NA,NA,NA,NA,NA,NA,NA,NA,NA,NA,NA,NA,NA,NA,NA,NA,NA,NA,NA,NA,NA,NA,NA,,
Team,Home,Anselmians,Chester,First Half,Left to Right,00:23:20,Possession,78,-0.23,NA,NA,NA,NA,NA,NA,NA,NA,NA,NA,NA,NA,NA,End,NA,NA,NA,NA,NA,NA,NA,NA,NA,NA,NA,NA,NA,NA,NA,NA,NA,NA,NA,NA,NA,NA,NA,NA,NA,NA,NA,NA,,
Team,Home,Anselmians,Chester,First Half,Left to Right,00:23:43,Possession,78.13,-0.23,NA,NA,NA,NA,NA,NA,NA,NA,NA,NA,NA,NA,NA,Start,NA,NA,NA,NA,NA,NA,NA,NA,NA,NA,NA,NA,NA,NA,NA,NA,NA,NA,NA,NA,NA,NA,NA,NA,NA,NA,NA,NA,,
Team,Home,Anselmians,Chester,First Half,Left to Right,00:23:50,Lineout,78.26,-0.12,78,11.68,NA,NA,NA,NA,NA,NA,NA,NA,NA,NA,NA,NA,NA,NA,NA,NA,NA,NA,NA,NA,NA,3,8,6,Middle,Lost,Catch and Run,None,NA,NA,NA,NA,NA,NA,NA,NA,NA,NA,NA,NA,,
4,Home,Anselmians,Chester,First Half,Left to Right,00:23:53,Carry,78.76,17.42,79.76,20.12,1,0,0,Other,NA,Lineout,,NA,NA,NA,NA,NA,NA,NA,NA,NA,NA,NA,NA,NA,NA,NA,NA,NA,NA,NA,NA,NA,NA,NA,NA,NA,NA,NA,NA,NA,NA,NA,NA,NA,,
Team,Home,Anselmians,Chester,First Half,Left to Right,00:23:53,Ruck,79.51,19.78,NA,NA,NA,NA,NA,NA,NA,NA,NA,NA,NA,NA,NA,NA,NA,NA,NA,NA,NA,NA,NA,NA,NA,NA,NA,NA,NA,NA,NA,NA,NA,NA,NA,NA,NA,NA,NA,NA,NA,NA,NA,NA,,
Team,Home,Anselmians,Chester,First Half,Left to Right,00:23:59,Pen Won,79.38,18.99,NA,NA,NA,NA,NA,NA,NA,NA,NA,NA,NA,NA,NA,NA,NA,Playing Ball in Ruck,NA,NA,NA,NA,NA,NA,NA,NA,NA,NA,NA,NA,NA,NA,NA,NA,NA,NA,NA,NA,NA,NA,NA,NA,NA,NA,,
Team,Home,Anselmians,Chester,First Half,Left to Right,00:23:59,Possession,79.89,20.23,NA,NA,NA,NA,NA,NA,NA,NA,NA,NA,NA,NA,NA,End,NA,NA,NA,NA,NA,NA,NA,NA,NA,NA,NA,NA,NA,NA,NA,NA,NA,NA,NA,NA,NA,NA,NA,NA,NA,NA,NA,NA,,
Team,Home,Anselmians,Chester,First Half,Left to Right,00:24:17,Possession,79.89,20.34,NA,NA,NA,NA,NA,NA,NA,NA,NA,NA,NA,NA,NA,Start,NA,NA,NA,NA,NA,NA,NA,NA,NA,NA,NA,NA,NA,NA,NA,NA,NA,NA,NA,NA,NA,NA,NA,NA,NA,NA,NA,NA,,
15,Home,Anselmians,Chester,First Half,Left to Right,00:24:18,Kick,79.38,19.55,93.05,-0.12,NA,NA,NA,NA,NA,NA,NA,NA,NA,Touch Kick,In Touch,NA,NA,NA,NA,NA,NA,NA,NA,NA,NA,NA,NA,NA,NA,NA,NA,NA,NA,NA,NA,NA,NA,NA,NA,NA,NA,NA,NA,NA,,
Team,Home,Anselmians,Chester,First Half,Left to Right,00:24:18,Possession,92.67,-0.01,NA,NA,NA,NA,NA,NA,NA,NA,NA,NA,NA,NA,NA,End,NA,NA,NA,NA,NA,NA,NA,NA,NA,NA,NA,NA,NA,NA,NA,NA,NA,NA,NA,NA,NA,NA,NA,NA,NA,NA,NA,NA,,
Team,Home,Anselmians,Chester,First Half,Left to Right,00:24:41,Possession,93.8,0.1,NA,NA,NA,NA,NA,NA,NA,NA,NA,NA,NA,NA,NA,Start,NA,NA,NA,NA,NA,NA,NA,NA,NA,NA,NA,NA,NA,NA,NA,NA,NA,NA,NA,NA,NA,NA,NA,NA,NA,NA,NA,NA,,
Team,Home,Anselmians,Chester,First Half,Left to Right,00:24:43,Lineout,93.3,-0.01,93.05,14.61,NA,NA,NA,NA,NA,NA,NA,NA,NA,NA,NA,NA,NA,NA,NA,NA,NA,NA,NA,NA,NA,3,5,5,Back,Successful,Down and Drive,None,NA,NA,NA,NA,NA,NA,NA,NA,NA,NA,NA,NA,,
13,Home,Anselmians,Chester,First Half,Left to Right,00:25:03,Carry,81.64,24.39,89.54,29.79,1,0,0,One Out,NA,Lineout,,NA,NA,NA,NA,NA,NA,NA,NA,NA,NA,NA,NA,NA,NA,NA,NA,NA,NA,NA,NA,NA,NA,NA,NA,NA,NA,NA,NA,NA,NA,NA,NA,NA,,
13,Home,Anselmians,Chester,First Half,Left to Right,00:24:59,Defender Beaten,88.66,27.42,NA,NA,NA,NA,NA,NA,NA,NA,NA,NA,NA,NA,NA,NA,NA,NA,NA,NA,NA,NA,NA,NA,NA,NA,NA,NA,NA,NA,NA,NA,NA,NA,NA,NA,NA,NA,NA,Ran Over,NA,NA,NA,NA,,
Team,Home,Anselmians,Chester,First Half,Left to Right,00:25:04,Ruck,91.8,30.91,NA,NA,NA,NA,NA,NA,NA,NA,NA,NA,NA,NA,NA,NA,NA,NA,NA,NA,NA,NA,NA,NA,NA,NA,NA,NA,NA,NA,NA,NA,NA,NA,NA,NA,NA,NA,NA,NA,NA,NA,NA,NA,,
9,Home,Anselmians,Chester,First Half,Left to Right,00:25:04,Pass,91.04,30.68,91.04,30.68,NA,NA,NA,NA,NA,NA,NA,NA,NA,NA,NA,NA,NA,NA,Gainline Not Made,NA,NA,NA,NA,NA,NA,NA,NA,NA,NA,NA,NA,NA,NA,NA,NA,NA,NA,NA,NA,NA,NA,NA,NA,NA,,
14,Home,Anselmians,Chester,First Half,Left to Right,00:25:08,Carry,86.53,37.54,86.28,43.28,0,0,1,One Out,NA,Multi-Phase,,NA,NA,NA,NA,NA,NA,NA,NA,NA,NA,NA,NA,NA,NA,NA,NA,NA,NA,NA,NA,NA,NA,NA,NA,NA,NA,NA,NA,NA,NA,NA,NA,NA,,
Team,Home,Anselmians,Chester,First Half,Left to Right,00:25:08,Ruck,86.15,48.56,NA,NA,NA,NA,NA,NA,NA,NA,NA,NA,NA,NA,NA,NA,NA,NA,NA,NA,NA,NA,NA,NA,NA,NA,NA,NA,NA,NA,NA,NA,NA,NA,NA,NA,NA,NA,NA,NA,NA,NA,NA,NA,,
9,Home,Anselmians,Chester,First Half,Left to Right,00:25:14,Pass,83.65,49.57,83.65,49.57,NA,NA,NA,NA,NA,NA,NA,NA,NA,NA,NA,NA,NA,NA,Gainline Not Made,NA,NA,NA,NA,NA,NA,NA,NA,NA,NA,NA,NA,NA,NA,NA,NA,NA,NA,NA,NA,NA,NA,NA,NA,NA,,
8,Home,Anselmians,Chester,First Half,Left to Right,00:25:17,Carry,82.39,53.06,83.4,54.41,0,0,0,One Out,NA,Multi-Phase,,NA,NA,NA,NA,NA,NA,NA,NA,NA,NA,NA,NA,NA,NA,NA,NA,NA,NA,NA,NA,NA,NA,NA,NA,NA,NA,NA,NA,NA,NA,NA,NA,NA,,
Team,Home,Anselmians,Chester,First Half,Left to Right,00:25:18,Ruck,82.14,54.18,NA,NA,NA,NA,NA,NA,NA,NA,NA,NA,NA,NA,NA,NA,NA,NA,NA,NA,NA,NA,NA,NA,NA,NA,NA,NA,NA,NA,NA,NA,NA,NA,NA,NA,NA,NA,NA,NA,NA,NA,NA,NA,,
9,Home,Anselmians,Chester,First Half,Left to Right,00:25:20,Pass,82.77,54.07,82.77,54.07,NA,NA,NA,NA,NA,NA,NA,NA,NA,NA,NA,NA,NA,NA,Gainline Not Made,NA,NA,NA,NA,NA,NA,NA,NA,NA,NA,NA,NA,NA,NA,NA,NA,NA,NA,NA,NA,NA,NA,NA,NA,NA,,
2,Home,Anselmians,Chester,First Half,Left to Right,00:25:21,Carry,79.26,47.89,81.39,48,0,0,0,One Out,On Target,Multi-Phase,,NA,NA,NA,NA,NA,NA,NA,NA,NA,NA,NA,NA,NA,NA,NA,NA,NA,NA,NA,NA,NA,NA,NA,NA,NA,NA,NA,NA,NA,NA,NA,NA,NA,,
2,Home,Anselmians,Chester,First Half,Left to Right,00:25:21,Error,80.14,48,NA,NA,NA,NA,NA,NA,NA,NA,NA,NA,NA,NA,NA,NA,NA,NA,NA,NA,NA,NA,NA,NA,NA,NA,NA,NA,NA,NA,NA,NA,NA,NA,NA,NA,NA,NA,NA,NA,NA,NA,Handling,Knock On,,
Team,Home,Anselmians,Chester,First Half,Left to Right,00:25:21,Possession,80.51,49.24,NA,NA,NA,NA,NA,NA,NA,NA,NA,NA,NA,NA,NA,End,NA,NA,NA,NA,NA,NA,NA,NA,NA,NA,NA,NA,NA,NA,NA,NA,NA,NA,NA,NA,NA,NA,NA,NA,NA,NA,NA,NA,,
Team,Home,Anselmians,Chester,First Half,Left to Right,00:26:09,Scrum,81.39,47.55,NA,NA,NA,NA,NA,NA,NA,NA,NA,NA,NA,NA,NA,NA,NA,NA,NA,NA,NA,NA,NA,NA,NA,NA,NA,NA,NA,NA,NA,NA,Opposition,Neutral,Reset,NA,NA,NA,NA,NA,NA,NA,NA,NA,,
Team,Home,Anselmians,Chester,First Half,Left to Right,00:27:16,Scrum,82.02,47.21,NA,NA,NA,NA,NA,NA,NA,NA,NA,NA,NA,NA,NA,NA,NA,NA,NA,NA,NA,NA,NA,NA,NA,NA,NA,NA,NA,NA,NA,NA,Opposition,Neutral,Nine Pass,NA,NA,NA,NA,NA,NA,NA,NA,NA,,
Team,Home,Anselmians,Chester,First Half,Left to Right,00:27:28,Possession,42.4,66.55,NA,NA,NA,NA,NA,NA,NA,NA,NA,NA,NA,NA,NA,Start,NA,NA,NA,NA,NA,NA,NA,NA,NA,NA,NA,NA,NA,NA,NA,NA,NA,NA,NA,NA,NA,NA,NA,NA,NA,NA,NA,NA,,
15,Home,Anselmians,Chester,First Half,Left to Right,00:27:33,Carry,41.27,66.55,59.58,67.67,0,0,0,Kick Return,NA,Multi-Phase,,NA,NA,NA,NA,NA,NA,NA,NA,NA,NA,NA,NA,NA,NA,NA,NA,NA,NA,NA,NA,NA,NA,NA,NA,NA,NA,NA,NA,NA,NA,NA,NA,NA,,
15,Home,Anselmians,Chester,First Half,Left to Right,00:27:31,Defender Beaten,48.79,63.4,NA,NA,NA,NA,NA,NA,NA,NA,NA,NA,NA,NA,NA,NA,NA,NA,NA,NA,NA,NA,NA,NA,NA,NA,NA,NA,NA,NA,NA,NA,NA,NA,NA,NA,NA,NA,NA,Ran Round,NA,NA,NA,NA,,
15,Home,Anselmians,Chester,First Half,Left to Right,00:27:35,Pen Won,59.45,66.89,NA,NA,NA,NA,NA,NA,NA,NA,NA,NA,NA,NA,NA,NA,NA,High Tackle,NA,NA,NA,NA,NA,NA,NA,NA,NA,NA,NA,NA,NA,NA,NA,NA,NA,NA,NA,NA,NA,NA,NA,NA,NA,NA,,
Team,Home,Anselmians,Chester,First Half,Left to Right,00:27:35,Possession,59.45,67.22,NA,NA,NA,NA,NA,NA,NA,NA,NA,NA,NA,NA,NA,End,NA,NA,NA,NA,NA,NA,NA,NA,NA,NA,NA,NA,NA,NA,NA,NA,NA,NA,NA,NA,NA,NA,NA,NA,NA,NA,NA,NA,,
Team,Home,Anselmians,Chester,First Half,Left to Right,00:27:57,Possession,59.45,67,NA,NA,NA,NA,NA,NA,NA,NA,NA,NA,NA,NA,NA,Start,NA,NA,NA,NA,NA,NA,NA,NA,NA,NA,NA,NA,NA,NA,NA,NA,NA,NA,NA,NA,NA,NA,NA,NA,NA,NA,NA,NA,,
15,Home,Anselmians,Chester,First Half,Left to Right,00:27:58,Kick,61.08,65.54,75.62,70.03,NA,NA,NA,NA,NA,NA,NA,NA,NA,Touch Kick,In Touch,NA,NA,NA,NA,NA,NA,NA,NA,NA,NA,NA,NA,NA,NA,NA,NA,NA,NA,NA,NA,NA,NA,NA,NA,NA,NA,NA,NA,NA,,
Team,Home,Anselmians,Chester,First Half,Left to Right,00:27:58,Possession,76.25,69.92,NA,NA,NA,NA,NA,NA,NA,NA,NA,NA,NA,NA,NA,End,NA,NA,NA,NA,NA,NA,NA,NA,NA,NA,NA,NA,NA,NA,NA,NA,NA,NA,NA,NA,NA,NA,NA,NA,NA,NA,NA,NA,,
Team,Home,Anselmians,Chester,First Half,Left to Right,00:28:23,Possession,81.52,69.81,NA,NA,NA,NA,NA,NA,NA,NA,NA,NA,NA,NA,NA,Start,NA,NA,NA,NA,NA,NA,NA,NA,NA,NA,NA,NA,NA,NA,NA,NA,NA,NA,NA,NA,NA,NA,NA,NA,NA,NA,NA,NA,,
Team,Home,Anselmians,Chester,First Half,Left to Right,00:28:24,Lineout,82.27,69.92,82.14,63.51,NA,NA,NA,NA,NA,NA,NA,NA,NA,NA,NA,NA,NA,NA,NA,NA,NA,NA,NA,NA,NA,3,17,5,No Jump Front,Lost,Catch and Run,None,NA,NA,NA,NA,NA,NA,NA,NA,NA,NA,NA,NA,,
Team,Home,Anselmians,Chester,First Half,Left to Right,00:28:27,Ruck,82.39,64.19,NA,NA,NA,NA,NA,NA,NA,NA,NA,NA,NA,NA,NA,NA,NA,NA,NA,NA,NA,NA,NA,NA,NA,NA,NA,NA,NA,NA,NA,NA,NA,NA,NA,NA,NA,NA,NA,NA,NA,NA,NA,NA,,
9,Home,Anselmians,Chester,First Half,Left to Right,00:28:32,Pass,79.76,64.19,79.76,64.19,NA,NA,NA,NA,NA,NA,NA,NA,NA,NA,NA,NA,NA,NA,Gainline Not Made,NA,NA,NA,NA,NA,NA,NA,NA,NA,NA,NA,NA,NA,NA,NA,NA,NA,NA,NA,NA,NA,NA,NA,NA,NA,,
2,Home,Anselmians,Chester,First Half,Left to Right,00:28:35,Carry,77.13,52.83,78.26,53.96,0,0,0,One Out,On Target,Multi-Phase,,NA,NA,NA,NA,NA,NA,NA,NA,NA,NA,NA,NA,NA,NA,NA,NA,NA,NA,NA,NA,NA,NA,NA,NA,NA,NA,NA,NA,NA,NA,NA,NA,NA,,
Team,Home,Anselmians,Chester,First Half,Left to Right,00:28:35,Ruck,78.63,54.74,NA,NA,NA,NA,NA,NA,NA,NA,NA,NA,NA,NA,NA,NA,NA,NA,NA,NA,NA,NA,NA,NA,NA,NA,NA,NA,NA,NA,NA,NA,NA,NA,NA,NA,NA,NA,NA,NA,NA,NA,NA,NA,,
9,Home,Anselmians,Chester,First Half,Left to Right,00:28:39,Pass,78.38,54.29,78.38,54.29,NA,NA,NA,NA,NA,NA,NA,NA,NA,NA,NA,NA,NA,NA,Gainline Not Made,NA,NA,NA,NA,NA,NA,NA,NA,NA,NA,NA,NA,NA,NA,NA,NA,NA,NA,NA,NA,NA,NA,NA,NA,NA,,
8,Home,Anselmians,Chester,First Half,Left to Right,00:28:43,Carry,75.75,46.54,78.26,44.96,0,0,0,One Out,On Target,Multi-Phase,,NA,NA,NA,NA,NA,NA,NA,NA,NA,NA,NA,NA,NA,NA,NA,NA,NA,NA,NA,NA,NA,NA,NA,NA,NA,NA,NA,NA,NA,NA,NA,NA,NA,,
Team,Home,Anselmians,Chester,First Half,Left to Right,00:28:43,Ruck,78.63,46.42,NA,NA,NA,NA,NA,NA,NA,NA,NA,NA,NA,NA,NA,NA,NA,NA,NA,NA,NA,NA,NA,NA,NA,NA,NA,NA,NA,NA,NA,NA,NA,NA,NA,NA,NA,NA,NA,NA,NA,NA,NA,NA,,
9,Home,Anselmians,Chester,First Half,Left to Right,00:28:44,Pass,79.01,42.6,79.01,42.6,NA,NA,NA,NA,NA,NA,NA,NA,NA,NA,NA,NA,NA,NA,Gainline Not Made,NA,NA,NA,NA,NA,NA,NA,NA,NA,NA,NA,NA,NA,NA,NA,NA,NA,NA,NA,NA,NA,NA,NA,NA,NA,,
13,Home,Anselmians,Chester,First Half,Left to Right,00:28:49,Carry,74.24,57.44,74.62,60.14,0,0,0,One Out,On Target,Multi-Phase,,NA,NA,NA,NA,NA,NA,NA,NA,NA,NA,NA,NA,NA,NA,NA,NA,NA,NA,NA,NA,NA,NA,NA,NA,NA,NA,NA,NA,NA,NA,NA,NA,NA,,
Team,Home,Anselmians,Chester,First Half,Left to Right,00:28:49,Ruck,75,60.82,NA,NA,NA,NA,NA,NA,NA,NA,NA,NA,NA,NA,NA,NA,NA,NA,NA,NA,NA,NA,NA,NA,NA,NA,NA,NA,NA,NA,NA,NA,NA,NA,NA,NA,NA,NA,NA,NA,NA,NA,NA,NA,,
9,Home,Anselmians,Chester,First Half,Left to Right,00:28:54,Pass,74.87,60.93,74.87,60.93,NA,NA,NA,NA,NA,NA,NA,NA,NA,NA,NA,NA,NA,NA,Gainline Made,NA,NA,NA,NA,NA,NA,NA,NA,NA,NA,NA,NA,NA,NA,NA,NA,NA,NA,NA,NA,NA,NA,NA,NA,NA,,
7,Home,Anselmians,Chester,First Half,Left to Right,00:28:57,Carry,74.37,51.93,77.5,51.48,1,0,0,Other,On Target,Multi-Phase,,NA,NA,NA,NA,NA,NA,NA,NA,NA,NA,NA,NA,NA,NA,NA,NA,NA,NA,NA,NA,NA,NA,NA,NA,NA,NA,NA,NA,NA,NA,NA,NA,NA,,
Team,Home,Anselmians,Chester,First Half,Left to Right,00:28:57,Ruck,77.25,51.6,NA,NA,NA,NA,NA,NA,NA,NA,NA,NA,NA,NA,NA,NA,NA,NA,NA,NA,NA,NA,NA,NA,NA,NA,NA,NA,NA,NA,NA,NA,NA,NA,NA,NA,NA,NA,NA,NA,NA,NA,NA,NA,,
9,Home,Anselmians,Chester,First Half,Left to Right,00:28:59,Pass,77.38,50.7,77.38,50.7,NA,NA,NA,NA,NA,NA,NA,NA,NA,NA,NA,NA,NA,NA,Gainline Not Made,NA,NA,NA,NA,NA,NA,NA,NA,NA,NA,NA,NA,NA,NA,NA,NA,NA,NA,NA,NA,NA,NA,NA,NA,NA,,
1,Home,Anselmians,Chester,First Half,Left to Right,00:29:03,Carry,75.12,33.05,77.25,30.46,0,0,0,Other,On Target,Multi-Phase,,NA,NA,NA,NA,NA,NA,NA,NA,NA,NA,NA,NA,NA,NA,NA,NA,NA,NA,NA,NA,NA,NA,NA,NA,NA,NA,NA,NA,NA,NA,NA,NA,NA,,
Team,Home,Anselmians,Chester,First Half,Left to Right,00:29:04,Ruck,77,30.12,NA,NA,NA,NA,NA,NA,NA,NA,NA,NA,NA,NA,NA,NA,NA,NA,NA,NA,NA,NA,NA,NA,NA,NA,NA,NA,NA,NA,NA,NA,NA,NA,NA,NA,NA,NA,NA,NA,NA,NA,NA,NA,,
9,Home,Anselmians,Chester,First Half,Left to Right,00:29:04,Pass,76.75,29.56,76.75,29.56,NA,NA,NA,NA,NA,NA,NA,NA,NA,NA,NA,NA,NA,NA,Gainline Not Made,NA,NA,NA,NA,NA,NA,NA,NA,NA,NA,NA,NA,NA,NA,NA,NA,NA,NA,NA,NA,NA,NA,NA,NA,NA,,
4,Home,Anselmians,Chester,First Half,Left to Right,00:29:09,Carry,76,23.38,79.13,14.94,1,0,0,Other,On Target,Multi-Phase,,NA,NA,NA,NA,NA,NA,NA,NA,NA,NA,NA,NA,NA,NA,NA,NA,NA,NA,NA,NA,NA,NA,NA,NA,NA,NA,NA,NA,NA,NA,NA,NA,NA,,
4,Home,Anselmians,Chester,First Half,Left to Right,00:29:09,Offload,79.13,15.06,NA,NA,NA,NA,NA,NA,NA,NA,NA,NA,NA,NA,NA,NA,NA,NA,NA,NA,NA,NA,NA,NA,NA,NA,NA,NA,NA,NA,NA,NA,NA,NA,NA,NA,NA,NA,NA,NA,Successful,NA,NA,NA,,
9,Home,Anselmians,Chester,First Half,Left to Right,00:29:12,Carry,78.13,16.86,83.77,17.87,0,0,1,Support Carry,On Target,Multi-Phase,,NA,NA,NA,NA,NA,NA,NA,NA,NA,NA,NA,NA,NA,NA,NA,NA,NA,NA,NA,NA,NA,NA,NA,NA,NA,NA,NA,NA,NA,NA,NA,NA,NA,,
Team,Home,Anselmians,Chester,First Half,Left to Right,00:29:12,Ruck,84.77,17.08,NA,NA,NA,NA,NA,NA,NA,NA,NA,NA,NA,NA,NA,NA,NA,NA,NA,NA,NA,NA,NA,NA,NA,NA,NA,NA,NA,NA,NA,NA,NA,NA,NA,NA,NA,NA,NA,NA,NA,NA,NA,NA,,
8,Home,Anselmians,Chester,First Half,Left to Right,00:29:15,Pass,85.03,17.64,85.03,17.64,NA,NA,NA,NA,NA,NA,NA,NA,NA,NA,NA,NA,NA,NA,Gainline Made,NA,NA,NA,NA,NA,NA,NA,NA,NA,NA,NA,NA,NA,NA,NA,NA,NA,NA,NA,NA,NA,NA,NA,NA,NA,,
12,Home,Anselmians,Chester,First Half,Left to Right,00:29:20,Carry,83.77,12.36,86.91,10.34,1,0,0,One Out,On Target,Multi-Phase,,NA,NA,NA,NA,NA,NA,NA,NA,NA,NA,NA,NA,NA,NA,NA,NA,NA,NA,NA,NA,NA,NA,NA,NA,NA,NA,NA,NA,NA,NA,NA,NA,NA,,
Team,Home,Anselmians,Chester,First Half,Left to Right,00:29:20,Ruck,87.28,10.22,NA,NA,NA,NA,NA,NA,NA,NA,NA,NA,NA,NA,NA,NA,NA,NA,NA,NA,NA,NA,NA,NA,NA,NA,NA,NA,NA,NA,NA,NA,NA,NA,NA,NA,NA,NA,NA,NA,NA,NA,NA,NA,,
9,Home,Anselmians,Chester,First Half,Left to Right,00:29:23,Pass,87.41,10.34,87.41,10.34,NA,NA,NA,NA,NA,NA,NA,NA,NA,NA,NA,NA,NA,NA,Gainline Not Made,NA,NA,NA,NA,NA,NA,NA,NA,NA,NA,NA,NA,NA,NA,NA,NA,NA,NA,NA,NA,NA,NA,NA,NA,NA,,
7,Home,Anselmians,Chester,First Half,Left to Right,00:29:25,Carry,83.02,20.68,84.02,19.89,0,0,0,Other,On Target,Multi-Phase,,NA,NA,NA,NA,NA,NA,NA,NA,NA,NA,NA,NA,NA,NA,NA,NA,NA,NA,NA,NA,NA,NA,NA,NA,NA,NA,NA,NA,NA,NA,NA,NA,NA,,
Team,Home,Anselmians,Chester,First Half,Left to Right,00:29:26,Ruck,82.84,19.55,NA,NA,NA,NA,NA,NA,NA,NA,NA,NA,NA,NA,NA,NA,NA,NA,NA,NA,NA,NA,NA,NA,NA,NA,NA,NA,NA,NA,NA,NA,NA,NA,NA,NA,NA,NA,NA,NA,NA,NA,NA,NA,,
9,Home,Anselmians,Chester,First Half,Left to Right,00:29:28,Pass,82.02,19.1,82.02,19.1,NA,NA,NA,NA,NA,NA,NA,NA,NA,NA,NA,NA,NA,NA,Gainline Made,NA,NA,NA,NA,NA,NA,NA,NA,NA,NA,NA,NA,NA,NA,NA,NA,NA,NA,NA,NA,NA,NA,NA,NA,NA,,
1,Home,Anselmians,Chester,First Half,Left to Right,00:29:32,Carry,78.76,28.55,83.4,31.58,1,0,0,One Out,On Target,Multi-Phase,,NA,NA,NA,NA,NA,NA,NA,NA,NA,NA,NA,NA,NA,NA,NA,NA,NA,NA,NA,NA,NA,NA,NA,NA,NA,NA,NA,NA,NA,NA,NA,NA,NA,,
Team,Home,Anselmians,Chester,First Half,Left to Right,00:29:32,Ruck,85.4,32.03,NA,NA,NA,NA,NA,NA,NA,NA,NA,NA,NA,NA,NA,NA,NA,NA,NA,NA,NA,NA,NA,NA,NA,NA,NA,NA,NA,NA,NA,NA,NA,NA,NA,NA,NA,NA,NA,NA,NA,NA,NA,NA,,
9,Home,Anselmians,Chester,First Half,Left to Right,00:29:35,Pass,85.28,32.71,85.28,32.71,NA,NA,NA,NA,NA,NA,NA,NA,NA,NA,NA,NA,NA,NA,Gainline Not Made,NA,NA,NA,NA,NA,NA,NA,NA,NA,NA,NA,NA,NA,NA,NA,NA,NA,NA,NA,NA,NA,NA,NA,NA,NA,,
10,Home,Anselmians,Chester,First Half,Left to Right,00:29:37,Carry,79.51,34.73,81.26,39.68,0,0,0,One Out,On Target,Multi-Phase,,NA,NA,NA,NA,NA,NA,NA,NA,NA,NA,NA,NA,NA,NA,NA,NA,NA,NA,NA,NA,NA,NA,NA,NA,NA,NA,NA,NA,NA,NA,NA,NA,NA,,
Team,Home,Anselmians,Chester,First Half,Left to Right,00:29:39,Ruck,80.89,40.69,NA,NA,NA,NA,NA,NA,NA,NA,NA,NA,NA,NA,NA,NA,NA,NA,NA,NA,NA,NA,NA,NA,NA,NA,NA,NA,NA,NA,NA,NA,NA,NA,NA,NA,NA,NA,NA,NA,NA,NA,NA,NA,,
10,Home,Anselmians,Chester,First Half,Left to Right,00:29:42,Pen Conceded,81.52,40.47,NA,NA,NA,NA,NA,NA,NA,NA,NA,NA,NA,NA,NA,NA,Holding On,NA,NA,NA,NA,NA,NA,NA,NA,NA,NA,NA,NA,NA,NA,NA,NA,NA,NA,NA,NA,NA,NA,NA,NA,NA,NA,NA,,
Team,Home,Anselmians,Chester,First Half,Left to Right,00:29:42,Possession,83.14,40.35,NA,NA,NA,NA,NA,NA,NA,NA,NA,NA,NA,NA,NA,End,NA,NA,NA,NA,NA,NA,NA,NA,NA,NA,NA,NA,NA,NA,NA,NA,NA,NA,NA,NA,NA,NA,NA,NA,NA,NA,NA,NA,,
18,Home,Anselmians,Chester,First Half,Left to Right,00:30:50,Tackle,49.55,56.54,NA,NA,NA,NA,NA,NA,NA,NA,NA,Successful,Neutral,NA,NA,NA,NA,NA,NA,NA,NA,NA,NA,NA,NA,NA,NA,NA,NA,NA,NA,NA,NA,NA,NA,NA,NA,NA,NA,NA,NA,NA,NA,NA,,
12,Home,Anselmians,Chester,First Half,Left to Right,00:31:00,Tackle,51.18,20,NA,NA,NA,NA,NA,NA,NA,NA,NA,Missed,Neutral,NA,NA,NA,NA,NA,NA,NA,NA,NA,NA,NA,NA,NA,NA,NA,NA,NA,NA,NA,NA,NA,NA,NA,NA,NA,NA,NA,NA,NA,NA,NA,,
4,Home,Anselmians,Chester,First Half,Left to Right,00:31:06,Tackle,39.39,11.91,NA,NA,NA,NA,NA,NA,NA,NA,NA,Successful,Neutral,NA,NA,NA,NA,NA,NA,NA,NA,NA,NA,NA,NA,NA,NA,NA,NA,NA,NA,NA,NA,NA,NA,NA,NA,NA,NA,NA,NA,NA,NA,NA,,
18,Home,Anselmians,Chester,First Half,Left to Right,00:31:12,Tackle,36.76,23.6,NA,NA,NA,NA,NA,NA,NA,NA,NA,Successful,Neutral,NA,NA,NA,NA,NA,NA,NA,NA,NA,NA,NA,NA,NA,NA,NA,NA,NA,NA,NA,NA,NA,NA,NA,NA,NA,NA,NA,NA,NA,NA,NA,,
1,Home,Anselmians,Chester,First Half,Left to Right,00:31:20,Tackle,42.02,48.9,NA,NA,NA,NA,NA,NA,NA,NA,NA,Successful,Neutral,NA,NA,NA,NA,NA,NA,NA,NA,NA,NA,NA,NA,NA,NA,NA,NA,NA,NA,NA,NA,NA,NA,NA,NA,NA,NA,NA,NA,NA,NA,NA,,
8,Home,Anselmians,Chester,First Half,Left to Right,00:31:20,Tackle,40.39,48.67,NA,NA,NA,NA,NA,NA,NA,NA,NA,Assist,Neutral,NA,NA,NA,NA,NA,NA,NA,NA,NA,NA,NA,NA,NA,NA,NA,NA,NA,NA,NA,NA,NA,NA,NA,NA,NA,NA,NA,NA,NA,NA,NA,,
13,Home,Anselmians,Chester,First Half,Left to Right,00:31:28,Tackle,36.13,68.91,NA,NA,NA,NA,NA,NA,NA,NA,NA,Missed,Neutral,NA,NA,NA,NA,NA,NA,NA,NA,NA,NA,NA,NA,NA,NA,NA,NA,NA,NA,NA,NA,NA,NA,NA,NA,NA,NA,NA,NA,NA,NA,NA,,
9,Home,Anselmians,Chester,First Half,Left to Right,00:31:29,Tackle,21.59,66.21,NA,NA,NA,NA,NA,NA,NA,NA,NA,Successful,Neutral,NA,NA,NA,NA,NA,NA,NA,NA,NA,NA,NA,NA,NA,NA,NA,NA,NA,NA,NA,NA,NA,NA,NA,NA,NA,NA,NA,NA,NA,NA,NA,,
18,Home,Anselmians,Chester,First Half,Left to Right,00:31:34,Tackle,9.93,57.89,NA,NA,NA,NA,NA,NA,NA,NA,NA,Successful,Neutral,NA,NA,NA,NA,NA,NA,NA,NA,NA,NA,NA,NA,NA,NA,NA,NA,NA,NA,NA,NA,NA,NA,NA,NA,NA,NA,NA,NA,NA,NA,NA,,
8,Home,Anselmians,Chester,First Half,Left to Right,00:31:42,Tackle,4.92,55.76,NA,NA,NA,NA,NA,NA,NA,NA,NA,Successful,Neutral,NA,NA,NA,NA,NA,NA,NA,NA,NA,NA,NA,NA,NA,NA,NA,NA,NA,NA,NA,NA,NA,NA,NA,NA,NA,NA,NA,NA,NA,NA,NA,,
5,Home,Anselmians,Chester,First Half,Left to Right,00:31:42,Tackle,4.92,54.63,NA,NA,NA,NA,NA,NA,NA,NA,NA,Assist,Neutral,NA,NA,NA,NA,NA,NA,NA,NA,NA,NA,NA,NA,NA,NA,NA,NA,NA,NA,NA,NA,NA,NA,NA,NA,NA,NA,NA,NA,NA,NA,NA,,
3,Home,Anselmians,Chester,First Half,Left to Right,00:31:47,Tackle,5.04,53.62,NA,NA,NA,NA,NA,NA,NA,NA,NA,Successful,Neutral,NA,NA,NA,NA,NA,NA,NA,NA,NA,NA,NA,NA,NA,NA,NA,NA,NA,NA,NA,NA,NA,NA,NA,NA,NA,NA,NA,NA,NA,NA,NA,,
7,Home,Anselmians,Chester,First Half,Left to Right,00:31:53,Tackle,4.92,51.93,NA,NA,NA,NA,NA,NA,NA,NA,NA,Successful,Neutral,NA,NA,NA,NA,NA,NA,NA,NA,NA,NA,NA,NA,NA,NA,NA,NA,NA,NA,NA,NA,NA,NA,NA,NA,NA,NA,NA,NA,NA,NA,NA,,
10,Home,Anselmians,Chester,First Half,Left to Right,00:32:00,Tackle,5.04,34.62,NA,NA,NA,NA,NA,NA,NA,NA,NA,Missed,Passive,NA,NA,NA,NA,NA,NA,NA,NA,NA,NA,NA,NA,NA,NA,NA,NA,NA,NA,NA,NA,NA,NA,NA,NA,NA,NA,NA,NA,NA,NA,NA,,
1,Home,Anselmians,Chester,First Half,Left to Right,00:32:01,Tackle,4.92,35.18,NA,NA,NA,NA,NA,NA,NA,NA,NA,Successful,Passive,NA,NA,NA,NA,NA,NA,NA,NA,NA,NA,NA,NA,NA,NA,NA,NA,NA,NA,NA,NA,NA,NA,NA,NA,NA,NA,NA,NA,NA,NA,NA,,
8,Home,Anselmians,Chester,First Half,Left to Right,00:31:38,Pen Conceded,5.42,55.64,NA,NA,NA,NA,NA,NA,NA,NA,NA,NA,NA,NA,NA,NA,Offside,NA,NA,NA,NA,NA,NA,NA,NA,NA,NA,NA,NA,NA,NA,NA,NA,NA,NA,NA,NA,NA,NA,NA,NA,NA,NA,NA,,
Team,Home,Anselmians,Chester,First Half,Left to Right,00:33:46,Possession,5.04,59.35,NA,NA,NA,NA,NA,NA,NA,NA,NA,NA,NA,NA,NA,Start,NA,NA,NA,NA,NA,NA,NA,NA,NA,NA,NA,NA,NA,NA,NA,NA,NA,NA,NA,NA,NA,NA,NA,NA,NA,NA,NA,NA,,
Team,Home,Anselmians,Chester,First Half,Left to Right,00:33:50,Scrum,4.92,60.03,NA,NA,NA,NA,NA,NA,NA,NA,NA,NA,NA,NA,NA,NA,NA,NA,NA,NA,NA,NA,NA,NA,NA,NA,NA,NA,NA,NA,NA,NA,Opposition,Neutral,Eight Pick,NA,NA,NA,NA,NA,NA,NA,NA,NA,,
12,Home,Anselmians,Chester,First Half,Left to Right,00:33:54,Carry,5.17,52.05,10.06,53.28,1,0,0,One Out,On Target,Scrum,,NA,NA,NA,NA,NA,NA,NA,NA,NA,NA,NA,NA,NA,NA,NA,NA,NA,NA,NA,NA,NA,NA,NA,NA,NA,NA,NA,NA,NA,NA,NA,NA,NA,,
Team,Home,Anselmians,Chester,First Half,Left to Right,00:33:54,Ruck,9.18,54.07,NA,NA,NA,NA,NA,NA,NA,NA,NA,NA,NA,NA,NA,NA,NA,NA,NA,NA,NA,NA,NA,NA,NA,NA,NA,NA,NA,NA,NA,NA,NA,NA,NA,NA,NA,NA,NA,NA,NA,NA,NA,NA,,
9,Home,Anselmians,Chester,First Half,Left to Right,00:33:57,Pass,8.17,54.29,8.17,54.29,NA,NA,NA,NA,NA,NA,NA,NA,NA,NA,NA,NA,NA,NA,Gainline Not Made,NA,NA,NA,NA,NA,NA,NA,NA,NA,NA,NA,NA,NA,NA,NA,NA,NA,NA,NA,NA,NA,NA,NA,NA,NA,,
14,Home,Anselmians,Chester,First Half,Left to Right,00:34:04,Carry,9.55,4.83,12.19,2.47,1,0,1,Other,On Target,Multi-Phase,,NA,NA,NA,NA,NA,NA,NA,NA,NA,NA,NA,NA,NA,NA,NA,NA,NA,NA,NA,NA,NA,NA,NA,NA,NA,NA,NA,NA,NA,NA,NA,NA,NA,,
14,Home,Anselmians,Chester,First Half,Left to Right,00:34:08,Kick,11.94,2.13,61.21,13.93,NA,NA,NA,NA,NA,NA,NA,NA,NA,Open Play,Opposition Collection Error,NA,NA,NA,NA,NA,NA,NA,NA,NA,NA,NA,NA,NA,NA,NA,NA,NA,NA,NA,NA,NA,NA,NA,NA,NA,NA,NA,NA,NA,,
14,Home,Anselmians,Chester,First Half,Left to Right,00:34:03,Possession,10.18,2.35,NA,NA,NA,NA,NA,NA,NA,NA,NA,NA,NA,NA,NA,End,NA,NA,NA,NA,NA,NA,NA,NA,NA,NA,NA,NA,NA,NA,NA,NA,NA,NA,NA,NA,NA,NA,NA,NA,NA,NA,NA,NA,,
Team,Home,Anselmians,Chester,First Half,Left to Right,00:35:00,Possession,60.17,14.49,NA,NA,NA,NA,NA,NA,NA,NA,NA,NA,NA,NA,NA,Start,NA,NA,NA,NA,NA,NA,NA,NA,NA,NA,NA,NA,NA,NA,NA,NA,NA,NA,NA,NA,NA,NA,NA,NA,NA,NA,NA,NA,,
Team,Home,Anselmians,Chester,First Half,Left to Right,00:35:00,Scrum,60.33,14.61,NA,NA,NA,NA,NA,NA,NA,NA,NA,NA,NA,NA,NA,NA,NA,NA,NA,NA,NA,NA,NA,NA,NA,NA,NA,NA,NA,NA,NA,NA,Reset,Neutral,Reset,NA,NA,NA,NA,NA,NA,NA,NA,NA,,
Team,Home,Anselmians,Chester,First Half,Left to Right,00:35:41,Scrum,60.33,14.49,NA,NA,NA,NA,NA,NA,NA,NA,NA,NA,NA,NA,NA,NA,NA,NA,NA,NA,NA,NA,NA,NA,NA,NA,NA,NA,NA,NA,NA,NA,Won,Neutral,Nine Pass,NA,NA,NA,NA,NA,NA,NA,NA,NA,,
10,Home,Anselmians,Chester,First Half,Left to Right,00:35:51,Error,55.31,45.08,NA,NA,NA,NA,NA,NA,NA,NA,NA,NA,NA,NA,NA,NA,NA,NA,NA,NA,NA,NA,NA,NA,NA,NA,NA,NA,NA,NA,NA,NA,NA,NA,NA,NA,NA,NA,NA,NA,NA,NA,Handling,Knock On,,
Team,Home,Anselmians,Chester,First Half,Left to Right,00:35:51,Possession,55.06,44.96,NA,NA,NA,NA,NA,NA,NA,NA,NA,NA,NA,NA,NA,End,NA,NA,NA,NA,NA,NA,NA,NA,NA,NA,NA,NA,NA,NA,NA,NA,NA,NA,NA,NA,NA,NA,NA,NA,NA,NA,NA,NA,,
11,Home,Anselmians,Chester,First Half,Left to Right,00:35:55,Tackle,45.16,58.23,NA,NA,NA,NA,NA,NA,NA,NA,NA,Missed,Neutral,NA,NA,NA,NA,NA,NA,NA,NA,NA,NA,NA,NA,NA,NA,NA,NA,NA,NA,NA,NA,NA,NA,NA,NA,NA,NA,NA,NA,NA,NA,NA,,
Team,Home,Anselmians,Chester,First Half,Left to Right,00:36:01,Possession,5.42,67.45,NA,NA,NA,NA,NA,NA,NA,NA,NA,NA,NA,NA,NA,Start,NA,NA,NA,NA,NA,NA,NA,NA,NA,NA,NA,NA,NA,NA,NA,NA,NA,NA,NA,NA,NA,NA,NA,NA,NA,NA,NA,NA,,
9,Home,Anselmians,Chester,First Half,Left to Right,00:36:01,Kick Received,5.04,66.1,NA,NA,NA,NA,NA,NA,NA,NA,NA,NA,NA,NA,NA,NA,NA,NA,NA,Successful,Opposition,Bouncing Ball,Yes,NA,NA,NA,NA,NA,NA,NA,NA,NA,NA,NA,NA,NA,NA,NA,NA,NA,NA,NA,NA,NA,,
9,Home,Anselmians,Chester,First Half,Left to Right,00:36:01,Kick,5.17,66.21,5.29,70.26,NA,NA,NA,NA,NA,NA,NA,NA,NA,Open Play,In Touch,NA,NA,NA,NA,NA,NA,NA,NA,NA,NA,NA,NA,NA,NA,NA,NA,NA,NA,NA,NA,NA,NA,NA,NA,NA,NA,NA,NA,NA,,
Team,Home,Anselmians,Chester,First Half,Left to Right,00:36:01,Possession,4.92,70.26,NA,NA,NA,NA,NA,NA,NA,NA,NA,NA,NA,NA,NA,End,NA,NA,NA,NA,NA,NA,NA,NA,NA,NA,NA,NA,NA,NA,NA,NA,NA,NA,NA,NA,NA,NA,NA,NA,NA,NA,NA,NA,,
Team,Home,Anselmians,Chester,First Half,Left to Right,00:37:19,Possession,5.29,55.08,NA,NA,NA,NA,NA,NA,NA,NA,NA,NA,NA,NA,NA,Start,NA,NA,NA,NA,NA,NA,NA,NA,NA,NA,NA,NA,NA,NA,NA,NA,NA,NA,NA,NA,NA,NA,NA,NA,NA,NA,NA,NA,,
Team,Home,Anselmians,Chester,First Half,Left to Right,00:37:19,Scrum,5.04,55.19,NA,NA,NA,NA,NA,NA,NA,NA,NA,NA,NA,NA,NA,NA,NA,NA,NA,NA,NA,NA,NA,NA,NA,NA,NA,NA,NA,NA,NA,NA,Won,Neutral,Nine Pass,NA,NA,NA,NA,NA,NA,NA,NA,NA,,
11,Home,Anselmians,Chester,First Half,Left to Right,00:37:38,Carry,12.44,68.57,20.21,69.81,1,0,1,Other,On Target,Scrum,,NA,NA,NA,NA,NA,NA,NA,NA,NA,NA,NA,NA,NA,NA,NA,NA,NA,NA,NA,NA,NA,NA,NA,NA,NA,NA,NA,NA,NA,NA,NA,NA,NA,,
Team,Home,Anselmians,Chester,First Half,Left to Right,00:37:41,Possession,20.71,69.92,NA,NA,NA,NA,NA,NA,NA,NA,NA,NA,NA,NA,NA,End,NA,NA,NA,NA,NA,NA,NA,NA,NA,NA,NA,NA,NA,NA,NA,NA,NA,NA,NA,NA,NA,NA,NA,NA,NA,NA,NA,NA,,
10,Home,Anselmians,Chester,First Half,Left to Right,00:38:09,Tackle,23.59,41.93,NA,NA,NA,NA,NA,NA,NA,NA,NA,Missed,Neutral,NA,NA,NA,NA,NA,NA,NA,NA,NA,NA,NA,NA,NA,NA,NA,NA,NA,NA,NA,NA,NA,NA,NA,NA,NA,NA,NA,NA,NA,NA,NA,,
18,Home,Anselmians,Chester,First Half,Left to Right,00:38:11,Tackle,22.22,47.1,NA,NA,NA,NA,NA,NA,NA,NA,NA,Successful,Neutral,NA,NA,NA,NA,NA,NA,NA,NA,NA,NA,NA,NA,NA,NA,NA,NA,NA,NA,NA,NA,NA,NA,NA,NA,NA,NA,NA,NA,NA,NA,NA,,
8,Home,Anselmians,Chester,First Half,Left to Right,00:38:19,Tackle,17.95,69.47,NA,NA,NA,NA,NA,NA,NA,NA,NA,Successful,Dominant,NA,NA,NA,NA,NA,NA,NA,NA,NA,NA,NA,NA,NA,NA,NA,NA,NA,NA,NA,NA,NA,NA,NA,NA,NA,NA,NA,NA,NA,NA,NA,,
11,Home,Anselmians,Chester,First Half,Left to Right,00:38:19,Tackle,19.83,69.25,NA,NA,NA,NA,NA,NA,NA,NA,NA,Assist,Dominant,NA,NA,NA,NA,NA,NA,NA,NA,NA,NA,NA,NA,NA,NA,NA,NA,NA,NA,NA,NA,NA,NA,NA,NA,NA,NA,NA,NA,NA,NA,NA,,
3,Home,Anselmians,Chester,First Half,Left to Right,00:38:19,Tackle,20.08,69.14,NA,NA,NA,NA,NA,NA,NA,NA,NA,Assist,Neutral,NA,NA,NA,NA,NA,NA,NA,NA,NA,NA,NA,NA,NA,NA,NA,NA,NA,NA,NA,NA,NA,NA,NA,NA,NA,NA,NA,NA,NA,NA,NA,,
Team,Home,Anselmians,Chester,First Half,Left to Right,00:38:47,Possession,19.21,70.37,NA,NA,NA,NA,NA,NA,NA,NA,NA,NA,NA,NA,NA,Start,NA,NA,NA,NA,NA,NA,NA,NA,NA,NA,NA,NA,NA,NA,NA,NA,NA,NA,NA,NA,NA,NA,NA,NA,NA,NA,NA,NA,,
Team,Home,Anselmians,Chester,First Half,Left to Right,00:38:52,Lineout,18.33,69.92,18.2,60.14,NA,NA,NA,NA,NA,NA,NA,NA,NA,NA,NA,NA,NA,NA,NA,NA,NA,NA,NA,NA,NA,3,8,5,Middle,Successful,Off Top,Direct,NA,NA,NA,NA,NA,NA,NA,NA,NA,NA,NA,NA,,
1,Home,Anselmians,Chester,First Half,Left to Right,00:38:55,Carry,17.33,56.99,19.08,60.37,1,0,0,Other,NA,Lineout,,NA,NA,NA,NA,NA,NA,NA,NA,NA,NA,NA,NA,NA,NA,NA,NA,NA,NA,NA,NA,NA,NA,NA,NA,NA,NA,NA,NA,NA,NA,NA,NA,NA,,
Team,Home,Anselmians,Chester,First Half,Left to Right,00:38:55,Ruck,19.08,60.93,NA,NA,NA,NA,NA,NA,NA,NA,NA,NA,NA,NA,NA,NA,NA,NA,NA,NA,NA,NA,NA,NA,NA,NA,NA,NA,NA,NA,NA,NA,NA,NA,NA,NA,NA,NA,NA,NA,NA,NA,NA,NA,,
9,Home,Anselmians,Chester,First Half,Left to Right,00:38:59,Pass,19.33,60.37,19.33,60.37,NA,NA,NA,NA,NA,NA,NA,NA,NA,NA,NA,NA,NA,NA,Gainline Not Made,NA,NA,NA,NA,NA,NA,NA,NA,NA,NA,NA,NA,NA,NA,NA,NA,NA,NA,NA,NA,NA,NA,NA,NA,NA,,
10,Home,Anselmians,Chester,First Half,Left to Right,00:39:00,Kick,5.67,56.54,40.02,70.15,NA,NA,NA,NA,NA,NA,NA,NA,NA,Open Play,In Touch,NA,NA,NA,NA,NA,NA,NA,NA,NA,NA,NA,NA,NA,NA,NA,NA,NA,NA,NA,NA,NA,NA,NA,NA,NA,NA,NA,NA,NA,,
Team,Home,Anselmians,Chester,First Half,Left to Right,00:39:00,Possession,6.04,56.54,NA,NA,NA,NA,NA,NA,NA,NA,NA,NA,NA,NA,NA,End,NA,NA,NA,NA,NA,NA,NA,NA,NA,NA,NA,NA,NA,NA,NA,NA,NA,NA,NA,NA,NA,NA,NA,NA,NA,NA,NA,NA,,
10,Home,Anselmians,Chester,First Half,Left to Right,00:39:31,Tackle,36.13,52.5,NA,NA,NA,NA,NA,NA,NA,NA,NA,Successful,Passive,NA,NA,NA,NA,NA,NA,NA,NA,NA,NA,NA,NA,NA,NA,NA,NA,NA,NA,NA,NA,NA,NA,NA,NA,NA,NA,NA,NA,NA,NA,NA,,
1,Home,Anselmians,Chester,First Half,Left to Right,00:39:31,Tackle,37.51,51.93,NA,NA,NA,NA,NA,NA,NA,NA,NA,Assist,Passive,NA,NA,NA,NA,NA,NA,NA,NA,NA,NA,NA,NA,NA,NA,NA,NA,NA,NA,NA,NA,NA,NA,NA,NA,NA,NA,NA,NA,NA,NA,NA,,
4,Home,Anselmians,Chester,First Half,Left to Right,00:39:38,Tackle,30.11,38.44,NA,NA,NA,NA,NA,NA,NA,NA,NA,Successful,Neutral,NA,NA,NA,NA,NA,NA,NA,NA,NA,NA,NA,NA,NA,NA,NA,NA,NA,NA,NA,NA,NA,NA,NA,NA,NA,NA,NA,NA,NA,NA,NA,,
1,Home,Anselmians,Chester,First Half,Left to Right,00:39:40,Tackle,26.73,39.12,NA,NA,NA,NA,NA,NA,NA,NA,NA,Assist,Neutral,NA,NA,NA,NA,NA,NA,NA,NA,NA,NA,NA,NA,NA,NA,NA,NA,NA,NA,NA,NA,NA,NA,NA,NA,NA,NA,NA,NA,NA,NA,NA,,
5,Home,Anselmians,Chester,First Half,Left to Right,00:39:47,Tackle,31.12,23.38,NA,NA,NA,NA,NA,NA,NA,NA,NA,Successful,Neutral,NA,NA,NA,NA,NA,NA,NA,NA,NA,NA,NA,NA,NA,NA,NA,NA,NA,NA,NA,NA,NA,NA,NA,NA,NA,NA,NA,NA,NA,NA,NA,,
12,Home,Anselmians,Chester,First Half,Left to Right,00:39:55,Tackle,33.75,15.39,NA,NA,NA,NA,NA,NA,NA,NA,NA,Missed,Neutral,NA,NA,NA,NA,NA,NA,NA,NA,NA,NA,NA,NA,NA,NA,NA,NA,NA,NA,NA,NA,NA,NA,NA,NA,NA,NA,NA,NA,NA,NA,NA,,
17,Home,Anselmians,Chester,First Half,Left to Right,00:39:55,Tackle,33.88,17.76,NA,NA,NA,NA,NA,NA,NA,NA,NA,Missed,Passive,NA,NA,NA,NA,NA,NA,NA,NA,NA,NA,NA,NA,NA,NA,NA,NA,NA,NA,NA,NA,NA,NA,NA,NA,NA,NA,NA,NA,NA,NA,NA,,
4,Home,Anselmians,Chester,First Half,Left to Right,00:39:57,Tackle,33.25,20.34,NA,NA,NA,NA,NA,NA,NA,NA,NA,Missed,Passive,NA,NA,NA,NA,NA,NA,NA,NA,NA,NA,NA,NA,NA,NA,NA,NA,NA,NA,NA,NA,NA,NA,NA,NA,NA,NA,NA,NA,NA,NA,NA,,
18,Home,Anselmians,Chester,First Half,Left to Right,00:39:58,Tackle,23.97,23.04,NA,NA,NA,NA,NA,NA,NA,NA,NA,Missed,Passive,NA,NA,NA,NA,NA,NA,NA,NA,NA,NA,NA,NA,NA,NA,NA,NA,NA,NA,NA,NA,NA,NA,NA,NA,NA,NA,NA,NA,NA,NA,NA,,
15,Home,Anselmians,Chester,First Half,Left to Right,00:41:28,Kick,49.92,35.86,74.49,13.26,NA,NA,NA,NA,NA,NA,NA,NA,NA,Kick-Off,In Touch,NA,NA,NA,NA,NA,NA,NA,NA,NA,NA,NA,NA,NA,NA,NA,NA,NA,NA,NA,NA,NA,NA,NA,NA,NA,NA,NA,NA,NA,,
17,Home,Anselmians,Chester,First Half,Left to Right,00:41:31,Tackle,76.25,11.91,NA,NA,NA,NA,NA,NA,NA,NA,NA,Successful,Neutral,NA,NA,NA,NA,NA,NA,NA,NA,NA,NA,NA,NA,NA,NA,NA,NA,NA,NA,NA,NA,NA,NA,NA,NA,NA,NA,NA,NA,NA,NA,NA,,
Team,Home,Anselmians,Chester,First Half,Left to Right,00:41:45,Pen Won,51.93,10.11,NA,NA,NA,NA,NA,NA,NA,NA,NA,NA,NA,NA,NA,NA,NA,Taking Man in Air,NA,NA,NA,NA,NA,NA,NA,NA,NA,NA,NA,NA,NA,NA,NA,NA,NA,NA,NA,NA,NA,NA,NA,NA,NA,NA,,
Team,Home,Anselmians,Chester,First Half,Left to Right,00:42:14,Possession,52.56,10.34,NA,NA,NA,NA,NA,NA,NA,NA,NA,NA,NA,NA,NA,Start,NA,NA,NA,NA,NA,NA,NA,NA,NA,NA,NA,NA,NA,NA,NA,NA,NA,NA,NA,NA,NA,NA,NA,NA,NA,NA,NA,NA,,
15,Home,Anselmians,Chester,First Half,Left to Right,00:42:15,Kick,53.31,10.11,93.68,-0.23,NA,NA,NA,NA,NA,NA,NA,NA,NA,Touch Kick,In Touch,NA,NA,NA,NA,NA,NA,NA,NA,NA,NA,NA,NA,NA,NA,NA,NA,NA,NA,NA,NA,NA,NA,NA,NA,NA,NA,NA,NA,NA,,
Team,Home,Anselmians,Chester,First Half,Left to Right,00:42:17,Possession,93.68,-0.01,NA,NA,NA,NA,NA,NA,NA,NA,NA,NA,NA,NA,NA,End,NA,NA,NA,NA,NA,NA,NA,NA,NA,NA,NA,NA,NA,NA,NA,NA,NA,NA,NA,NA,NA,NA,NA,NA,NA,NA,NA,NA,,
Team,Home,Anselmians,Chester,First Half,Left to Right,00:42:51,Possession,93.93,-0.23,NA,NA,NA,NA,NA,NA,NA,NA,NA,NA,NA,NA,NA,Start,NA,NA,NA,NA,NA,NA,NA,NA,NA,NA,NA,NA,NA,NA,NA,NA,NA,NA,NA,NA,NA,NA,NA,NA,NA,NA,NA,NA,,
Team,Home,Anselmians,Chester,First Half,Left to Right,00:42:51,Lineout,94.05,-0.01,93.8,8.76,NA,NA,NA,NA,NA,NA,NA,NA,NA,NA,NA,NA,NA,NA,NA,NA,NA,NA,NA,NA,NA,3,8,5,Middle,Successful,Down and Drive,None,NA,NA,NA,NA,NA,NA,NA,NA,NA,NA,NA,NA,,
14,Home,Anselmians,Chester,First Half,Left to Right,00:43:06,Try,100.07,5.28,NA,NA,NA,NA,NA,NA,NA,NA,NA,NA,NA,NA,NA,NA,NA,NA,NA,NA,NA,NA,NA,Scored,NA,NA,NA,NA,NA,NA,NA,NA,NA,NA,NA,NA,NA,NA,NA,NA,NA,NA,NA,NA,,
Team,Home,Anselmians,Chester,First Half,Left to Right,00:43:20,Possession,99.82,5.73,NA,NA,NA,NA,NA,NA,NA,NA,NA,NA,NA,NA,NA,End,NA,NA,NA,NA,NA,NA,NA,NA,NA,NA,NA,NA,NA,NA,NA,NA,NA,NA,NA,NA,NA,NA,NA,NA,NA,NA,NA,NA,,
10,Home,Anselmians,Chester,First Half,Left to Right,00:44:17,Kick,71.86,4.94,93.93,43.95,NA,NA,NA,NA,NA,NA,NA,NA,NA,Conversion,Unsuccessful,NA,NA,NA,NA,NA,NA,NA,NA,NA,NA,NA,NA,NA,NA,NA,NA,NA,NA,NA,NA,NA,NA,NA,NA,NA,NA,NA,NA,NA,,