"","ID","Team","Opponent","Half","Minute","Event_Type","Start_X","Start_Y","End_X","End_Y","GLS","Linebreak","Prior_GLS","Type","Pass_Receipt","Source","Defenders_Infront","Distance","pitch_location"
"1","5","Anselmians","Huddersfield","First Half",00:03:52,"Carry",66.22,55.76,65.84,57.56,"No GLS",0,0,"Kick Return",NA,"Multi-Phase",NA,1.84,"Halfway to Opposition 22"
"2","1","Anselmians","Huddersfield","First Half",00:04:01,"Carry",60.83,53.73,60.2,54.18,"No GLS",0,0,"One Out","On Target","Multi-Phase",NA,0.77,"Halfway to Opposition 22"
"3","8","Anselmians","Huddersfield","First Half",00:04:07,"Carry",53.81,34.84,56.82,34.84,"No GLS",0,0,"Other","On Target","Multi-Phase",NA,3.01,"Halfway to Opposition 22"
"4","13","Anselmians","Huddersfield","First Half",00:04:17,"Carry",49.92,7.86,58.2,15.84,"No GLS",0,0,"Other","On Target","Multi-Phase",NA,11.5,"Own 22 to Halfway"
"5","8","Anselmians","Huddersfield","First Half",00:04:23,"Carry",56.44,11.23,58.07,11.12,"GLS",0,0,"Other","On Target","Multi-Phase",NA,1.63,"Halfway to Opposition 22"
"6","6","Anselmians","Huddersfield","First Half",00:04:30,"Carry",52.68,16.63,58.45,20.68,"GLS",0,0,"One Out","On Target","Multi-Phase",NA,7.05,"Halfway to Opposition 22"
"7","6","Anselmians","Huddersfield","First Half",00:05:22,"Carry",80.14,4.94,90.29,9.77,"GLS",0,0,"Other",NA,"Multi-Phase",NA,11.24,"Opposition 22"
"8","15","Anselmians","Huddersfield","First Half",00:05:29,"Carry",78.26,34.96,89.04,37.21,"No GLS",0,0,"Other",NA,"Multi-Phase",NA,11.01,"Opposition 22"
"9","12","Anselmians","Huddersfield","First Half",00:05:35,"Carry",89.79,47.66,95.05,54.41,"GLS",0,0,"One Out",NA,"Multi-Phase",NA,8.56,"Opposition 22"
"10","13","Anselmians","Huddersfield","First Half",00:05:57,"Carry",50.42,52.05,62.84,20.23,"No GLS",0,0,"Kick Return",NA,"Multi-Phase",NA,34.16,"Halfway to Opposition 22"
"11","12","Anselmians","Huddersfield","First Half",00:06:02,"Carry",63.46,7.75,90.42,2.35,"No GLS",1,0,"Kick Return","On Target","Multi-Phase",NA,27.5,"Halfway to Opposition 22"
"12","15","Anselmians","Huddersfield","First Half",00:06:30,"Carry",50.17,0.1,57.44,17.08,"No GLS",0,0,"Kick Return",NA,"Multi-Phase",NA,18.47,"Halfway to Opposition 22"
"13","9","Anselmians","Huddersfield","First Half",00:07:08,"Carry",89.16,57.78,95.05,57.33,"GLS",0,1,"Other",NA,"Lineout",NA,5.91,"Opposition 22"
"14","7","Anselmians","Huddersfield","First Half",00:07:10,"Carry",94.8,57.22,94.8,56.54,"No GLS",0,1,"Pick & Go",NA,"Multi-Phase",NA,0.68,"Opposition 22"
"15","6","Anselmians","Huddersfield","First Half",00:07:18,"Carry",92.05,52.38,95.18,51.82,"No GLS",0,1,"One Out",NA,"Multi-Phase",NA,3.18,"Opposition 22"
"16","15","Anselmians","Huddersfield","First Half",00:07:29,"Carry",83.27,22.59,99.69,30.68,"GLS",0,0,"Other","On Target","Multi-Phase",NA,18.3,"Opposition 22"
"17","2","Anselmians","Huddersfield","First Half",00:07:34,"Carry",98.82,29.11,100.07,27.87,"GLS",0,0,"One Out","On Target","Multi-Phase",NA,1.76,"Opposition 22"
"18","7","Anselmians","Huddersfield","First Half",00:09:13,"Carry",25.6,10.11,30.36,4.49,"No GLS",0,0,"Kick Return",NA,"Multi-Phase",NA,7.36,"Own 22 to Halfway"
"19","1","Anselmians","Huddersfield","First Half",00:09:20,"Carry",27.86,13.71,30.11,14.16,"No GLS",0,0,"One Out",NA,"Multi-Phase",NA,2.29,"Own 22 to Halfway"
"20","12","Anselmians","Huddersfield","First Half",00:11:45,"Carry",1.4,39.34,31.12,54.41,"GLS",1,0,"One Out","Off Target","Lineout",NA,33.32,"Own 22"
"21","4","Anselmians","Huddersfield","First Half",00:11:53,"Carry",28.23,61.38,37.39,64.75,"GLS",0,0,"Other","On Target","Multi-Phase",NA,9.76,"Own 22 to Halfway"
"22","8","Anselmians","Huddersfield","First Half",00:12:00,"Carry",35,54.74,35.25,54.74,"No GLS",0,1,"One Out","On Target","Multi-Phase",NA,0.25,"Own 22 to Halfway"
"23","12","Anselmians","Huddersfield","First Half",00:12:04,"Carry",30.99,44.51,34.25,39.57,"No GLS",0,1,"One Out","On Target","Multi-Phase",NA,5.92,"Own 22 to Halfway"
"24","8","Anselmians","Huddersfield","First Half",00:20:06,"Carry",47.54,16.29,50.67,7.52,"No GLS",1,0,"Kick Return",NA,"Multi-Phase",NA,9.31,"Own 22 to Halfway"
"25","1","Anselmians","Huddersfield","First Half",00:20:18,"Carry",44.91,14.61,47.16,18.99,"No GLS",0,0,"One Out","On Target","Multi-Phase",NA,4.92,"Own 22 to Halfway"
"26","4","Anselmians","Huddersfield","First Half",00:20:22,"Carry",46.54,18.65,51.55,21.24,"GLS",0,0,"Support Carry",NA,"Multi-Phase",NA,5.64,"Own 22 to Halfway"
"27","8","Anselmians","Huddersfield","First Half",00:20:28,"Carry",49.3,15.96,53.31,11.8,"GLS",0,0,"One Out","On Target","Multi-Phase",NA,5.78,"Own 22 to Halfway"
"28","2","Anselmians","Huddersfield","First Half",00:20:39,"Carry",48.42,27.42,50.8,29.45,"No GLS",0,0,"Other","On Target","Multi-Phase",NA,3.13,"Own 22 to Halfway"
"29","5","Anselmians","Huddersfield","First Half",00:20:46,"Carry",46.04,53.73,51.18,54.97,"GLS",0,0,"Other","On Target","Multi-Phase",NA,5.29,"Own 22 to Halfway"
"30","11","Anselmians","Huddersfield","First Half",00:20:52,"Carry",54.31,69.25,59.7,64.75,"No GLS",0,0,"Support Carry","On Target","Multi-Phase",NA,7.02,"Halfway to Opposition 22"
"31","13","Anselmians","Huddersfield","First Half",00:20:56,"Carry",59.83,64.3,60.2,62.5,"No GLS",0,0,"Pick & Go","On Target","Multi-Phase",NA,1.84,"Halfway to Opposition 22"
"32","3","Anselmians","Huddersfield","First Half",00:21:02,"Carry",59.95,62.5,62.58,54.97,"GLS",0,0,"Support Carry",NA,"Multi-Phase",NA,7.98,"Halfway to Opposition 22"
"33","6","Anselmians","Huddersfield","First Half",00:21:09,"Carry",57.57,48,64.09,46.99,"GLS",0,0,"One Out","On Target","Multi-Phase",NA,6.6,"Halfway to Opposition 22"
"34","14","Anselmians","Huddersfield","First Half",00:23:18,"Carry",49.67,12.7,57.44,21.13,"No GLS",0,0,"Kick Return",NA,"Multi-Phase",NA,11.46,"Own 22 to Halfway"
"35","5","Anselmians","Huddersfield","First Half",00:24:36,"Carry",93.68,4.49,97.19,2.58,"GLS",0,0,"Other",NA,"Multi-Phase",NA,4,"Opposition 22"
"36","8","Anselmians","Huddersfield","First Half",00:24:43,"Carry",93.93,13.93,100.07,17.08,"GLS",0,0,"Other","On Target","Multi-Phase",NA,6.9,"Opposition 22"
"37","15","Anselmians","Huddersfield","First Half",00:27:18,"Carry",43.03,36.87,56.57,54.52,"GLS",0,0,"One Out","On Target","Multi-Phase",NA,22.25,"Own 22 to Halfway"
"38","12","Anselmians","Huddersfield","First Half",00:28:02,"Carry",65.72,53.62,94.68,54.63,"GLS",1,0,"One Out","On Target","Multi-Phase",NA,28.98,"Halfway to Opposition 22"
"39","6","Anselmians","Huddersfield","First Half",00:28:08,"Carry",93.8,52.83,99.57,51.93,"GLS",0,0,"One Out","On Target","Multi-Phase",NA,5.84,"Opposition 22"
"40","1","Anselmians","Huddersfield","First Half",00:28:13,"Carry",99.69,51.03,100.07,50.92,"GLS",0,0,"Pick & Go",NA,"Multi-Phase",NA,0.4,"Opposition 22"
"41","8","Anselmians","Huddersfield","First Half",00:28:17,"Carry",99.82,48.22,99.94,47.55,"No GLS",0,0,"Pick & Go",NA,"Multi-Phase",NA,0.68,"Opposition 22"
"42","15","Anselmians","Huddersfield","First Half",00:28:26,"Carry",93.43,13.37,100.07,6.85,"GLS",1,0,"Other",NA,"Multi-Phase",NA,9.31,"Opposition 22"
"43","15","Anselmians","Huddersfield","First Half",00:32:15,"Carry",34,14.49,51.05,1.79,"No GLS",0,0,"Kick Return","On Target","Multi-Phase",NA,21.26,"Own 22 to Halfway"
"44","14","Anselmians","Huddersfield","First Half",00:32:18,"Carry",51.43,0.78,53.93,4.71,"No GLS",0,0,"Kick Return","On Target","Multi-Phase",NA,4.66,"Halfway to Opposition 22"
"45","1","Anselmians","Huddersfield","First Half",00:32:27,"Carry",45.16,34.96,54.94,35.86,"GLS",0,0,"Other","On Target","Multi-Phase",NA,9.82,"Own 22 to Halfway"
"46","17","Anselmians","Huddersfield","First Half",00:32:32,"Carry",53.06,58.34,57.7,60.7,"GLS",0,0,"Other","On Target","Multi-Phase",NA,5.21,"Halfway to Opposition 22"
"47","2","Anselmians","Huddersfield","First Half",00:33:25,"Carry",79.26,56.54,80.51,55.87,"GLS",0,0,"Other",NA,"Lineout",NA,1.42,"Opposition 22"
"48","4","Anselmians","Huddersfield","First Half",00:33:33,"Carry",77,31.58,80.64,31.25,"No GLS",0,0,"Other","On Target","Multi-Phase",NA,3.65,"Halfway to Opposition 22"
"49","9","Anselmians","Huddersfield","First Half",00:38:13,"Carry",6.42,43.05,11.06,38.44,"GLS",0,0,"Pick & Go",NA,"Scrum",NA,6.54,"Own 22"
"50","18","Anselmians","Huddersfield","First Half",00:38:25,"Carry",18.71,54.97,39.89,69.81,"GLS",1,0,"Other","On Target","Multi-Phase",NA,25.86,"Own 22"
"51","10","Anselmians","Huddersfield","First Half",00:41:02,"Carry",73.87,62.61,75.37,61.27,"No GLS",0,0,"Kick Return",NA,"Multi-Phase",NA,2.01,"Halfway to Opposition 22"
"52","17","Anselmians","Huddersfield","First Half",00:42:38,"Carry",73.74,61.72,70.98,57.22,"No GLS",0,0,"Pick & Go",NA,"Scrum",NA,5.28,"Halfway to Opposition 22"
"53","8","Anselmians","Huddersfield","First Half",00:42:44,"Carry",64.21,48.79,69.61,49.01,"GLS",0,0,"One Out","On Target","Multi-Phase",NA,5.4,"Halfway to Opposition 22"
"54","1","Anselmians","Huddersfield","First Half",00:42:50,"Carry",63.71,22.14,68.35,21.13,"No GLS",0,1,"One Out","On Target","Multi-Phase",NA,4.75,"Halfway to Opposition 22"
"55","2","Anselmians","Huddersfield","First Half",00:44:00,"Carry",94.93,5.73,98.31,8.09,"GLS",0,1,"Other",NA,"Lineout",NA,4.12,"Opposition 22"
"56","17","Anselmians","Huddersfield","First Half",00:44:12,"Carry",92.17,27.42,94.43,30.23,"No GLS",0,1,"Other",NA,"Lineout",NA,3.61,"Opposition 22"
"57","19","Anselmians","Huddersfield","First Half",00:44:19,"Carry",94.8,41.82,99.44,41.37,"GLS",0,1,"Other",NA,"Multi-Phase",NA,4.66,"Opposition 22"
"58","11","Anselmians","Huddersfield","First Half",00:44:25,"Carry",93.3,65.09,100.32,68.57,"GLS",1,1,"Other","On Target","Multi-Phase",NA,7.84,"Opposition 22"
"59","6","Anselmians","Leek","Second Half",00:53:31,"Carry",30.91,14.67,31.25,14.56,"No GLS",0,0,"Support Carry","On Target","Multi-Phase",NA,0.36,"Own 22 to Halfway"
"60","21","Anselmians","Leek","Second Half",00:53:36,"Carry",33.63,21.41,35.17,22.42,"No GLS",0,0,"Kick Return","On Target","Multi-Phase",NA,1.84,"Own 22 to Halfway"
"61","7","Anselmians","Leek","Second Half",00:53:42,"Carry",31.59,35,32.1,36.68,"No GLS",0,0,"One Out","On Target","Multi-Phase",NA,1.76,"Own 22 to Halfway"
"62","10","Anselmians","Leek","Second Half",00:53:48,"Carry",27.67,50.27,33.98,52.07,"GLS",0,0,"One Out","On Target","Multi-Phase",NA,6.56,"Own 22 to Halfway"
"63","20","Anselmians","Leek","Second Half",00:53:54,"Carry",32.1,63.75,37.04,64.31,"GLS",0,0,"Other","On Target","Multi-Phase",NA,4.97,"Own 22 to Halfway"
"64","19","Anselmians","Leek","Second Half",00:56:27,"Carry",77.93,36.23,82.53,36.68,"GLS",0,0,"Other","On Target","Multi-Phase",NA,4.62,"Halfway to Opposition 22"
"65","14","Anselmians","Leek","Second Half",00:57:26,"Carry",44.54,5.35,54.59,6.81,"No GLS",0,0,"Kick Return","On Target","Multi-Phase",NA,10.16,"Own 22 to Halfway"
"66","6","Anselmians","Leek","Second Half",00:58:24,"Carry",29.55,14.11,30.4,16.13,"No GLS",0,0,"Other","On Target","Multi-Phase",NA,2.19,"Own 22 to Halfway"
"67","20","Anselmians","Leek","Second Half",00:59:00,"Carry",55.95,53.64,99.9,34.89,"GLS",1,0,"Other","On Target","Multi-Phase",NA,47.78,"Halfway to Opposition 22"
"68","21","Anselmians","Leek","Second Half",01:00:35,"Carry",28.18,19.95,28.86,16.91,"No GLS",0,0,"Kick Return","On Target","Multi-Phase",NA,3.12,"Own 22 to Halfway"
"69","20","Anselmians","Leek","Second Half",01:01:51,"Carry",30.91,35,35.51,37.69,"No GLS",0,0,"Other","On Target","Multi-Phase",NA,5.33,"Own 22 to Halfway"
"70","6","Anselmians","Leek","Second Half",01:02:02,"Carry",31.76,28.26,34.66,26.01,"GLS",0,0,"One Out","On Target","Multi-Phase",NA,3.67,"Own 22 to Halfway"
"71","14","Anselmians","Leek","Second Half",01:11:57,"Carry",6.72,14.67,23.58,14.78,"No GLS",0,1,"Kick Return",NA,"Multi-Phase",NA,16.86,"Own 22"
"72","6","Anselmians","Leek","Second Half",01:12:11,"Carry",17.96,25.23,47.77,20.62,"GLS",1,1,"One Out","On Target","Multi-Phase",NA,30.16,"Own 22"
"73","13","Anselmians","Leek","Second Half",01:12:22,"Carry",50.16,69.14,65.15,61.84,"GLS",0,1,"Other","On Target","Multi-Phase",NA,16.67,"Halfway to Opposition 22"
"74","18","Anselmians","Leek","Second Half",01:12:34,"Carry",49.14,34.55,59.53,36.68,"No GLS",0,0,"Other","On Target","Multi-Phase",NA,10.61,"Own 22 to Halfway"
"75","22","Anselmians","Leek","Second Half",01:20:12,"Carry",1.61,38.48,1.61,37.24,"No GLS",0,0,"Support Carry",NA,"Multi-Phase",NA,1.24,"Own 22"
"76","2","Anselmians","Leek","Second Half",01:21:08,"Carry",23.58,13.66,38.4,6.13,"GLS",0,0,"Other","On Target","Multi-Phase",NA,16.62,"Own 22 to Halfway"
"77","15","Anselmians","Leek","Second Half",01:22:56,"Carry",39.94,47.58,68.73,53.98,"GLS",1,0,"Other","On Target","Multi-Phase",NA,29.49,"Own 22 to Halfway"
"78","11","Anselmians","Leek","Second Half",01:23:00,"Carry",69.07,54.77,100.24,54.43,"No GLS",0,0,"Support Carry","On Target","Multi-Phase",NA,31.17,"Halfway to Opposition 22"
"79","2","Anselmians","Leek","Second Half",01:30:42,"Carry",44.03,58.7,51.52,57.57,"GLS",0,0,"Other",NA,"Multi-Phase",NA,7.57,"Own 22 to Halfway"
"80","6","Anselmians","Leek","Second Half",01:30:47,"Carry",48.29,54.54,52.03,51.62,"No GLS",0,0,"One Out","On Target","Multi-Phase",NA,4.74,"Own 22 to Halfway"
"81","1","Anselmians","Leek","Second Half",01:30:56,"Carry",44.71,39.83,52.2,37.81,"GLS",0,0,"One Out","On Target","Multi-Phase",NA,7.76,"Own 22 to Halfway"
"82","15","Anselmians","Leek","Second Half",01:31:05,"Carry",44.54,14.22,52.71,7.82,"GLS",0,0,"Other","On Target","Multi-Phase",NA,10.38,"Own 22 to Halfway"
"83","6","Anselmians","Leek","Second Half",01:31:12,"Carry",48.11,14.78,55.61,12.53,"GLS",0,0,"One Out","On Target","Multi-Phase",NA,7.83,"Own 22 to Halfway"
"84","7","Anselmians","Leek","Second Half",01:31:19,"Carry",47.26,36.12,50.16,34.55,"No GLS",0,0,"Other","On Target","Multi-Phase",NA,3.3,"Own 22 to Halfway"
"85","9","Anselmians","Manchester","First Half",00:00:38,"Carry",60.15,62.53,59.39,59.61,"No GLS",0,0,"Other",NA,"Lineout",NA,3.02,"Halfway to Opposition 22"
"86","7","Anselmians","Manchester","First Half",00:00:45,"Carry",52.57,52.32,55.15,52.55,"No GLS",0,0,"One Out",NA,"Multi-Phase",NA,2.59,"Halfway to Opposition 22"
"87","4","Anselmians","Manchester","First Half",00:00:53,"Carry",50.14,36.39,55.15,33.47,"GLS",0,0,"Other",NA,"Multi-Phase",NA,5.8,"Halfway to Opposition 22"
"88","20","Anselmians","Manchester","First Half",00:01:02,"Carry",48.93,15.19,56.96,14.62,"GLS",0,0,"Other",NA,"Multi-Phase",NA,8.05,"Own 22 to Halfway"
"89","9","Anselmians","Manchester","First Half",00:01:06,"Carry",56.81,14.74,57.27,17.43,"No GLS",0,0,"Pick & Go",NA,"Multi-Phase",NA,2.73,"Halfway to Opposition 22"
"90","10","Anselmians","Manchester","First Half",00:01:47,"Carry",34.98,63.43,36.96,56.25,"No GLS",0,0,"Kick Return",NA,"Multi-Phase",NA,7.45,"Own 22 to Halfway"
"91","8","Anselmians","Manchester","First Half",00:01:56,"Carry",28.01,51.42,33.01,50.64,"No GLS",0,0,"One Out",NA,"Multi-Phase",NA,5.06,"Own 22 to Halfway"
"92","7","Anselmians","Manchester","First Half",00:03:53,"Carry",45.29,53,51.05,46.82,"GLS",0,0,"One Out",NA,"Multi-Phase",NA,8.45,"Own 22 to Halfway"
"93","19","Anselmians","Manchester","First Half",00:04:15,"Carry",38.62,13.05,47.41,24.83,"GLS",0,0,"Other",NA,"Lineout",NA,14.7,"Own 22 to Halfway"
"94","3","Anselmians","Manchester","First Half",00:06:16,"Carry",60.45,4.98,60.45,4.98,"No GLS",0,0,"Other",NA,"Lineout",NA,0,"Halfway to Opposition 22"
"95","21","Anselmians","Manchester","First Half",00:06:24,"Carry",57.72,13.73,60.6,14.4,"GLS",0,0,"One Out",NA,"Lineout",NA,2.96,"Halfway to Opposition 22"
"96","17","Anselmians","Manchester","First Half",00:06:29,"Carry",56.81,34.37,59.09,35.04,"No GLS",0,0,"Other",NA,"Lineout",NA,2.38,"Halfway to Opposition 22"
"97","15","Anselmians","Manchester","First Half",00:06:37,"Carry",51.51,60.96,48.17,59.95,"No GLS",0,0,"Other",NA,"Lineout",NA,3.49,"Halfway to Opposition 22"
"98","1","Anselmians","Manchester","First Half",00:06:47,"Carry",42.72,53.56,44.99,52.77,"No GLS",0,0,"One Out",NA,"Multi-Phase",NA,2.4,"Own 22 to Halfway"
"99","21","Anselmians","Manchester","First Half",00:06:54,"Carry",41.2,34.03,44.38,34.93,"No GLS",0,0,"Other",NA,"Multi-Phase",NA,3.3,"Own 22 to Halfway"
"100","8","Anselmians","Manchester","First Half",00:07:00,"Carry",41.05,16.42,42.87,14.85,"No GLS",0,0,"Other",NA,"Multi-Phase",NA,2.4,"Own 22 to Halfway"
"101","13","Anselmians","Manchester","First Half",00:10:09,"Carry",13.76,65,20.43,63.43,"GLS",0,0,"Other",NA,"Multi-Phase",NA,6.85,"Own 22"
"102","9","Anselmians","Manchester","First Half",00:10:13,"Carry",19.52,62.98,24.22,60.4,"No GLS",0,0,"Support Carry",NA,"Multi-Phase",NA,5.36,"Own 22"
"103","17","Anselmians","Manchester","First Half",00:10:23,"Carry",20.13,51.31,24.22,50.86,"GLS",0,0,"One Out",NA,"Multi-Phase",NA,4.11,"Own 22"
"104","8","Anselmians","Manchester","First Half",00:12:35,"Carry",44.69,56.25,47.57,62.2,"GLS",1,1,"Pick & Go",NA,"Scrum",NA,6.61,"Own 22 to Halfway"
"105","13","Anselmians","Manchester","First Half",00:12:36,"Carry",47.11,69.26,55.15,69.04,"No GLS",0,1,"Support Carry",NA,"Scrum",NA,8.04,"Own 22 to Halfway"
"106","13","Anselmians","Manchester","First Half",00:13:04,"Carry",58.48,55.8,58.93,56.59,"No GLS",0,1,"Kick Return",NA,"Scrum",NA,0.91,"Halfway to Opposition 22"
"107","3","Anselmians","Manchester","First Half",00:13:13,"Carry",54.24,51.31,59.54,49.18,"No GLS",0,1,"One Out",NA,"Multi-Phase",NA,5.71,"Halfway to Opposition 22"
"108","19","Anselmians","Manchester","First Half",00:13:20,"Carry",54.84,30.44,61.97,28.87,"GLS",0,1,"Other",NA,"Multi-Phase",NA,7.3,"Halfway to Opposition 22"
"109","14","Anselmians","Manchester","First Half",00:17:03,"Carry",70.3,35.72,74.24,39.87,"No GLS",0,0,"Other",NA,"Scrum",NA,5.72,"Halfway to Opposition 22"
"110","21","Anselmians","Manchester","First Half",00:17:08,"Carry",73.49,46.26,82.13,47.5,"GLS",0,0,"Pick & Go",NA,"Multi-Phase",NA,8.73,"Halfway to Opposition 22"
"111","2","Anselmians","Manchester","First Half",00:18:00,"Carry",94.86,65.22,99.41,64.21,"GLS",0,0,"Other",NA,"Multi-Phase",NA,4.66,"Opposition 22"
"112","8","Anselmians","Manchester","First Half",00:20:57,"Carry",96.07,56.36,100.01,54.9,"GLS",0,0,"Pick & Go",NA,"Scrum",NA,4.2,"Opposition 22"
"113","2","Anselmians","Manchester","First Half",00:24:55,"Carry",68.64,69.04,71.06,64.89,"GLS",0,0,"Kick Return",NA,"Scrum",NA,4.8,"Halfway to Opposition 22"
"114","21","Anselmians","Manchester","First Half",00:25:03,"Carry",71.06,52.66,73.79,51.42,"No GLS",0,0,"Other",NA,"Multi-Phase",NA,3,"Halfway to Opposition 22"
"115","13","Anselmians","Manchester","First Half",00:25:13,"Carry",63.33,21.24,66.21,19.11,"No GLS",0,0,"Other",NA,"Multi-Phase",NA,3.58,"Halfway to Opposition 22"
"116","7","Anselmians","Manchester","First Half",00:25:24,"Carry",60.45,19.34,60.15,19.56,"No GLS",0,0,"Pick & Go",NA,"Multi-Phase",NA,0.37,"Halfway to Opposition 22"
"117","17","Anselmians","Manchester","First Half",00:26:57,"Carry",19.22,27.19,21.19,29.21,"GLS",0,0,"One Out",NA,"Lineout",NA,2.82,"Own 22"
"118","15","Anselmians","Manchester","First Half",00:27:18,"Carry",25.43,67.13,39.99,66.8,"No GLS",0,0,"Kick Return",NA,"Multi-Phase",NA,14.56,"Own 22 to Halfway"
"119","7","Anselmians","Manchester","First Half",00:28:31,"Carry",60,63.99,60.75,65.22,"GLS",0,0,"Other",NA,"Multi-Phase",NA,1.44,"Halfway to Opposition 22"
"120","4","Anselmians","Manchester","First Half",00:28:52,"Carry",57.87,55.35,54.99,52.66,"No GLS",0,0,"Other",NA,"Multi-Phase",NA,3.94,"Halfway to Opposition 22"
"121","19","Anselmians","Manchester","First Half",00:30:50,"Carry",17.94,21.92,25.26,30,"No GLS",0,0,"One Out",NA,"Lineout",NA,10.9,"Own 22"
"122","14","Anselmians","Manchester","First Half",00:32:19,"Carry",76.88,13.73,80.86,10.25,"GLS",0,0,"One Out",NA,"Lineout",NA,5.29,"Halfway to Opposition 22"
"123","13","Anselmians","Manchester","First Half",00:32:31,"Carry",94.86,69.38,99.88,68.7,"GLS",1,0,"Other",NA,"Multi-Phase",NA,5.07,"Opposition 22"
"124","17","Anselmians","Manchester","First Half",00:34:03,"Carry",24.63,4.41,24.63,14.4,"No GLS",0,0,"Kick Return",NA,"Multi-Phase",NA,9.99,"Own 22 to Halfway"
"125","1","Anselmians","Manchester","First Half",00:34:14,"Carry",19.83,25.28,24.21,31.12,"No GLS",0,0,"One Out",NA,"Multi-Phase",NA,7.3,"Own 22"
"126","19","Anselmians","Manchester","First Half",00:35:34,"Carry",56.82,53.11,60.79,55.46,"No GLS",0,0,"Other",NA,"Lineout",NA,4.61,"Halfway to Opposition 22"
"127","7","Anselmians","Manchester","First Half",00:35:40,"Carry",57.24,51.54,60.16,50.19,"No GLS",0,0,"One Out",NA,"Multi-Phase",NA,3.22,"Halfway to Opposition 22"
"128","14","Anselmians","Manchester","First Half",00:38:03,"Carry",30.9,15.75,36.96,18.55,"No GLS",0,0,"Kick Return",NA,"Multi-Phase",NA,6.68,"Own 22 to Halfway"
"129","17","Anselmians","Manchester","First Half",00:39:25,"Carry",3.52,52.77,8.54,44.92,"No GLS",0,0,"Kick Return",NA,"Lineout",NA,9.32,"Own 22"
"130","13","Anselmians","Blackburn","First Half",00:03:04,"Carry",47.21,20.8,58.91,19.34,"GLS",0,0,"Other",NA,"Scrum",NA,11.79,"Own 22 to Halfway"
"131","15","Anselmians","Blackburn","First Half",00:03:10,"Carry",54.94,6.66,61.42,6.1,"GLS",0,0,"One Out",NA,"Multi-Phase",NA,6.5,"Halfway to Opposition 22"
"132","7","Anselmians","Blackburn","First Half",00:03:15,"Carry",57.86,14.85,59.95,17.2,"No GLS",0,0,"One Out",NA,"Multi-Phase",NA,3.14,"Halfway to Opposition 22"
"133","2","Anselmians","Blackburn","First Half",00:04:08,"Carry",94.65,4.64,99.88,2.62,"GLS",0,0,"Other",NA,"Multi-Phase",NA,5.61,"Opposition 22"
"134","7","Anselmians","Blackburn","First Half",00:05:38,"Carry",37.59,54.12,37.59,53.44,"No GLS",0,0,"Kick Return",NA,"Multi-Phase",NA,0.68,"Own 22 to Halfway"
"135","6","Anselmians","Blackburn","First Half",00:05:44,"Carry",32.37,46.94,35.5,45.03,"GLS",0,0,"One Out",NA,"Multi-Phase",NA,3.67,"Own 22 to Halfway"
"136","20","Anselmians","Blackburn","First Half",00:05:54,"Carry",28.19,12.27,61.21,9.8,"GLS",1,0,"Other",NA,"Multi-Phase",NA,33.11,"Own 22 to Halfway"
"137","19","Anselmians","Blackburn","First Half",00:06:00,"Carry",60.58,14.18,87.33,31.45,"No GLS",0,0,"Support Carry",NA,"Multi-Phase",NA,31.84,"Halfway to Opposition 22"
"138","15","Anselmians","Blackburn","First Half",00:06:04,"Carry",81.27,20.46,84.83,15.97,"No GLS",0,0,"One Out",NA,"Multi-Phase",NA,5.73,"Opposition 22"
"139","6","Anselmians","Blackburn","First Half",00:08:31,"Carry",36.96,50.53,43.03,51.54,"GLS",0,0,"Other",NA,"Multi-Phase",NA,6.15,"Own 22 to Halfway"
"140","14","Anselmians","Blackburn","First Half",00:11:05,"Carry",41.35,5.54,55.98,10.59,"GLS",0,0,"Other",NA,"Multi-Phase",NA,15.48,"Own 22 to Halfway"
"141","7","Anselmians","Blackburn","First Half",00:11:12,"Carry",47.41,37.96,53.27,40.2,"No GLS",0,0,"Other",NA,"Multi-Phase",NA,6.27,"Own 22 to Halfway"
"142","15","Anselmians","Blackburn","First Half",00:11:18,"Carry",53.89,51.76,81.27,69.82,"GLS",0,0,"Other",NA,"Multi-Phase",NA,32.8,"Halfway to Opposition 22"
"143","6","Anselmians","Blackburn","First Half",00:12:38,"Carry",54.94,22.03,59.54,22.37,"No GLS",0,0,"Other",NA,"Multi-Phase",NA,4.61,"Halfway to Opposition 22"
"144","2","Anselmians","Blackburn","First Half",00:13:48,"Carry",40.1,55.46,46.79,53.22,"GLS",0,0,"One Out",NA,"Lineout",NA,7.06,"Own 22 to Halfway"
"145","6","Anselmians","Blackburn","First Half",00:14:12,"Carry",43.03,62.76,52.85,53.56,"No GLS",0,0,"Kick Return",NA,"Multi-Phase",NA,13.46,"Own 22 to Halfway"
"146","13","Anselmians","Blackburn","First Half",00:14:18,"Carry",46.58,63.32,52.85,67.13,"GLS",0,0,"Other",NA,"Multi-Phase",NA,7.34,"Own 22 to Halfway"
"147","1","Anselmians","Blackburn","First Half",00:14:25,"Carry",46.79,58.04,57.03,58.49,"GLS",0,0,"One Out",NA,"Multi-Phase",NA,10.25,"Own 22 to Halfway"
"148","6","Anselmians","Blackburn","First Half",00:14:33,"Carry",52.64,34.15,55.15,34.26,"No GLS",0,0,"Other",NA,"Multi-Phase",NA,2.51,"Halfway to Opposition 22"
"149","6","Anselmians","Blackburn","First Half",00:15:51,"Carry",88.17,7.67,90.68,9.8,"GLS",0,0,"Other",NA,"Multi-Phase",NA,3.29,"Opposition 22"
"150","7","Anselmians","Blackburn","First Half",00:15:58,"Carry",89.01,17.2,94.44,18.89,"GLS",0,0,"One Out",NA,"Multi-Phase",NA,5.69,"Opposition 22"
"151","6","Anselmians","Blackburn","First Half",00:18:50,"Carry",64.76,10.25,66.43,14.62,"GLS",0,0,"Other",NA,"Multi-Phase",NA,4.68,"Halfway to Opposition 22"
"152","19","Anselmians","Blackburn","First Half",00:18:52,"Carry",67.69,17.65,74.59,14.96,"No GLS",0,0,"Support Carry",NA,"Multi-Phase",NA,7.41,"Halfway to Opposition 22"
"153","15","Anselmians","Blackburn","First Half",00:19:02,"Carry",64.14,48.06,100.08,53.78,"GLS",1,0,"Other",NA,"Multi-Phase",NA,36.39,"Halfway to Opposition 22"
"154","7","Anselmians","Blackburn","First Half",00:20:41,"Carry",34.67,54.57,34.87,53.89,"No GLS",0,0,"Kick Return",NA,"Multi-Phase",NA,0.71,"Own 22 to Halfway"
"155","6","Anselmians","Blackburn","First Half",00:20:48,"Carry",31.95,47.16,34.67,47.5,"GLS",0,0,"One Out",NA,"Multi-Phase",NA,2.74,"Own 22 to Halfway"
"156","2","Anselmians","Blackburn","First Half",00:20:51,"Carry",34.46,47.16,40.52,49.74,"No GLS",0,0,"Support Carry",NA,"Multi-Phase",NA,6.59,"Own 22 to Halfway"
"157","6","Anselmians","Blackburn","First Half",00:21:51,"Carry",2.06,16.31,11.26,15.41,"GLS",0,0,"One Out",NA,"Multi-Phase",NA,9.24,"Own 22"
"158","2","Anselmians","Blackburn","First Half",00:24:49,"Carry",5.61,51.31,16.69,51.42,"GLS",0,0,"Other",NA,"Multi-Phase",NA,11.08,"Own 22"
"159","14","Anselmians","Blackburn","First Half",00:24:58,"Carry",10.21,2.17,20.24,6.88,"GLS",0,0,"Other",NA,"Multi-Phase",NA,11.08,"Own 22"
"160","17","Anselmians","Blackburn","First Half",00:25:05,"Carry",16.48,19.56,21.71,20.91,"GLS",0,0,"One Out",NA,"Multi-Phase",NA,5.4,"Own 22"
"161","1","Anselmians","Blackburn","First Half",00:25:10,"Carry",15.85,33.59,22.33,35.72,"GLS",0,0,"One Out",NA,"Multi-Phase",NA,6.82,"Own 22"
"162","4","Anselmians","Blackburn","First Half",00:25:20,"Carry",17.53,53.33,26.72,58.61,"GLS",0,0,"One Out",NA,"Multi-Phase",NA,10.6,"Own 22"
"163","8","Anselmians","Blackburn","First Half",00:25:23,"Carry",22.54,51.87,25.05,50.86,"No GLS",0,0,"One Out",NA,"Multi-Phase",NA,2.71,"Own 22 to Halfway"
"164","15","Anselmians","Blackburn","First Half",00:25:35,"Carry",16.9,12.83,61.84,0.6,"GLS",1,0,"Other",NA,"Multi-Phase",NA,46.57,"Own 22"
"165","8","Anselmians","Blackburn","First Half",00:26:09,"Carry",44.49,36.5,92.14,69.04,"GLS",1,0,"Kick Return",NA,"Multi-Phase",NA,57.7,"Own 22 to Halfway"
"166","13","Anselmians","Blackburn","First Half",00:26:11,"Carry",95.07,65.67,99.88,64.66,"No GLS",0,0,"Support Carry",NA,"Multi-Phase",NA,4.91,"Opposition 22"
"167","6","Anselmians","Blackburn","First Half",00:27:46,"Carry",29.02,64.33,32.16,66.12,"No GLS",0,0,"Kick Return",NA,"Multi-Phase",NA,3.61,"Own 22 to Halfway"
"168","7","Anselmians","Blackburn","First Half",00:27:53,"Carry",27.35,54.45,28.4,54.79,"No GLS",0,0,"Other",NA,"Multi-Phase",NA,1.1,"Own 22 to Halfway"
"169","14","Anselmians","Blackburn","First Half",00:31:02,"Carry",41.14,2.73,46.37,18.78,"No GLS",0,0,"Kick Return",NA,"Multi-Phase",NA,16.88,"Own 22 to Halfway"
"170","13","Anselmians","Blackburn","First Half",00:31:10,"Carry",47.41,64.78,50.13,66.91,"GLS",0,0,"Other",NA,"Multi-Phase",NA,3.45,"Own 22 to Halfway"
"171","22","Anselmians","Blackburn","First Half",00:37:39,"Carry",97.99,63.88,99.04,63.32,"GLS",0,0,"Other",NA,"Multi-Phase",NA,1.19,"Opposition 22"
"172","1","Anselmians","Blackburn","First Half",00:37:45,"Carry",99.04,63.32,99.67,62.98,"GLS",0,0,"Pick & Go",NA,"Multi-Phase",NA,0.72,"Opposition 22"
"173","8","Anselmians","Blackburn","First Half",00:38:25,"Carry",71.03,50.41,77.93,42.22,"No GLS",0,0,"Kick Return",NA,"Multi-Phase",NA,10.71,"Halfway to Opposition 22"
"174","6","Anselmians","Blackburn","First Half",00:38:29,"Carry",77.93,42.22,82.11,44.92,"GLS",0,0,"Pick & Go",NA,"Multi-Phase",NA,4.98,"Halfway to Opposition 22"
"175","20","Anselmians","Blackburn","First Half",00:41:26,"Carry",45.53,53.11,57.03,59.17,"GLS",0,0,"Other",NA,"Multi-Phase",NA,13,"Own 22 to Halfway"
"176","13","Anselmians","Blackburn","First Half",00:41:29,"Carry",57.03,67.36,74.38,67.92,"No GLS",0,0,"Support Carry",NA,"Multi-Phase",NA,17.36,"Halfway to Opposition 22"
"177","2","Anselmians","Blackburn","First Half",00:43:23,"Carry",94.23,60.4,96.32,61.63,"GLS",0,0,"Other",NA,"Multi-Phase",NA,2.43,"Opposition 22"
"178","1","Anselmians","Blackburn","First Half",00:43:34,"Carry",88.17,55.35,100.08,54.12,"GLS",0,0,"One Out",NA,"Multi-Phase",NA,11.97,"Opposition 22"
"179","19","Anselmians","Huddersfield","Second Half",00:56:22,"Carry",48.45,48.53,49.83,48.53,"GLS",0,1,"One Out","On Target","Lineout",NA,1.38,"Own 22 to Halfway"
"180","8","Anselmians","Huddersfield","Second Half",00:56:30,"Carry",46.82,42.01,49.58,38.87,"GLS",0,1,"One Out","On Target","Multi-Phase",NA,4.18,"Own 22 to Halfway"
"181","8","Anselmians","Huddersfield","Second Half",00:58:53,"Carry",44.81,19.19,57.85,13.91,"No GLS",0,0,"Kick Return","On Target","Multi-Phase",NA,14.07,"Own 22 to Halfway"
"182","15","Anselmians","Huddersfield","Second Half",00:59:06,"Carry",44.81,39.88,66.5,67.42,"GLS",0,0,"Other","On Target","Multi-Phase",NA,35.06,"Own 22 to Halfway"
"183","1","Anselmians","Huddersfield","Second Half",00:59:15,"Carry",64.24,53.82,68.01,54.94,"GLS",0,0,"Other","On Target","Multi-Phase",NA,3.93,"Halfway to Opposition 22"
"184","2","Anselmians","Huddersfield","Second Half",00:59:22,"Carry",61.24,36.84,64.24,36.62,"No GLS",0,0,"Other","On Target","Multi-Phase",NA,3.01,"Halfway to Opposition 22"
"185","14","Anselmians","Huddersfield","Second Half",00:59:33,"Carry",65.87,3.90000000000001,69.51,14.92,"GLS",0,0,"Other","On Target","Multi-Phase",NA,11.61,"Halfway to Opposition 22"
"186","17","Anselmians","Huddersfield","Second Half",00:59:38,"Carry",65.5,19.19,73.02,20.65,"GLS",0,0,"One Out","On Target","Multi-Phase",NA,7.66,"Halfway to Opposition 22"
"187","5","Anselmians","Huddersfield","Second Half",00:59:46,"Carry",69.89,49.32,76.03,48.76,"GLS",0,0,"Other","On Target","Multi-Phase",NA,6.17,"Halfway to Opposition 22"
"188","9","Anselmians","Huddersfield","Second Half",01:00:46,"Carry",58.1,65.4,59.61,66.97,"No GLS",0,0,"Other",NA,"Multi-Phase",NA,2.18,"Halfway to Opposition 22"
"189","7","Anselmians","Huddersfield","Second Half",01:00:54,"Carry",56.6,62.59,59.1,59.78,"No GLS",0,0,"One Out","On Target","Multi-Phase",NA,3.76,"Halfway to Opposition 22"
"190","5","Anselmians","Huddersfield","Second Half",01:01:02,"Carry",59.48,59.22,61.49,55.84,"GLS",0,0,"Pick & Go",NA,"Multi-Phase",NA,3.93,"Halfway to Opposition 22"
"191","17","Anselmians","Huddersfield","Second Half",01:01:07,"Carry",55.34,49.43,59.73,47.64,"No GLS",0,0,"One Out","On Target","Multi-Phase",NA,4.74,"Halfway to Opposition 22"
"192","7","Anselmians","Huddersfield","Second Half",01:03:06,"Carry",38.79,6.49,65.37,5.14,"GLS",1,1,"Other",NA,"Multi-Phase",NA,26.61,"Own 22 to Halfway"
"193","8","Anselmians","Huddersfield","Second Half",01:03:08,"Carry",65.25,3.90000000000001,75.4,1.88,"No GLS",0,1,"Support Carry","On Target","Multi-Phase",NA,10.35,"Halfway to Opposition 22"
"194","19","Anselmians","Huddersfield","Second Half",01:04:52,"Carry",59.73,48.08,69.64,48.08,"GLS",0,0,"Other","On Target","Multi-Phase",NA,9.91,"Halfway to Opposition 22"
"195","10","Anselmians","Huddersfield","Second Half",01:04:57,"Carry",66.75,55.06,73.52,57.19,"GLS",0,0,"One Out","On Target","Multi-Phase",NA,7.1,"Halfway to Opposition 22"
"196","6","Anselmians","Huddersfield","Second Half",01:05:06,"Carry",66.25,50.9,78.79,43.03,"GLS",0,1,"One Out","On Target","Multi-Phase",NA,14.81,"Halfway to Opposition 22"
"197","15","Anselmians","Huddersfield","Second Half",01:05:12,"Carry",74.4,18.07,76.53,18.63,"No GLS",0,1,"Other","On Target","Multi-Phase",NA,2.2,"Halfway to Opposition 22"
"198","8","Anselmians","Huddersfield","Second Half",01:07:00,"Carry",30.39,10.76,31.65,9.75,"No GLS",0,0,"Kick Return",NA,"Multi-Phase",NA,1.61,"Own 22 to Halfway"
"199","6","Anselmians","Huddersfield","Second Half",01:10:04,"Carry",10.34,47.86,18.23,50,"GLS",0,0,"One Out","On Target","Lineout",NA,8.18,"Own 22"
"200","9","Anselmians","Huddersfield","Second Half",01:11:29,"Carry",66,38.3,100.35,35.27,"GLS",1,0,"Other","On Target","Lineout",NA,34.48,"Halfway to Opposition 22"
"201","8","Anselmians","Huddersfield","Second Half",01:12:58,"Carry",21.12,14.69,22.25,18.29,"No GLS",0,0,"Kick Return",NA,"Multi-Phase",NA,3.77,"Own 22"
"202","1","Anselmians","Huddersfield","Second Half",01:13:06,"Carry",20.37,36.62,25.76,37.07,"GLS",0,0,"One Out","On Target","Multi-Phase",NA,5.41,"Own 22"
"203","15","Anselmians","Huddersfield","Second Half",01:15:06,"Carry",5.31999999999999,18.63,99.72,13.46,"GLS",1,0,"One Out","On Target","Multi-Phase",NA,94.54,"Own 22"
"204","5","Anselmians","Huddersfield","Second Half",01:16:52,"Carry",36.41,39.09,47.19,36.17,"No GLS",0,0,"Kick Return","On Target","Multi-Phase",NA,11.17,"Own 22 to Halfway"
"205","19","Anselmians","Huddersfield","Second Half",01:17:06,"Carry",44.19,57.3,50.33,58.54,"GLS",0,0,"Other","On Target","Multi-Phase",NA,6.26,"Own 22 to Halfway"
"206","14","Anselmians","Huddersfield","Second Half",01:17:20,"Carry",55.09,9.97,69.13,14.81,"GLS",1,0,"Other","On Target","Multi-Phase",NA,14.85,"Halfway to Opposition 22"
"207","1","Anselmians","Huddersfield","Second Half",01:17:27,"Carry",65.75,20.65,67.75,20.99,"No GLS",0,1,"One Out","On Target","Multi-Phase",NA,2.03,"Halfway to Opposition 22"
"208","6","Anselmians","Huddersfield","Second Half",01:17:30,"Carry",67.25,22,67.75,20.76,"No GLS",0,1,"Support Carry","On Target","Multi-Phase",NA,1.34,"Halfway to Opposition 22"
"209","19","Anselmians","Huddersfield","Second Half",01:17:40,"Carry",60.23,61.8,64.37,65.17,"No GLS",0,1,"Other","On Target","Multi-Phase",NA,5.34,"Halfway to Opposition 22"
"210","11","Anselmians","Huddersfield","Second Half",01:17:45,"Carry",65.25,68.43,70.14,54.27,"No GLS",0,1,"Support Carry","On Target","Multi-Phase",NA,14.98,"Halfway to Opposition 22"
"211","6","Anselmians","Huddersfield","Second Half",01:17:52,"Carry",69.38,38.87,77.03,39.09,"GLS",0,1,"Other","On Target","Multi-Phase",NA,7.65,"Halfway to Opposition 22"
"212","18","Anselmians","Huddersfield","Second Half",01:18:03,"Carry",72.02,15.26,78.41,14.13,"GLS",0,1,"Other","On Target","Multi-Phase",NA,6.49,"Halfway to Opposition 22"
"213","4","Anselmians","Huddersfield","Second Half",01:18:07,"Carry",78.03,14.02,85.68,15.03,"GLS",0,1,"Pick & Go",NA,"Multi-Phase",NA,7.72,"Opposition 22"
"214","6","Anselmians","Huddersfield","Second Half",01:18:12,"Carry",85.68,17.73,90.45,18.74,"GLS",0,1,"One Out","On Target","Multi-Phase",NA,4.88,"Opposition 22"
"215","8","Anselmians","Huddersfield","Second Half",01:21:02,"Carry",27.64,14.92,27.64,14.92,"GLS",0,1,"Kick Return",NA,"Multi-Phase",NA,0,"Own 22 to Halfway"
"216","13","Anselmians","Huddersfield","Second Half",01:21:16,"Carry",21.87,54.72,37.04,53.82,"GLS",0,0,"Other","On Target","Multi-Phase",NA,15.2,"Own 22"
"217","6","Anselmians","Huddersfield","Second Half",01:21:25,"Carry",33.03,45.72,36.54,41.23,"GLS",0,1,"One Out","On Target","Multi-Phase",NA,5.7,"Own 22 to Halfway"
"218","8","Anselmians","Huddersfield","Second Half",01:21:35,"Carry",36.29,15.03,49.7,7.05,"GLS",0,0,"Other","On Target","Multi-Phase",NA,15.6,"Own 22 to Halfway"
"219","19","Anselmians","Huddersfield","Second Half",01:24:43,"Carry",64.37,19.87,100.35,24.81,"GLS",1,0,"One Out","On Target","Lineout",NA,36.32,"Halfway to Opposition 22"
"220","13","Anselmians","Huddersfield","Second Half",01:28:10,"Carry",35.79,21.33,49.7,15.48,"GLS",0,0,"Other",NA,"Scrum",NA,15.09,"Own 22 to Halfway"
"221","4","Anselmians","Huddersfield","Second Half",01:28:16,"Carry",54.09,10.08,59.35,7.72,"No GLS",0,0,"Support Carry","On Target","Scrum",NA,5.77,"Halfway to Opposition 22"
"222","13","Anselmians","Huddersfield","Second Half",01:28:24,"Carry",49.58,46.96,56.35,52.58,"No GLS",0,1,"Support Carry","On Target","Multi-Phase",NA,8.8,"Own 22 to Halfway"
"223","15","Anselmians","Huddersfield","Second Half",01:28:31,"Carry",58.73,61.24,99.97,68.77,"GLS",1,1,"Other","On Target","Multi-Phase",NA,41.92,"Halfway to Opposition 22"
"224","18","Anselmians","Huddersfield","Second Half",01:29:49,"Carry",31.65,5.47,33.03,5.02,"No GLS",0,0,"Kick Return",NA,"Multi-Phase",NA,1.45,"Own 22 to Halfway"
"225","7","Anselmians","Huddersfield","Second Half",01:29:56,"Carry",32.53,14.58,38.29,17.84,"GLS",0,0,"One Out","On Target","Multi-Phase",NA,6.62,"Own 22 to Halfway"
"226","18","Anselmians","Huddersfield","Second Half",01:30:43,"Carry",17.73,5.36,20.74,5.59,"GLS",0,0,"Other",NA,"Multi-Phase",NA,3.02,"Own 22"
"227","11","Anselmians","Huddersfield","Second Half",01:32:26,"Carry",19.24,50.22,21.24,50.78,"GLS",0,0,"Other","On Target","Multi-Phase",NA,2.08,"Own 22"
"228","9","Anselmians","Leek","First Half",00:05:10,"Carry",49.7,50.05,49.7,50.05,"No GLS",0,0,"Kick Return",NA,"Multi-Phase",NA,0,"Own 22 to Halfway"
"229","7","Anselmians","Leek","First Half",00:05:23,"Carry",44.93,65.1,47.23,64.65,"GLS",0,0,"Other","On Target","Multi-Phase",NA,2.34,"Own 22 to Halfway"
"230","17","Anselmians","Leek","First Half",00:05:31,"Carry",44.05,55.44,47.05,55.67,"No GLS",0,0,"One Out","On Target","Multi-Phase",NA,3.01,"Own 22 to Halfway"
"231","15","Anselmians","Leek","First Half",00:05:49,"Carry",39.99,12.76,45.46,9.96,"No GLS",0,0,"Kick Return","On Target","Multi-Phase",NA,6.14,"Own 22 to Halfway"
"232","19","Anselmians","Leek","First Half",00:06:41,"Carry",44.93,18.6,55.52,17.37,"GLS",0,0,"One Out","On Target","Multi-Phase",NA,10.66,"Own 22 to Halfway"
"233","7","Anselmians","Leek","First Half",00:06:48,"Carry",50.05,27.81,55.35,30.4,"No GLS",0,0,"One Out","On Target","Multi-Phase",NA,5.9,"Halfway to Opposition 22"
"234","17","Anselmians","Leek","First Half",00:10:12,"Carry",79.99,8.61,81.7,8.5,"GLS",0,0,"Pick & Go",NA,"Multi-Phase",NA,1.71,"Opposition 22"
"235","19","Anselmians","Leek","First Half",00:12:48,"Carry",45.58,41.63,69.09,39.16,"GLS",1,0,"One Out","On Target","Multi-Phase",NA,23.64,"Own 22 to Halfway"
"236","14","Anselmians","Leek","First Half",00:12:57,"Carry",72.16,1.42,85.28,2.88,"GLS",0,0,"Other","On Target","Multi-Phase",NA,13.2,"Halfway to Opposition 22"
"237","17","Anselmians","Leek","First Half",00:13:34,"Carry",61.77,32.31,65.34,35.79,"No GLS",0,0,"Other","On Target","Multi-Phase",NA,4.99,"Halfway to Opposition 22"
"238","19","Anselmians","Leek","First Half",00:13:45,"Carry",64.66,51.85,70.62,51.96,"GLS",0,0,"Other","On Target","Multi-Phase",NA,5.96,"Halfway to Opposition 22"
"239","4","Anselmians","Leek","First Half",00:13:56,"Carry",71.14,60.05,76.08,59.94,"GLS",0,0,"Other","On Target","Multi-Phase",NA,4.94,"Halfway to Opposition 22"
"240","14","Anselmians","Leek","First Half",00:15:34,"Carry",44.9,5.58,44.9,5.58,"GLS",0,0,"Kick Return",NA,"Multi-Phase",NA,0,"Own 22 to Halfway"
"241","10","Anselmians","Leek","First Half",00:16:54,"Carry",21.9,54.1,34.51,47.47,"No GLS",0,0,"Kick Return","On Target","Multi-Phase",NA,14.25,"Own 22"
"242","4","Anselmians","Leek","First Half",00:17:19,"Carry",59.72,49.04,59.72,48.71,"GLS",0,0,"Other",NA,"Multi-Phase",NA,0.33,"Halfway to Opposition 22"
"243","17","Anselmians","Leek","First Half",00:20:28,"Carry",48.65,64.32,50.52,59.15,"No GLS",0,0,"Kick Return",NA,"Multi-Phase",NA,5.5,"Own 22 to Halfway"
"244","6","Anselmians","Leek","First Half",00:20:33,"Carry",49.16,55.22,58.19,54.66,"No GLS",0,0,"Kick Return","On Target","Multi-Phase",NA,9.05,"Own 22 to Halfway"
"245","10","Anselmians","Leek","First Half",00:20:39,"Carry",52.74,37.14,56.48,35.45,"No GLS",0,0,"Other","On Target","Multi-Phase",NA,4.1,"Halfway to Opposition 22"
"246","9","Anselmians","Leek","First Half",00:22:52,"Carry",86.47,55.22,94.64,53.09,"GLS",0,0,"Support Carry","On Target","Multi-Phase",NA,8.44,"Opposition 22"
"247","1","Anselmians","Leek","First Half",00:22:56,"Carry",94.99,50.73,96.69,50.61,"GLS",0,0,"Pick & Go",NA,"Multi-Phase",NA,1.7,"Opposition 22"
"248","6","Anselmians","Leek","First Half",00:23:00,"Carry",96.01,50.28,97.88,49.04,"GLS",0,0,"Pick & Go",NA,"Multi-Phase",NA,2.24,"Opposition 22"
"249","7","Anselmians","Leek","First Half",00:23:06,"Carry",97.88,49.04,98.05,48.48,"GLS",0,0,"Pick & Go",NA,"Multi-Phase",NA,0.59,"Opposition 22"
"250","2","Anselmians","Leek","First Half",00:23:15,"Carry",98.22,45.79,98.56,43.43,"GLS",0,0,"Pick & Go",NA,"Multi-Phase",NA,2.38,"Opposition 22"
"251","13","Anselmians","Leek","First Half",00:23:26,"Carry",91.24,28.83,99.93,27.93,"GLS",1,0,"Other","On Target","Multi-Phase",NA,8.74,"Opposition 22"
"252","6","Anselmians","Leek","First Half",00:25:02,"Carry",31.44,14.45,31.78,14.79,"No GLS",0,0,"Kick Return","On Target","Multi-Phase",NA,0.48,"Own 22 to Halfway"
"253","7","Anselmians","Leek","First Half",00:25:13,"Carry",31.44,15.91,32.8,16.02,"GLS",0,0,"One Out","On Target","Multi-Phase",NA,1.36,"Own 22 to Halfway"
"254","9","Anselmians","Leek","First Half",00:31:32,"Carry",33.83,5.13,35.02,18.6,"GLS",0,0,"Pick & Go",NA,"Multi-Phase",NA,13.52,"Own 22 to Halfway"
"255","17","Anselmians","Leek","First Half",00:31:52,"Carry",22.24,5.58,24.46,5.45999999999999,"No GLS",0,0,"Kick Return",NA,"Multi-Phase",NA,2.22,"Own 22 to Halfway"
"256","17","Anselmians","Leek","First Half",00:38:07,"Carry",44.05,50.39,45.92,48.82,"No GLS",0,0,"Kick Return",NA,"Multi-Phase",NA,2.44,"Own 22 to Halfway"
"257","6","Anselmians","Leek","First Half",00:38:10,"Carry",44.05,47.58,49.84,41.85,"No GLS",0,0,"Kick Return",NA,"Multi-Phase",NA,8.15,"Own 22 to Halfway"
"258","20","Anselmians","Leek","First Half",00:38:18,"Carry",63.81,5.13,73.35,5.69,"GLS",1,0,"Kick Return","On Target","Multi-Phase",NA,9.56,"Halfway to Opposition 22"
"259","9","Anselmians","Leek","First Half",00:39:26,"Carry",25.31,60.95,29.23,68.14,"GLS",0,0,"Other","On Target","Multi-Phase",NA,8.19,"Own 22 to Halfway"
"260","2","Anselmians","Leek","First Half",00:39:29,"Carry",27.35,68.47,31.78,67.35,"No GLS",0,0,"Support Carry","On Target","Multi-Phase",NA,4.57,"Own 22 to Halfway"
"261","6","Anselmians","Leek","First Half",00:39:33,"Carry",31.61,60.16,33.66,59.94,"No GLS",0,0,"One Out","On Target","Multi-Phase",NA,2.06,"Own 22 to Halfway"
"262","21","Anselmians","Leek","First Half",00:40:37,"Carry",21.73,46.46,24.29,47.13,"GLS",0,0,"Other","On Target","Multi-Phase",NA,2.65,"Own 22"
"263","14","Anselmians","Leek","First Half",00:42:15,"Carry",33.49,15.35,33.49,15.35,"No GLS",0,0,"Kick Return","On Target","Multi-Phase",NA,0,"Own 22 to Halfway"
"264","1","Anselmians","Leek","First Half",00:42:25,"Carry",34.17,10.63,36.38,10.07,"No GLS",0,0,"One Out","On Target","Multi-Phase",NA,2.28,"Own 22 to Halfway"
"265","6","Anselmians","Leek","First Half",00:42:32,"Carry",34.34,18.6,35.7,19.05,"GLS",0,0,"One Out","On Target","Multi-Phase",NA,1.43,"Own 22 to Halfway"
"266","7","Anselmians","Leek","First Half",00:42:38,"Carry",32.63,43.2,34.17,43.2,"No GLS",0,0,"Other","On Target","Multi-Phase",NA,1.54,"Own 22 to Halfway"
"267","4","Anselmians","Leek","First Half",00:42:42,"Carry",33.66,45.34,35.19,45.34,"GLS",0,0,"Pick & Go","On Target","Multi-Phase",NA,1.53,"Own 22 to Halfway"
"268","13","Anselmians","Leek","First Half",00:42:50,"Carry",34.51,47.36,77.95,65.55,"GLS",1,0,"Support Carry","On Target","Multi-Phase",NA,47.09,"Own 22 to Halfway"
"269","2","Anselmians","Leek","First Half",00:44:02,"Carry",94.64,65.55,97.37,68.25,"GLS",1,0,"Other","On Target","Multi-Phase",NA,3.84,"Opposition 22"
"270","9","Anselmians","Leek","First Half",00:44:03,"Carry",95.5,67.58,100.44,67.13,"GLS",1,0,"Support Carry","On Target","Multi-Phase",NA,4.96,"Opposition 22"
"271","8","Anselmians","Manchester","Second Half",00:43:00,"Carry",28.13,15.66,30.01,16.67,"No GLS",0,0,"Kick Return",NA,"Lineout",NA,2.13,"Own 22 to Halfway"
"272","17","Anselmians","Manchester","Second Half",00:43:19,"Carry",37.12,5,38.37,5.11,"No GLS",0,0,"Kick Return",NA,"Multi-Phase",NA,1.25,"Own 22 to Halfway"
"273","7","Anselmians","Manchester","Second Half",00:43:27,"Carry",34.61,15.32,40.46,17.23,"GLS",0,0,"One Out",NA,"Multi-Phase",NA,6.15,"Own 22 to Halfway"
"274","2","Anselmians","Manchester","Second Half",00:43:47,"Carry",88.12,7.58,91.67,6.01,"GLS",1,0,"Other",NA,"Multi-Phase",NA,3.88,"Opposition 22"
"275","21","Anselmians","Manchester","Second Half",00:43:51,"Carry",91.67,6.01,93.34,11.62,"GLS",1,0,"Pick & Go",NA,"Multi-Phase",NA,5.85,"Opposition 22"
"276","8","Anselmians","Manchester","Second Half",00:47:09,"Carry",23.95,12.4,27.09,15.1,"No GLS",0,0,"Kick Return",NA,"Multi-Phase",NA,4.14,"Own 22 to Halfway"
"277","17","Anselmians","Manchester","Second Half",00:48:34,"Carry",2.01,51.79,6.81,51,"No GLS",0,0,"One Out",NA,"Multi-Phase",NA,4.86,"Own 22"
"278","14","Anselmians","Manchester","Second Half",00:49:29,"Carry",35.86,17,41.3,18.58,"No GLS",0,0,"Kick Return",NA,"Multi-Phase",NA,5.66,"Own 22 to Halfway"
"279","3","Anselmians","Manchester","Second Half",00:49:37,"Carry",36.07,26.09,40.46,23.96,"No GLS",0,0,"One Out",NA,"Multi-Phase",NA,4.88,"Own 22 to Halfway"
"280","1","Anselmians","Manchester","Second Half",00:49:43,"Carry",36.07,39.78,40.46,43.48,"No GLS",0,0,"One Out",NA,"Multi-Phase",NA,5.74,"Own 22 to Halfway"
"281","2","Anselmians","Manchester","Second Half",00:49:51,"Carry",36.07,55.04,42.97,60.09,"GLS",0,0,"Other",NA,"Multi-Phase",NA,8.55,"Own 22 to Halfway"
"282","8","Anselmians","Manchester","Second Half",00:49:55,"Carry",42.97,59.98,43.81,61.55,"GLS",0,0,"Pick & Go",NA,"Multi-Phase",NA,1.78,"Own 22 to Halfway"
"283","7","Anselmians","Manchester","Second Half",00:50:02,"Carry",40.25,49.88,46.11,48.42,"GLS",0,0,"One Out",NA,"Multi-Phase",NA,6.04,"Own 22 to Halfway"
"284","1","Anselmians","Manchester","Second Half",00:50:05,"Carry",45.9,45.95,55.09,41.24,"No GLS",0,0,"Support Carry",NA,"Multi-Phase",NA,10.33,"Own 22 to Halfway"
"285","17","Anselmians","Manchester","Second Half",00:51:29,"Carry",83.1,64.13,89.16,55.15,"GLS",0,0,"Other",NA,"Multi-Phase",NA,10.83,"Opposition 22"
"286","1","Anselmians","Manchester","Second Half",00:51:35,"Carry",87.7,46.18,91.25,52.8,"GLS",0,0,"One Out",NA,"Multi-Phase",NA,7.51,"Opposition 22"
"287","21","Anselmians","Manchester","Second Half",00:54:27,"Carry",5.14,19.36,11.2,19.25,"GLS",0,0,"Other",NA,"Multi-Phase",NA,6.06,"Own 22"
"288","7","Anselmians","Manchester","Second Half",00:55:50,"Carry",25.83,20.03,32.1,26.54,"No GLS",0,0,"Kick Return",NA,"Multi-Phase",NA,9.04,"Own 22 to Halfway"
"289","21","Anselmians","Manchester","Second Half",00:55:56,"Carry",31.27,46.51,35.66,49.43,"GLS",0,0,"One Out",NA,"Multi-Phase",NA,5.27,"Own 22 to Halfway"
"290","18","Anselmians","Manchester","Second Half",00:56:02,"Carry",34.82,55.15,36.07,56.05,"No GLS",0,0,"One Out",NA,"Multi-Phase",NA,1.54,"Own 22 to Halfway"
"291","19","Anselmians","Manchester","Second Half",01:00:39,"Carry",12.67,35.4,36.91,58.74,"GLS",0,0,"One Out",NA,"Lineout",NA,33.65,"Own 22"
"292","8","Anselmians","Manchester","Second Half",01:00:44,"Carry",34.61,48.53,34.61,48.53,"No GLS",0,0,"One Out",NA,"Multi-Phase",NA,0,"Own 22 to Halfway"
"293","8","Anselmians","Manchester","Second Half",01:03:45,"Carry",72.44,61.1,73.49,64.13,"GLS",0,0,"Other",NA,"Multi-Phase",NA,3.21,"Halfway to Opposition 22"
"294","19","Anselmians","Manchester","Second Half",01:06:42,"Carry",43.18,16.89,47.99,16.89,"GLS",0,0,"One Out",NA,"Lineout",NA,4.81,"Own 22 to Halfway"
"295","11","Anselmians","Manchester","Second Half",01:06:51,"Carry",39.63,51,46.11,64.69,"No GLS",0,0,"Other",NA,"Multi-Phase",NA,15.15,"Own 22 to Halfway"
"296","22","Anselmians","Manchester","Second Half",01:07:01,"Carry",46.11,64.69,52.17,68.73,"GLS",0,0,"Pick & Go",NA,"Multi-Phase",NA,7.28,"Own 22 to Halfway"
"297","4","Anselmians","Manchester","Second Half",01:07:12,"Carry",49.66,63.57,55.3,59.75,"GLS",0,0,"One Out",NA,"Multi-Phase",NA,6.81,"Own 22 to Halfway"
"298","20","Anselmians","Manchester","Second Half",01:07:24,"Carry",48.41,34.06,63.66,15.77,"GLS",1,0,"Other",NA,"Multi-Phase",NA,23.81,"Own 22 to Halfway"
"299","11","Anselmians","Manchester","Second Half",01:07:31,"Carry",60.11,5.56,71.6,5.11,"GLS",0,0,"Other",NA,"Multi-Phase",NA,11.5,"Halfway to Opposition 22"
"300","20","Anselmians","Manchester","Second Half",01:07:44,"Carry",54.47,40.68,60.11,27.66,"No GLS",0,0,"Other",NA,"Multi-Phase",NA,14.19,"Halfway to Opposition 22"
"301","8","Anselmians","Manchester","Second Half",01:07:50,"Carry",53.21,15.66,56.77,14.31,"No GLS",0,0,"One Out",NA,"Multi-Phase",NA,3.81,"Halfway to Opposition 22"
"302","4","Anselmians","Manchester","Second Half",01:07:57,"Carry",58.86,14.65,61.78,9.82,"GLS",0,0,"Other",NA,"Multi-Phase",NA,5.64,"Halfway to Opposition 22"
"303","15","Anselmians","Manchester","Second Half",01:08:22,"Carry",10.58,9.6,40.25,17,"No GLS",0,0,"Kick Return",NA,"Multi-Phase",NA,30.58,"Own 22"
"304","17","Anselmians","Manchester","Second Half",01:09:15,"Carry",54.68,10.5,57.81,15.1,"GLS",0,0,"Other",NA,"Multi-Phase",NA,5.56,"Halfway to Opposition 22"
"305","19","Anselmians","Manchester","Second Half",01:09:19,"Carry",57.18,18.01,60.32,15.32,"No GLS",0,0,"Support Carry",NA,"Multi-Phase",NA,4.13,"Halfway to Opposition 22"
"306","7","Anselmians","Manchester","Second Half",01:10:49,"Carry",60.11,59.3,61.99,64.91,"GLS",0,0,"Other",NA,"Multi-Phase",NA,5.92,"Halfway to Opposition 22"
"307","22","Anselmians","Manchester","Second Half",01:10:51,"Carry",60.11,64.46,62.62,68.73,"No GLS",0,0,"Support Carry",NA,"Multi-Phase",NA,4.95,"Halfway to Opposition 22"
"308","21","Anselmians","Manchester","Second Half",01:10:53,"Carry",61.78,65.92,66.38,63.45,"No GLS",0,0,"Support Carry",NA,"Multi-Phase",NA,5.22,"Halfway to Opposition 22"
"309","8","Anselmians","Manchester","Second Half",01:10:59,"Carry",61.99,55.94,66.38,54.7,"No GLS",0,0,"One Out",NA,"Multi-Phase",NA,4.56,"Halfway to Opposition 22"
"310","2","Anselmians","Manchester","Second Half",01:12:03,"Carry",95.01,59.86,95.01,59.86,"GLS",0,0,"Other",NA,"Multi-Phase",NA,0,"Opposition 22"
"311","4","Anselmians","Manchester","Second Half",01:12:12,"Carry",95.01,59.86,93.97,58.29,"No GLS",0,0,"Pick & Go",NA,"Multi-Phase",NA,1.88,"Opposition 22"
"312","8","Anselmians","Manchester","Second Half",01:13:15,"Carry",96.69,55.15,99.4,55.71,"GLS",0,0,"Pick & Go",NA,"Multi-Phase",NA,2.77,"Opposition 22"
"313","7","Anselmians","Manchester","Second Half",01:13:23,"Carry",99.4,55.71,99.82,59.3,"No GLS",0,0,"Pick & Go",NA,"Multi-Phase",NA,3.61,"Opposition 22"
"314","17","Anselmians","Manchester","Second Half",01:17:14,"Carry",42.76,18.13,54.05,35.07,"GLS",0,0,"One Out",NA,"Multi-Phase",NA,20.36,"Own 22 to Halfway"
"315","20","Anselmians","Manchester","Second Half",01:17:22,"Carry",48.61,51.9,52.17,50.55,"No GLS",0,0,"Other",NA,"Multi-Phase",NA,3.81,"Own 22 to Halfway"
"316","19","Anselmians","Manchester","Second Half",01:17:28,"Carry",48.41,57.17,56.14,56.83,"GLS",0,0,"One Out",NA,"Multi-Phase",NA,7.74,"Own 22 to Halfway"
"317","1","Anselmians","Manchester","Second Half",01:17:37,"Carry",50.29,49.2,53.84,48.98,"No GLS",0,0,"One Out",NA,"Multi-Phase",NA,3.56,"Halfway to Opposition 22"
"318","18","Anselmians","Manchester","Second Half",01:17:49,"Carry",49.87,15.66,56.14,15.1,"GLS",0,0,"Other",NA,"Multi-Phase",NA,6.29,"Own 22 to Halfway"
"319","4","Anselmians","Manchester","Second Half",01:18:43,"Carry",56.77,23.62,61.78,10.27,"GLS",0,0,"One Out",NA,"Multi-Phase",NA,14.26,"Halfway to Opposition 22"
"320","17","Anselmians","Manchester","Second Half",01:18:50,"Carry",58.02,15.55,64.71,14.87,"GLS",0,0,"One Out",NA,"Multi-Phase",NA,6.72,"Halfway to Opposition 22"
"321","1","Anselmians","Manchester","Second Half",01:18:58,"Carry",56.77,22.84,61.57,20.15,"No GLS",0,0,"Other",NA,"Multi-Phase",NA,5.5,"Halfway to Opposition 22"
"322","8","Anselmians","Manchester","Second Half",01:19:53,"Carry",48.82,16.67,51.96,17.12,"No GLS",0,0,"One Out",NA,"Multi-Phase",NA,3.17,"Own 22 to Halfway"
"323","19","Anselmians","Manchester","Second Half",01:20:56,"Carry",55.09,15.55,63.87,14.87,"GLS",0,0,"One Out",NA,"Lineout",NA,8.81,"Halfway to Opposition 22"
"324","7","Anselmians","Manchester","Second Half",01:21:03,"Carry",60.53,18.91,65.13,20.37,"GLS",0,0,"One Out",NA,"Lineout",NA,4.83,"Halfway to Opposition 22"
"325","1","Anselmians","Manchester","Second Half",01:21:09,"Carry",63.66,38.21,68.05,39.67,"No GLS",0,0,"One Out",NA,"Lineout",NA,4.63,"Halfway to Opposition 22"
"326","15","Anselmians","Manchester","Second Half",01:21:18,"Carry",55.3,24.86,66.59,26.43,"No GLS",0,0,"Other",NA,"Multi-Phase",NA,11.4,"Halfway to Opposition 22"
"327","19","Anselmians","Manchester","Second Half",01:23:11,"Carry",60.95,18.13,73.28,18.69,"GLS",0,0,"One Out",NA,"Multi-Phase",NA,12.34,"Halfway to Opposition 22"
"328","2","Anselmians","Manchester","Second Half",01:26:49,"Carry",44.23,54.7,52.17,57.62,"GLS",0,0,"Other",NA,"Lineout",NA,8.46,"Own 22 to Halfway"
"329","18","Anselmians","Manchester","Second Half",01:26:57,"Carry",46.52,50.1,50.29,48.98,"No GLS",0,0,"One Out",NA,"Multi-Phase",NA,3.93,"Own 22 to Halfway"
"330","13","Anselmians","Manchester","Second Half",01:27:03,"Carry",44.43,36.41,45.9,33.05,"No GLS",0,0,"One Out",NA,"Multi-Phase",NA,3.67,"Own 22 to Halfway"
"331","7","Anselmians","Manchester","Second Half",01:27:12,"Carry",43.18,37.42,44.64,38.43,"No GLS",0,0,"One Out",NA,"Multi-Phase",NA,1.78,"Own 22 to Halfway"
"332","2","Anselmians","Manchester","Second Half",01:27:23,"Carry",41.3,65.7,47.36,60.2,"GLS",0,0,"Other",NA,"Multi-Phase",NA,8.18,"Own 22 to Halfway"
"333","8","Anselmians","Manchester","Second Half",01:27:28,"Carry",42.55,54.7,48.82,51,"GLS",0,0,"One Out",NA,"Multi-Phase",NA,7.28,"Own 22 to Halfway"
"334","7","Anselmians","Manchester","Second Half",01:27:33,"Carry",43.81,37.2,47.15,36.53,"No GLS",0,0,"One Out",NA,"Multi-Phase",NA,3.41,"Own 22 to Halfway"
"335","4","Anselmians","Manchester","Second Half",01:27:45,"Carry",41.72,57.51,56.56,60.31,"GLS",0,0,"Other",NA,"Multi-Phase",NA,15.1,"Own 22 to Halfway"
"336","8","Anselmians","Manchester","Second Half",01:27:51,"Carry",51.54,53.13,57.6,50.21,"GLS",0,0,"One Out",NA,"Multi-Phase",NA,6.73,"Halfway to Opposition 22"
"337","17","Anselmians","Blackburn","Second Half",00:44:59,"Carry",63.66,37.06,68.86,37.85,"No GLS",0,0,"Other",NA,"Multi-Phase",NA,5.26,"Halfway to Opposition 22"
"338","19","Anselmians","Blackburn","Second Half",00:45:06,"Carry",66.41,55.8,88.75,59.95,"GLS",1,0,"Other",NA,"Multi-Phase",NA,22.72,"Halfway to Opposition 22"
"339","6","Anselmians","Blackburn","Second Half",00:47:59,"Carry",30.3,36.73,36.42,35.16,"No GLS",0,0,"Other",NA,"Multi-Phase",NA,6.32,"Own 22 to Halfway"
"340","14","Anselmians","Blackburn","Second Half",00:48:07,"Carry",36.26,1.72,41.47,7.22,"GLS",0,0,"Other",NA,"Multi-Phase",NA,7.58,"Own 22 to Halfway"
"341","17","Anselmians","Blackburn","Second Half",00:48:13,"Carry",36.26,17.88,42.08,20.12,"GLS",0,0,"One Out",NA,"Multi-Phase",NA,6.24,"Own 22 to Halfway"
"342","1","Anselmians","Blackburn","Second Half",00:48:21,"Carry",37.49,55.24,48.2,54.68,"GLS",0,0,"Other",NA,"Multi-Phase",NA,10.72,"Own 22 to Halfway"
"343","2","Anselmians","Blackburn","Second Half",00:48:27,"Carry",44.83,65.22,50.04,65.9,"GLS",0,0,"One Out",NA,"Multi-Phase",NA,5.25,"Own 22 to Halfway"
"344","7","Anselmians","Blackburn","Second Half",00:49:37,"Carry",24.94,62.08,21.88,64.33,"No GLS",0,0,"Other",NA,"Multi-Phase",NA,3.8,"Own 22 to Halfway"
"345","6","Anselmians","Blackburn","Second Half",00:49:44,"Carry",18.36,55.13,21.27,52.77,"No GLS",0,0,"One Out",NA,"Multi-Phase",NA,3.75,"Own 22"
"346","19","Anselmians","Blackburn","Second Half",00:51:05,"Carry",20.81,16.08,23.1,15.86,"GLS",0,0,"Other",NA,"Multi-Phase",NA,2.3,"Own 22"
"347","4","Anselmians","Blackburn","Second Half",00:51:10,"Carry",20.2,22.48,21.88,23.94,"No GLS",0,0,"One Out",NA,"Multi-Phase",NA,2.23,"Own 22"
"348","6","Anselmians","Blackburn","Second Half",00:51:14,"Carry",21.73,27.08,24.33,28.09,"GLS",0,0,"Support Carry",NA,"Multi-Phase",NA,2.79,"Own 22"
"349","8","Anselmians","Blackburn","Second Half",00:52:17,"Carry",21.88,65.45,39.02,69.15,"GLS",1,0,"Other",NA,"Multi-Phase",NA,17.53,"Own 22"
"350","13","Anselmians","Blackburn","Second Half",00:53:57,"Carry",74.83,16.42,87.38,10.81,"GLS",0,0,"Other",NA,"Multi-Phase",NA,13.75,"Halfway to Opposition 22"
"351","11","Anselmians","Blackburn","Second Half",00:54:00,"Carry",89.98,2.28,99.47,1.5,"No GLS",1,0,"Support Carry",NA,"Multi-Phase",NA,9.52,"Opposition 22"
"352","8","Anselmians","Blackburn","Second Half",00:55:58,"Carry",22.34,6.32,26.32,15.07,"No GLS",0,0,"Kick Return",NA,"Multi-Phase",NA,9.61,"Own 22 to Halfway"
"353","20","Anselmians","Blackburn","Second Half",00:57:39,"Carry",42.69,19.22,65.95,0.939999999999998,"GLS",0,0,"Other",NA,"Multi-Phase",NA,29.58,"Own 22 to Halfway"
"354","2","Anselmians","Blackburn","Second Half",01:00:20,"Carry",27.24,19.22,33.51,21.81,"GLS",0,0,"Other",NA,"Multi-Phase",NA,6.78,"Own 22 to Halfway"
"355","13","Anselmians","Blackburn","Second Half",01:00:31,"Carry",33.66,65.45,35.96,63.65,"GLS",0,0,"Other",NA,"Multi-Phase",NA,2.92,"Own 22 to Halfway"
"356","6","Anselmians","Blackburn","Second Half",01:00:39,"Carry",32.29,55.01,36.57,55.24,"GLS",0,0,"One Out",NA,"Multi-Phase",NA,4.29,"Own 22 to Halfway"
"357","2","Anselmians","Blackburn","Second Half",01:01:47,"Carry",61.97,10.47,63.2,15.3,"GLS",0,0,"Other",NA,"Multi-Phase",NA,4.98,"Halfway to Opposition 22"
"358","6","Anselmians","Blackburn","Second Half",01:05:26,"Carry",2.90000000000001,17.88,5.2,19.22,"No GLS",0,0,"One Out",NA,"Multi-Phase",NA,2.66,"Own 22"
"359","1","Anselmians","Blackburn","Second Half",01:05:29,"Carry",5.05,17.99,7.19,18.1,"GLS",0,0,"Support Carry",NA,"Multi-Phase",NA,2.14,"Own 22"
"360","7","Anselmians","Blackburn","Second Half",01:08:55,"Carry",21.73,61.75,21.73,61.75,"GLS",0,0,"Other",NA,"Multi-Phase",NA,0,"Own 22"
"361","5","Anselmians","Blackburn","Second Half",01:09:04,"Carry",18.67,41.55,24.02,41.33,"GLS",0,0,"Other",NA,"Multi-Phase",NA,5.35,"Own 22"
"362","2","Anselmians","Blackburn","Second Half",01:14:01,"Carry",47.74,56.59,50.96,55.13,"GLS",0,0,"Other",NA,"Multi-Phase",NA,3.54,"Own 22 to Halfway"
"363","6","Anselmians","Blackburn","Second Half",01:14:57,"Carry",6.42,42.11,8.72,38.19,"No GLS",0,0,"Support Carry",NA,"Multi-Phase",NA,4.54,"Own 22"
"364","2","Anselmians","Blackburn","Second Half",01:15:44,"Carry",24.17,19.34,27.69,19.9,"GLS",0,0,"Other",NA,"Multi-Phase",NA,3.56,"Own 22 to Halfway"
"365","7","Anselmians","Blackburn","Second Half",01:15:49,"Carry",26.78,31.57,30.91,34.93,"GLS",0,0,"One Out",NA,"Multi-Phase",NA,5.32,"Own 22 to Halfway"
"366","4","Anselmians","Blackburn","Second Half",01:16:01,"Carry",26.93,52.32,22.95,60.18,"No GLS",0,0,"Other",NA,"Multi-Phase",NA,8.81,"Own 22 to Halfway"
"367","15","Anselmians","Blackburn","Second Half",01:17:34,"Carry",57.38,26.74,65.49,20.12,"No GLS",0,0,"Kick Return",NA,"Multi-Phase",NA,10.47,"Halfway to Opposition 22"
"368","6","Anselmians","Blackburn","Second Half",01:17:36,"Carry",64.42,20.68,65.8,20.68,"GLS",0,0,"Pick & Go",NA,"Multi-Phase",NA,1.38,"Halfway to Opposition 22"
"369","20","Anselmians","Blackburn","Second Half",01:17:43,"Carry",68.25,5.2,74.37,2.17,"GLS",0,0,"Other",NA,"Multi-Phase",NA,6.83,"Halfway to Opposition 22"
"370","1","Anselmians","Blackburn","Second Half",01:17:54,"Carry",69.93,14.51,74.68,11.93,"No GLS",0,0,"One Out",NA,"Multi-Phase",NA,5.41,"Halfway to Opposition 22"
"371","7","Anselmians","Blackburn","Second Half",01:17:57,"Carry",74.68,11.93,77.12,14.62,"GLS",0,0,"Support Carry",NA,"Multi-Phase",NA,3.63,"Halfway to Opposition 22"
"372","5","Anselmians","Blackburn","Second Half",01:18:04,"Carry",73.3,28.99,73.3,28.99,"No GLS",0,0,"Other",NA,"Multi-Phase",NA,0,"Halfway to Opposition 22"
"373","2","Anselmians","Blackburn","Second Half",01:18:06,"Carry",74.37,27.64,74.83,27.64,"No GLS",0,0,"Support Carry",NA,"Multi-Phase",NA,0.46,"Halfway to Opposition 22"
"374","19","Anselmians","Blackburn","Second Half",01:18:18,"Carry",72.84,64.55,94.57,65.11,"GLS",0,0,"Other",NA,"Multi-Phase",NA,21.74,"Halfway to Opposition 22"
"375","6","Anselmians","Blackburn","Second Half",01:20:16,"Carry",72.69,49.97,74.68,42.67,"GLS",0,0,"Other",NA,"Multi-Phase",NA,7.57,"Halfway to Opposition 22"
"376","5","Anselmians","Blackburn","Second Half",01:20:23,"Carry",73.15,17.77,80.95,17.54,"GLS",0,0,"Other",NA,"Multi-Phase",NA,7.8,"Halfway to Opposition 22"
"377","15","Anselmians","Blackburn","Second Half",01:20:28,"Carry",79.27,6.32,81.26,6.88,"GLS",0,0,"Other",NA,"Multi-Phase",NA,2.07,"Opposition 22"
"378","5","Anselmians","Blackburn","Second Half",01:20:33,"Carry",77.12,15.3,79.57,16.31,"No GLS",0,0,"One Out",NA,"Multi-Phase",NA,2.65,"Halfway to Opposition 22"
"379","8","Anselmians","Blackburn","Second Half",01:24:46,"Carry",93.35,5.31,97.94,8.57,"No GLS",0,0,"Tap Pen",NA,"Multi-Phase",NA,5.63,"Opposition 22"
"380","5","Anselmians","Blackburn","Second Half",01:24:52,"Carry",94.57,16.98,99.01,22.03,"GLS",0,0,"One Out",NA,"Multi-Phase",NA,6.72,"Opposition 22"
"381","2","Anselmians","Blackburn","Second Half",01:24:55,"Carry",96.71,30.67,99.93,30.67,"GLS",0,0,"One Out",NA,"Multi-Phase",NA,3.22,"Opposition 22"
