"","ID","Team","Opponent","Half","Minute","Event_Type","Tackle_Type","Outcome","Start_X","Start_Y","pitch_location","pitch_width"
"1","22","Anselmians","Leek","Second Half",01:11:27,"Tackle","Missed","Passive",54.08,54.88,"Halfway to Opposition 22","Between 15's"
"2","22","Anselmians","Leek","Second Half",01:13:06,"Tackle","Successful","Neutral",54.76,63.3,"Halfway to Opposition 22","Upper 15"
"3","22","Anselmians","Leek","Second Half",01:26:27,"Tackle","Successful","Neutral",16.09,14.89,"Own 22","Lower 15"
"4","22","Anselmians","Leek","Second Half",01:27:50,"Tackle","Successful","Neutral",5.01,23.2,"Own 22","Between 15's"
"5","22","Anselmians","Leek","Second Half",01:31:55,"Tackle","Successful","Neutral",52.54,64.42,"Halfway to Opposition 22","Upper 15"
"6","21","Anselmians","Leek","Second Half",01:00:59,"Tackle","Successful","Neutral",46.07,32.41,"Own 22 to Halfway","Between 15's"
"7","21","Anselmians","Leek","Second Half",01:07:52,"Tackle","Missed","Passive",68.73,42.3,"Halfway to Opposition 22","Between 15's"
"8","21","Anselmians","Leek","Second Half",01:09:49,"Tackle","Assist","Neutral",22.05,30.28,"Own 22 to Halfway","Between 15's"
"9","20","Anselmians","Leek","Second Half",01:05:42,"Tackle","Successful","Neutral",5.01,43.98,"Own 22","Between 15's"
"10","20","Anselmians","Leek","Second Half",01:08:00,"Tackle","Successful","Neutral",65.83,11.75,"Halfway to Opposition 22","Lower 15"
"11","20","Anselmians","Leek","Second Half",01:11:25,"Tackle","Missed","Passive",60.04,60.38,"Halfway to Opposition 22","Upper 15"
"12","20","Anselmians","Leek","Second Half",01:13:04,"Tackle","Missed","Passive",61.06,63.86,"Halfway to Opposition 22","Upper 15"
"13","20","Anselmians","Leek","Second Half",01:25:02,"Tackle","Successful","Neutral",34.49,53.64,"Own 22 to Halfway","Between 15's"
"14","20","Anselmians","Leek","Second Half",01:25:23,"Tackle","Missed","Passive",22.22,10.96,"Own 22 to Halfway","Lower 15"
"15","20","Anselmians","Leek","Second Half",01:25:25,"Tackle","Missed","Passive",16.09,4.78,"Own 22","Lower 15"
"16","20","Anselmians","Leek","Second Half",01:26:42,"Tackle","Successful","Neutral",16.6,54.65,"Own 22","Between 15's"
"17","20","Anselmians","Leek","Second Half",01:32:13,"Tackle","Assist","Neutral",41.47,9.84,"Own 22 to Halfway","Lower 15"
"18","19","Anselmians","Leek","Second Half",01:05:23,"Tackle","Successful","Neutral",4.67,32.53,"Own 22","Between 15's"
"19","19","Anselmians","Leek","Second Half",01:05:28,"Tackle","Successful","Neutral",2.8,31.52,"Own 22","Between 15's"
"20","19","Anselmians","Leek","Second Half",01:07:53,"Tackle","Successful","Neutral",70.77,36.35,"Halfway to Opposition 22","Between 15's"
"21","19","Anselmians","Leek","Second Half",01:09:42,"Tackle","Missed","Passive",23.92,16.02,"Own 22 to Halfway","Between 15's"
"22","19","Anselmians","Leek","Second Half",01:11:28,"Tackle","Successful","Neutral",50.84,53.08,"Halfway to Opposition 22","Between 15's"
"23","19","Anselmians","Leek","Second Half",01:13:11,"Tackle","Missed","Passive",40.28,54.99,"Own 22 to Halfway","Between 15's"
"24","19","Anselmians","Leek","Second Half",01:19:57,"Tackle","Successful","Neutral",7.23,32.64,"Own 22","Between 15's"
"25","19","Anselmians","Leek","Second Half",01:24:56,"Tackle","Successful","Neutral",33.46,39.04,"Own 22 to Halfway","Between 15's"
"26","19","Anselmians","Leek","Second Half",01:29:27,"Tackle","Assist","Neutral",5.01,37.13,"Own 22","Between 15's"
"27","19","Anselmians","Leek","Second Half",01:31:33,"Tackle","Assist","Neutral",77.59,4,"Halfway to Opposition 22","Lower 15"
"28","19","Anselmians","Leek","Second Half",01:32:13,"Tackle","Successful","Neutral",42.32,9.39,"Own 22 to Halfway","Lower 15"
"29","18","Anselmians","Huddersfield","First Half",00:34:52,"Tackle","Successful","Neutral",34.5,63.74,"Own 22 to Halfway","Upper 15"
"30","18","Anselmians","Leek","Second Half",01:11:12,"Tackle","Successful","Neutral",70.6,15.68,"Halfway to Opposition 22","Between 15's"
"31","18","Anselmians","Leek","Second Half",01:19:42,"Tackle","Successful","Neutral",5.18,13.88,"Own 22","Lower 15"
"32","18","Anselmians","Leek","Second Half",01:24:43,"Tackle","Successful","Neutral",34.66,21.29,"Own 22 to Halfway","Between 15's"
"33","18","Anselmians","Leek","Second Half",01:25:08,"Tackle","Assist","Neutral",28.69,58.7,"Own 22 to Halfway","Upper 15"
"34","18","Anselmians","Leek","Second Half",01:26:50,"Tackle","Successful","Neutral",19.67,30.95,"Own 22","Between 15's"
"35","18","Anselmians","Leek","Second Half",01:29:10,"Tackle","Successful","Neutral",5.36,15.79,"Own 22","Between 15's"
"36","17","Anselmians","Leek","Second Half",01:01:06,"Tackle","Successful","Dominant",42.83,3.89,"Own 22 to Halfway","Lower 15"
"37","17","Anselmians","Leek","Second Half",01:08:47,"Tackle","Successful","Neutral",55.61,35.11,"Halfway to Opposition 22","Between 15's"
"38","17","Anselmians","Leek","Second Half",01:09:43,"Tackle","Successful","Neutral",20.18,15.12,"Own 22","Between 15's"
"39","17","Anselmians","Leek","Second Half",01:27:57,"Tackle","Successful","Neutral",5.18,16.24,"Own 22","Between 15's"
"40","15","Anselmians","Huddersfield","First Half",00:12:16,"Tackle","Assist","Neutral",50.17,8.42,"Halfway to Opposition 22","Lower 15"
"41","15","Anselmians","Huddersfield","First Half",00:16:56,"Tackle","Missed","Passive",45.16,51.03,"Own 22 to Halfway","Between 15's"
"42","15","Anselmians","Leek","Second Half",01:11:35,"Tackle","Assist","Neutral",44.88,61.5,"Own 22 to Halfway","Upper 15"
"43","15","Anselmians","Leek","Second Half",01:13:14,"Tackle","Successful","Neutral",21.03,61.28,"Own 22","Upper 15"
"44","14","Anselmians","Huddersfield","First Half",00:12:31,"Tackle","Successful","Neutral",21.59,5.16,"Own 22","Lower 15"
"45","14","Anselmians","Huddersfield","First Half",00:39:10,"Tackle","Successful","Neutral",24.97,4.94,"Own 22 to Halfway","Lower 15"
"46","14","Anselmians","Leek","Second Half",01:08:29,"Tackle","Successful","Neutral",59.87,64.42,"Halfway to Opposition 22","Upper 15"
"47","14","Anselmians","Leek","Second Half",01:11:35,"Tackle","Successful","Neutral",30.74,59.82,"Own 22 to Halfway","Upper 15"
"48","14","Anselmians","Leek","Second Half",01:14:56,"Tackle","Successful","Dominant",73.5,54.77,"Halfway to Opposition 22","Between 15's"
"49","14","Anselmians","Leek","Second Half",01:26:35,"Tackle","Successful","Neutral",18.64,40.5,"Own 22","Between 15's"
"50","14","Anselmians","Leek","Second Half",01:32:02,"Tackle","Missed","Passive",53.74,54.32,"Halfway to Opposition 22","Between 15's"
"51","13","Anselmians","Huddersfield","First Half",00:09:41,"Tackle","Missed","Passive",49.92,53.96,"Own 22 to Halfway","Between 15's"
"52","13","Anselmians","Huddersfield","First Half",00:12:16,"Tackle","Successful","Neutral",50.05,8.65,"Halfway to Opposition 22","Lower 15"
"53","13","Anselmians","Huddersfield","First Half",00:19:44,"Tackle","Successful","Neutral",76.38,6.4,"Halfway to Opposition 22","Lower 15"
"54","13","Anselmians","Huddersfield","First Half",00:19:53,"Tackle","Assist","Neutral",76.63,16.52,"Halfway to Opposition 22","Between 15's"
"55","13","Anselmians","Huddersfield","First Half",00:33:41,"Tackle","Assist","Neutral",77.13,15.84,"Halfway to Opposition 22","Between 15's"
"56","13","Anselmians","Huddersfield","First Half",00:33:59,"Tackle","Missed","Passive",57.32,37.99,"Halfway to Opposition 22","Between 15's"
"57","13","Anselmians","Huddersfield","First Half",00:34:38,"Tackle","Successful","Neutral",44.91,54.29,"Own 22 to Halfway","Between 15's"
"58","13","Anselmians","Huddersfield","First Half",00:39:08,"Tackle","Missed","Passive",34.5,14.16,"Own 22 to Halfway","Lower 15"
"59","13","Anselmians","Leek","Second Half",00:58:37,"Tackle","Successful","Neutral",45.39,14.44,"Own 22 to Halfway","Lower 15"
"60","12","Anselmians","Huddersfield","First Half",00:35:03,"Tackle","Successful","Neutral",35.25,3.7,"Own 22 to Halfway","Lower 15"
"61","12","Anselmians","Huddersfield","First Half",00:36:16,"Tackle","Assist","Neutral",10.43,52.61,"Own 22","Between 15's"
"62","11","Anselmians","Huddersfield","First Half",00:09:52,"Tackle","Successful","Neutral",44.41,54.86,"Own 22 to Halfway","Between 15's"
"63","11","Anselmians","Huddersfield","First Half",00:30:41,"Tackle","Missed","Passive",44.78,66.1,"Own 22 to Halfway","Upper 15"
"64","11","Anselmians","Huddersfield","First Half",00:34:46,"Tackle","Successful","Neutral",37.01,68.69,"Own 22 to Halfway","Upper 15"
"65","11","Anselmians","Leek","Second Half",01:25:23,"Tackle","Successful","Neutral",21.88,9.28,"Own 22","Lower 15"
"66","11","Anselmians","Leek","Second Half",01:31:31,"Tackle","Successful","Neutral",77.76,0.85,"Halfway to Opposition 22","Lower 15"
"67","10","Anselmians","Huddersfield","First Half",00:33:39,"Tackle","Missed","Passive",78,16.63,"Halfway to Opposition 22","Between 15's"
"68","10","Anselmians","Huddersfield","First Half",00:33:59,"Tackle","Successful","Neutral",56.57,38.1,"Halfway to Opposition 22","Between 15's"
"69","10","Anselmians","Huddersfield","First Half",00:36:14,"Tackle","Missed","Passive",18.2,52.05,"Own 22","Between 15's"
"70","10","Anselmians","Leek","Second Half",01:05:37,"Tackle","Successful","Neutral",6.21,37.47,"Own 22","Between 15's"
"71","10","Anselmians","Leek","Second Half",01:27:44,"Tackle","Missed","Passive",12,14.78,"Own 22","Lower 15"
"72","10","Anselmians","Leek","Second Half",01:29:27,"Tackle","Successful","Neutral",5.7,37.13,"Own 22","Between 15's"
"73","10","Anselmians","Leek","Second Half",01:31:52,"Tackle","Successful","Neutral",59.36,63.86,"Halfway to Opposition 22","Upper 15"
"74","9","Anselmians","Huddersfield","First Half",00:05:39,"Tackle","Successful","Neutral",85.28,64.75,"Oppostion 22","Upper 15"
"75","9","Anselmians","Huddersfield","First Half",00:33:40,"Tackle","Successful","Neutral",77.25,16.52,"Halfway to Opposition 22","Between 15's"
"76","9","Anselmians","Huddersfield","First Half",00:33:54,"Tackle","Successful","Neutral",58.2,30.91,"Halfway to Opposition 22","Between 15's"
"77","9","Anselmians","Huddersfield","First Half",00:39:01,"Tackle","Successful","Neutral",35,50.25,"Own 22 to Halfway","Between 15's"
"78","8","Anselmians","Huddersfield","First Half",00:09:46,"Tackle","Successful","Neutral",40.27,41.59,"Own 22 to Halfway","Between 15's"
"79","8","Anselmians","Huddersfield","First Half",00:34:13,"Tackle","Successful","Neutral",70.23,52.05,"Halfway to Opposition 22","Between 15's"
"80","8","Anselmians","Huddersfield","First Half",00:36:16,"Tackle","Successful","Passive",11.65,51.93,"Own 22","Between 15's"
"81","7","Anselmians","Huddersfield","First Half",00:16:21,"Tackle","Successful","Neutral",70.23,52.5,"Halfway to Opposition 22","Between 15's"
"82","7","Anselmians","Huddersfield","First Half",00:16:28,"Tackle","Successful","Neutral",68.85,63.06,"Halfway to Opposition 22","Upper 15"
"83","7","Anselmians","Huddersfield","First Half",00:16:38,"Tackle","Successful","Neutral",69.61,53.17,"Halfway to Opposition 22","Between 15's"
"84","7","Anselmians","Leek","Second Half",01:05:23,"Tackle","Assist","Neutral",4.16,32.41,"Own 22","Between 15's"
"85","7","Anselmians","Leek","Second Half",01:08:30,"Tackle","Assist","Neutral",59.53,64.2,"Halfway to Opposition 22","Upper 15"
"86","7","Anselmians","Leek","Second Half",01:09:57,"Tackle","Successful","Neutral",24.61,46.79,"Own 22 to Halfway","Between 15's"
"87","7","Anselmians","Leek","Second Half",01:12:51,"Tackle","Successful","Neutral",77.93,14.89,"Halfway to Opposition 22","Lower 15"
"88","7","Anselmians","Leek","Second Half",01:19:48,"Tackle","Successful","Neutral",5.01,13.43,"Own 22","Lower 15"
"89","7","Anselmians","Leek","Second Half",01:20:08,"Tackle","Successful","Neutral",5.01,37.58,"Own 22","Between 15's"
"90","7","Anselmians","Leek","Second Half",01:24:49,"Tackle","Successful","Neutral",33.63,22.08,"Own 22 to Halfway","Between 15's"
"91","7","Anselmians","Leek","Second Half",01:25:14,"Tackle","Assist","Neutral",23.24,41.96,"Own 22 to Halfway","Between 15's"
"92","7","Anselmians","Leek","Second Half",01:32:03,"Tackle","Successful","Passive",51.69,50.83,"Halfway to Opposition 22","Between 15's"
"93","6","Anselmians","Huddersfield","First Half",00:12:23,"Tackle","Successful","Neutral",46.79,13.03,"Own 22 to Halfway","Lower 15"
"94","6","Anselmians","Huddersfield","First Half",00:19:53,"Tackle","Assist","Neutral",76.75,16.29,"Halfway to Opposition 22","Between 15's"
"95","6","Anselmians","Huddersfield","First Half",00:22:48,"Tackle","Assist","Neutral",78.26,18.88,"Oppostion 22","Between 15's"
"96","6","Anselmians","Huddersfield","First Half",00:23:02,"Tackle","Successful","Neutral",79.26,15.96,"Oppostion 22","Between 15's"
"97","6","Anselmians","Huddersfield","First Half",00:36:07,"Tackle","Assist","Neutral",22.22,29.34,"Own 22 to Halfway","Between 15's"
"98","6","Anselmians","Huddersfield","First Half",00:39:01,"Tackle","Assist","Neutral",36.01,50.92,"Own 22 to Halfway","Between 15's"
"99","6","Anselmians","Leek","Second Half",01:05:19,"Tackle","Successful","Neutral",5.53,30.28,"Own 22","Between 15's"
"100","6","Anselmians","Leek","Second Half",01:08:38,"Tackle","Successful","Neutral",59.19,56.45,"Halfway to Opposition 22","Upper 15"
"101","6","Anselmians","Leek","Second Half",01:10:06,"Tackle","Missed","Passive",22.56,45.44,"Own 22 to Halfway","Between 15's"
"102","6","Anselmians","Leek","Second Half",01:11:41,"Tackle","Successful","Neutral",44.71,54.2,"Own 22 to Halfway","Between 15's"
"103","6","Anselmians","Leek","Second Half",01:12:46,"Tackle","Successful","Neutral",76.91,7.7,"Halfway to Opposition 22","Lower 15"
"104","6","Anselmians","Leek","Second Half",01:20:00,"Tackle","Assist","Neutral",4.84,33.09,"Own 22","Between 15's"
"105","6","Anselmians","Leek","Second Half",01:24:34,"Tackle","Successful","Neutral",33.29,16.13,"Own 22 to Halfway","Between 15's"
"106","6","Anselmians","Leek","Second Half",01:25:26,"Tackle","Missed","Passive",10.64,6.69,"Own 22","Lower 15"
"107","6","Anselmians","Leek","Second Half",01:29:11,"Tackle","Assist","Neutral",4.84,15.9,"Own 22","Between 15's"
"108","5","Anselmians","Huddersfield","First Half",00:16:15,"Tackle","Successful","Neutral",71.05,60.14,"Halfway to Opposition 22","Upper 15"
"109","5","Anselmians","Huddersfield","First Half",00:16:14,"Tackle","Assist","Neutral",71.23,60.7,"Halfway to Opposition 22","Upper 15"
"110","5","Anselmians","Huddersfield","First Half",00:19:34,"Tackle","Successful","Neutral",71.23,57.33,"Halfway to Opposition 22","Upper 15"
"111","5","Anselmians","Huddersfield","First Half",00:22:40,"Tackle","Missed","Passive",87.16,13.37,"Oppostion 22","Lower 15"
"112","5","Anselmians","Huddersfield","First Half",00:22:56,"Tackle","Successful","Neutral",78.63,8.54,"Oppostion 22","Lower 15"
"113","5","Anselmians","Huddersfield","First Half",00:34:04,"Tackle","Successful","Neutral",68.85,53.85,"Halfway to Opposition 22","Between 15's"
"114","4","Anselmians","Leek","Second Half",01:10:06,"Tackle","Successful","Neutral",22.05,41.96,"Own 22 to Halfway","Between 15's"
"115","4","Anselmians","Leek","Second Half",01:19:34,"Tackle","Successful","Neutral",10.3,14.67,"Own 22","Lower 15"
"116","4","Anselmians","Leek","Second Half",01:29:19,"Tackle","Successful","Neutral",5.53,17.59,"Own 22","Between 15's"
"117","4","Anselmians","Huddersfield","First Half",00:22:41,"Tackle","Successful","Neutral",79.26,13.37,"Oppostion 22","Lower 15"
"118","3","Anselmians","Huddersfield","First Half",00:16:33,"Tackle","Successful","Neutral",68.48,54.74,"Halfway to Opposition 22","Between 15's"
"119","3","Anselmians","Leek","Second Half",01:25:02,"Tackle","Missed","Passive",33.29,52.74,"Own 22 to Halfway","Between 15's"
"120","3","Anselmians","Leek","Second Half",01:26:50,"Tackle","Assist","Neutral",19.84,30.28,"Own 22","Between 15's"
"121","3","Anselmians","Leek","Second Half",01:32:03,"Tackle","Assist","Passive",50.67,50.95,"Halfway to Opposition 22","Between 15's"
"122","2","Anselmians","Huddersfield","First Half",00:22:48,"Tackle","Successful","Neutral",78.26,19.22,"Oppostion 22","Between 15's"
"123","2","Anselmians","Huddersfield","First Half",00:36:07,"Tackle","Successful","Neutral",22.72,28.66,"Own 22 to Halfway","Between 15's"
"124","2","Anselmians","Leek","Second Half",00:57:34,"Tackle","Successful","Neutral",58.85,22.75,"Halfway to Opposition 22","Between 15's"
"125","2","Anselmians","Leek","Second Half",01:08:09,"Tackle","Successful","Neutral",64.98,14.78,"Halfway to Opposition 22","Lower 15"
"126","2","Anselmians","Leek","Second Half",01:08:46,"Tackle","Missed","Neutral",59.53,36.68,"Halfway to Opposition 22","Between 15's"
"127","2","Anselmians","Leek","Second Half",01:09:34,"Tackle","Successful","Dominant",23.24,35.22,"Own 22 to Halfway","Between 15's"
"128","2","Anselmians","Leek","Second Half",01:20:00,"Tackle","Successful","Neutral",4.84,33.31,"Own 22","Between 15's"
"129","2","Anselmians","Leek","Second Half",01:25:14,"Tackle","Successful","Neutral",23.24,41.51,"Own 22 to Halfway","Between 15's"
"130","2","Anselmians","Leek","Second Half",01:27:46,"Tackle","Successful","Neutral",10.81,20.06,"Own 22","Between 15's"
"131","1","Anselmians","Huddersfield","First Half",00:09:42,"Tackle","Missed","Passive",44.78,50.92,"Own 22 to Halfway","Between 15's"
"132","1","Anselmians","Huddersfield","First Half",00:19:53,"Tackle","Successful","Neutral",76.38,16.18,"Halfway to Opposition 22","Between 15's"
"133","1","Anselmians","Huddersfield","First Half",00:33:51,"Tackle","Missed","Passive",78,27.42,"Halfway to Opposition 22","Between 15's"
"134","1","Anselmians","Leek","Second Half",00:57:34,"Tackle","Assist","Neutral",58.34,20.85,"Halfway to Opposition 22","Between 15's"
"135","1","Anselmians","Leek","Second Half",00:58:45,"Tackle","Successful","Neutral",48.8,27.81,"Own 22 to Halfway","Between 15's"
"136","1","Anselmians","Leek","Second Half",01:05:50,"Tackle","Missed","Neutral",5.18,44.88,"Own 22","Between 15's"
"137","1","Anselmians","Leek","Second Half",01:09:48,"Tackle","Successful","Neutral",22.05,28.37,"Own 22 to Halfway","Between 15's"
"138","1","Anselmians","Leek","Second Half",01:25:08,"Tackle","Successful","Neutral",28.52,57.24,"Own 22 to Halfway","Upper 15"
"139","1","Anselmians","Leek","Second Half",01:27:57,"Tackle","Assist","Neutral",4.84,15.68,"Own 22","Between 15's"
"140","Unknown","Anselmians","Huddersfield","Second Half",01:08:27,"Tackle","Successful","Neutral",0.310000000000002,26.61,"Own 22","Between 15's"
"141","Unknown","Anselmians","Huddersfield","Second Half",01:08:27,"Tackle","Assist","Neutral",0.430000000000007,26.27,"Own 22","Between 15's"
"142","21","Anselmians","Leek","First Half",00:08:52,"Tackle","Successful","Neutral",77.78,58.81,"Halfway to Opposition 22","Upper 15"
"143","21","Anselmians","Leek","First Half",00:16:38,"Tackle","Missed","Passive",64.66,39.27,"Halfway to Opposition 22","Between 15's"
"144","21","Anselmians","Leek","First Half",00:18:24,"Tackle","Successful","Dominant",28.72,45.11,"Own 22 to Halfway","Between 15's"
"145","21","Anselmians","Leek","First Half",00:19:56,"Tackle","Assist","Neutral",70.79,52.75,"Halfway to Opposition 22","Between 15's"
"146","21","Anselmians","Leek","First Half",00:20:13,"Tackle","Successful","Neutral",76.08,56.57,"Halfway to Opposition 22","Upper 15"
"147","21","Anselmians","Leek","First Half",00:25:28,"Tackle","Successful","Neutral",54.27,13.89,"Halfway to Opposition 22","Lower 15"
"148","21","Anselmians","Leek","First Half",00:26:41,"Tackle","Successful","Neutral",9.3,14.56,"Own 22","Lower 15"
"149","21","Anselmians","Leek","First Half",00:26:56,"Tackle","Successful","Neutral",10.15,19.28,"Own 22","Between 15's"
"150","21","Anselmians","Leek","First Half",00:29:21,"Tackle","Successful","Neutral",75.74,52.97,"Halfway to Opposition 22","Between 15's"
"151","21","Anselmians","Leek","First Half",00:32:11,"Tackle","Successful","Neutral",45.58,15.35,"Own 22 to Halfway","Between 15's"
"152","21","Anselmians","Leek","First Half",00:32:54,"Tackle","Successful","Neutral",25.14,35,"Own 22 to Halfway","Between 15's"
"153","21","Anselmians","Leek","First Half",00:35:40,"Tackle","Successful","Neutral",21.9,18.38,"Own 22","Between 15's"
"154","21","Anselmians","Leek","First Half",00:37:48,"Tackle","Successful","Neutral",66.37,49.72,"Halfway to Opposition 22","Between 15's"
"155","21","Anselmians","Leek","First Half",00:41:45,"Tackle","Successful","Neutral",50.18,30.62,"Halfway to Opposition 22","Between 15's"
"156","20","Anselmians","Leek","First Half",00:09:14,"Tackle","Successful","Neutral",78.8,6.92,"Oppostion 22","Lower 15"
"157","20","Anselmians","Leek","First Half",00:33:32,"Tackle","Successful","Neutral",38.77,39.16,"Own 22 to Halfway","Between 15's"
"158","20","Anselmians","Leek","First Half",00:35:25,"Tackle","Missed","Neutral",39.45,12.09,"Own 22 to Halfway","Lower 15"
"159","20","Anselmians","Leek","First Half",00:35:30,"Tackle","Successful","Neutral",23.09,8.16,"Own 22 to Halfway","Lower 15"
"160","20","Anselmians","Leek","First Half",00:35:44,"Tackle","Successful","Neutral",20.54,24.89,"Own 22","Between 15's"
"161","20","Anselmians","Leek","First Half",00:39:58,"Tackle","Successful","Neutral",44.05,1.76,"Own 22 to Halfway","Lower 15"
"162","19","Anselmians","Huddersfield","Second Half",00:55:02,"Tackle","Successful","Neutral",54.97,53.71,"Halfway to Opposition 22","Between 15's"
"163","19","Anselmians","Huddersfield","Second Half",00:55:49,"Tackle","Successful","Dominant",48.45,67.31,"Own 22 to Halfway","Upper 15"
"164","19","Anselmians","Huddersfield","Second Half",01:33:30,"Tackle","Missed","Passive",21.62,32.68,"Own 22","Between 15's"
"165","19","Anselmians","Huddersfield","Second Half",01:36:30,"Tackle","Successful","Neutral",4.81999999999999,65.29,"Own 22","Upper 15"
"166","19","Anselmians","Huddersfield","Second Half",01:38:54,"Tackle","Successful","Neutral",50.96,64.05,"Halfway to Opposition 22","Upper 15"
"167","19","Anselmians","Leek","First Half",00:15:54,"Tackle","Successful","Neutral",66.71,55.22,"Halfway to Opposition 22","Upper 15"
"168","19","Anselmians","Leek","First Half",00:18:33,"Tackle","Successful","Neutral",28.38,24,"Own 22 to Halfway","Between 15's"
"169","19","Anselmians","Leek","First Half",00:32:46,"Tackle","Successful","Neutral",28.55,55.67,"Own 22 to Halfway","Upper 15"
"170","19","Anselmians","Leek","First Half",00:33:25,"Tackle","Successful","Neutral",37.23,32.42,"Own 22 to Halfway","Between 15's"
"171","19","Anselmians","Leek","First Half",00:40:54,"Tackle","Missed","Passive",67.9,32.19,"Halfway to Opposition 22","Between 15's"
"172","19","Anselmians","Leek","First Half",00:42:01,"Tackle","Successful","Passive",49.67,61.96,"Own 22 to Halfway","Upper 15"
"173","18","Anselmians","Huddersfield","Second Half",00:55:10,"Tackle","Assist","Neutral",55.34,46.51,"Halfway to Opposition 22","Between 15's"
"174","18","Anselmians","Huddersfield","Second Half",00:59:48,"Tackle","Successful","Neutral",79.16,47.97,"Oppostion 22","Between 15's"
"175","18","Anselmians","Huddersfield","Second Half",01:02:56,"Tackle","Successful","Neutral",36.41,34.03,"Own 22 to Halfway","Between 15's"
"176","18","Anselmians","Huddersfield","Second Half",01:04:00,"Tackle","Successful","Neutral",94.96,8.51,"Oppostion 22","Lower 15"
"177","18","Anselmians","Huddersfield","Second Half",01:08:43,"Tackle","Successful","Neutral",0.680000000000007,25.26,"Own 22","Between 15's"
"178","18","Anselmians","Huddersfield","Second Half",01:09:02,"Tackle","Successful","Neutral",1.18000000000001,11.66,"Own 22","Lower 15"
"179","18","Anselmians","Huddersfield","Second Half",01:13:35,"Tackle","Successful","Neutral",41.05,47.52,"Own 22 to Halfway","Between 15's"
"180","17","Anselmians","Huddersfield","Second Half",00:55:43,"Tackle","Missed","Passive",56.97,45.05,"Halfway to Opposition 22","Between 15's"
"181","17","Anselmians","Leek","First Half",00:27:21,"Tackle","Successful","Neutral",6.23,8.16,"Own 22","Lower 15"
"182","17","Anselmians","Leek","First Half",00:32:17,"Tackle","Successful","Neutral",39.79,6.14,"Own 22 to Halfway","Lower 15"
"183","17","Anselmians","Leek","First Half",00:33:12,"Tackle","Successful","Neutral",34.85,6.36,"Own 22 to Halfway","Lower 15"
"184","17","Anselmians","Leek","First Half",00:40:13,"Tackle","Successful","Neutral",22.07,49.04,"Own 22 to Halfway","Between 15's"
"185","17","Anselmians","Leek","First Half",00:42:03,"Tackle","Assist","Passive",46.6,58.25,"Own 22 to Halfway","Upper 15"
"186","15","Anselmians","Leek","First Half",00:13:01,"Tackle","Successful","Dominant",66.02,1.98,"Halfway to Opposition 22","Lower 15"
"187","15","Anselmians","Leek","First Half",00:35:51,"Tackle","Successful","Neutral",17.64,19.73,"Own 22","Between 15's"
"188","15","Anselmians","Leek","First Half",00:40:03,"Tackle","Successful","Neutral",22.24,11.86,"Own 22 to Halfway","Lower 15"
"189","15","Anselmians","Leek","First Half",00:41:09,"Tackle","Successful","Neutral",55.29,11.75,"Halfway to Opposition 22","Lower 15"
"190","14","Anselmians","Huddersfield","Second Half",00:55:23,"Tackle","Successful","Neutral",53.59,1.09,"Halfway to Opposition 22","Lower 15"
"191","14","Anselmians","Huddersfield","Second Half",01:30:56,"Tackle","Missed","Passive",48.57,6.82,"Own 22 to Halfway","Lower 15"
"192","14","Anselmians","Huddersfield","Second Half",01:35:25,"Tackle","Successful","Neutral",21.74,2.55,"Own 22","Lower 15"
"193","14","Anselmians","Huddersfield","Second Half",01:35:37,"Tackle","Successful","Neutral",9.83,4.34999999999999,"Own 22","Lower 15"
"194","14","Anselmians","Leek","First Half",00:04:52,"Tackle","Successful","Dominant",72.65,55.33,"Halfway to Opposition 22","Upper 15"
"195","14","Anselmians","Leek","First Half",00:17:14,"Tackle","Successful","Neutral",60.57,49.15,"Halfway to Opposition 22","Between 15's"
"196","14","Anselmians","Leek","First Half",00:19:53,"Tackle","Successful","Dominant",70.62,55.33,"Halfway to Opposition 22","Upper 15"
"197","14","Anselmians","Leek","First Half",00:29:14,"Tackle","Missed","Passive",76.42,63.31,"Halfway to Opposition 22","Upper 15"
"198","14","Anselmians","Leek","First Half",00:37:39,"Tackle","Successful","Neutral",64.49,60.27,"Halfway to Opposition 22","Upper 15"
"199","13","Anselmians","Huddersfield","Second Half",00:56:41,"Tackle","Successful","Neutral",64.37,8.96,"Halfway to Opposition 22","Lower 15"
"200","13","Anselmians","Huddersfield","Second Half",00:56:44,"Tackle","Successful","Neutral",63.62,6.04,"Halfway to Opposition 22","Lower 15"
"201","13","Anselmians","Huddersfield","Second Half",01:02:49,"Tackle","Successful","Neutral",43.56,42.13,"Own 22 to Halfway","Between 15's"
"202","13","Anselmians","Huddersfield","Second Half",01:13:30,"Tackle","Successful","Neutral",37.29,66.52,"Own 22 to Halfway","Upper 15"
"203","13","Anselmians","Huddersfield","Second Half",01:33:32,"Tackle","Assist","Neutral",13.09,26.27,"Own 22","Between 15's"
"204","13","Anselmians","Huddersfield","Second Half",01:35:37,"Tackle","Assist","Neutral",10.09,4.24,"Own 22","Lower 15"
"205","13","Anselmians","Huddersfield","Second Half",01:38:34,"Tackle","Assist","Neutral",70.26,15.71,"Halfway to Opposition 22","Between 15's"
"206","13","Anselmians","Huddersfield","Second Half",01:38:40,"Tackle","Successful","Neutral",60.11,13.57,"Halfway to Opposition 22","Lower 15"
"207","13","Anselmians","Leek","First Half",00:27:10,"Tackle","Successful","Neutral",9.47,1.87,"Own 22","Lower 15"
"208","13","Anselmians","Leek","First Half",00:30:34,"Tackle","Successful","Neutral",35.7,5.69,"Own 22 to Halfway","Lower 15"
"209","13","Anselmians","Leek","First Half",00:32:02,"Tackle","Assist","Dominant",46.26,21.08,"Own 22 to Halfway","Between 15's"
"210","13","Anselmians","Leek","First Half",00:39:57,"Tackle","Missed","Passive",56.14,2.65000000000001,"Halfway to Opposition 22","Lower 15"
"211","11","Anselmians","Huddersfield","Second Half",01:36:26,"Tackle","Missed","Neutral",15.85,42.8,"Own 22","Between 15's"
"212","10","Anselmians","Huddersfield","Second Half",00:55:16,"Tackle","Assist","Neutral",55.22,19.19,"Halfway to Opposition 22","Between 15's"
"213","10","Anselmians","Huddersfield","Second Half",00:55:44,"Tackle","Successful","Neutral",55.97,48.65,"Halfway to Opposition 22","Between 15's"
"214","10","Anselmians","Huddersfield","Second Half",01:02:27,"Tackle","Successful","Neutral",51.58,36.84,"Halfway to Opposition 22","Between 15's"
"215","10","Anselmians","Huddersfield","Second Half",01:13:45,"Tackle","Missed","Passive",16.73,37.85,"Own 22","Between 15's"
"216","10","Anselmians","Leek","First Half",00:18:24,"Tackle","Assist","Neutral",27.52,47.13,"Own 22 to Halfway","Between 15's"
"217","10","Anselmians","Leek","First Half",00:27:01,"Tackle","Missed","Passive",9.3,33.65,"Own 22","Between 15's"
"218","10","Anselmians","Leek","First Half",00:35:27,"Tackle","Successful","Neutral",27.86,6.81,"Own 22 to Halfway","Lower 15"
"219","9","Anselmians","Huddersfield","Second Half",00:55:31,"Tackle","Successful","Dominant",50.74,15.37,"Halfway to Opposition 22","Between 15's"
"220","9","Anselmians","Huddersfield","Second Half",01:13:19,"Tackle","Successful","Neutral",53.34,35.04,"Halfway to Opposition 22","Between 15's"
"221","9","Anselmians","Huddersfield","Second Half",01:13:46,"Tackle","Successful","Neutral",17.23,37.29,"Own 22","Between 15's"
"222","9","Anselmians","Huddersfield","Second Half",01:33:32,"Tackle","Successful","Neutral",14.6,25.26,"Own 22","Between 15's"
"223","9","Anselmians","Huddersfield","Second Half",01:33:34,"Tackle","Successful","Neutral",7.7,24.47,"Own 22","Between 15's"
"224","9","Anselmians","Huddersfield","Second Half",01:35:11,"Tackle","Successful","Neutral",52.84,68.32,"Halfway to Opposition 22","Upper 15"
"225","9","Anselmians","Leek","First Half",00:16:41,"Tackle","Successful","Neutral",54.61,46.35,"Halfway to Opposition 22","Between 15's"
"226","9","Anselmians","Leek","First Half",00:41:34,"Tackle","Successful","Passive",45.07,47.81,"Own 22 to Halfway","Between 15's"
"227","8","Anselmians","Huddersfield","Second Half",01:02:41,"Tackle","Successful","Neutral",36.16,12.78,"Own 22 to Halfway","Lower 15"
"228","8","Anselmians","Huddersfield","Second Half",01:08:53,"Tackle","Successful","Neutral",2.19,9.63,"Own 22","Lower 15"
"229","8","Anselmians","Huddersfield","Second Half",01:11:01,"Tackle","Successful","Neutral",65,63.94,"Halfway to Opposition 22","Upper 15"
"230","8","Anselmians","Huddersfield","Second Half",01:13:36,"Tackle","Assist","Neutral",41.18,47.86,"Own 22 to Halfway","Between 15's"
"231","7","Anselmians","Huddersfield","Second Half",01:02:35,"Tackle","Successful","Neutral",38.67,5.47,"Own 22 to Halfway","Lower 15"
"232","7","Anselmians","Huddersfield","Second Half",01:11:07,"Tackle","Successful","Dominant",62.99,50.11,"Halfway to Opposition 22","Between 15's"
"233","7","Anselmians","Huddersfield","Second Half",01:30:58,"Tackle","Missed","Passive",43.81,6.82,"Own 22 to Halfway","Lower 15"
"234","7","Anselmians","Huddersfield","Second Half",01:33:41,"Tackle","Successful","Neutral",7.33,13.68,"Own 22","Lower 15"
"235","7","Anselmians","Leek","First Half",00:11:13,"Tackle","Successful","Neutral",94.64,26.02,"Oppostion 22","Between 15's"
"236","7","Anselmians","Leek","First Half",00:16:16,"Tackle","Successful","Neutral",65.85,25.46,"Halfway to Opposition 22","Between 15's"
"237","7","Anselmians","Leek","First Half",00:16:22,"Tackle","Successful","Neutral",66.54,15.57,"Halfway to Opposition 22","Between 15's"
"238","7","Anselmians","Leek","First Half",00:17:37,"Tackle","Successful","Neutral",55.12,28.94,"Halfway to Opposition 22","Between 15's"
"239","7","Anselmians","Leek","First Half",00:20:04,"Tackle","Assist","Neutral",76.08,63.42,"Halfway to Opposition 22","Upper 15"
"240","7","Anselmians","Leek","First Half",00:25:43,"Tackle","Successful","Neutral",44.22,8.83,"Own 22 to Halfway","Lower 15"
"241","7","Anselmians","Leek","First Half",00:27:02,"Tackle","Successful","Neutral",8.44,33.09,"Own 22","Between 15's"
"242","7","Anselmians","Leek","First Half",00:27:16,"Tackle","Successful","Neutral",7.59,8.5,"Own 22","Lower 15"
"243","7","Anselmians","Leek","First Half",00:27:25,"Tackle","Successful","Neutral",5.20999999999999,11.08,"Own 22","Lower 15"
"244","7","Anselmians","Leek","First Half",00:29:15,"Tackle","Successful","Neutral",74.54,64.43,"Halfway to Opposition 22","Upper 15"
"245","7","Anselmians","Leek","First Half",00:35:05,"Tackle","Successful","Neutral",40.64,46.12,"Own 22 to Halfway","Between 15's"
"246","7","Anselmians","Leek","First Half",00:39:49,"Tackle","Successful","Neutral",65.51,34.55,"Halfway to Opposition 22","Between 15's"
"247","6","Anselmians","Huddersfield","Second Half",01:09:05,"Tackle","Successful","Neutral",2.81,13.68,"Own 22","Lower 15"
"248","6","Anselmians","Huddersfield","Second Half",01:35:13,"Tackle","Successful","Neutral",45.69,63.71,"Own 22 to Halfway","Upper 15"
"249","6","Anselmians","Huddersfield","Second Half",01:38:27,"Tackle","Successful","Neutral",80.17,30.77,"Oppostion 22","Between 15's"
"250","6","Anselmians","Huddersfield","Second Half",01:38:34,"Tackle","Successful","Neutral",70.64,16.49,"Halfway to Opposition 22","Between 15's"
"251","6","Anselmians","Leek","First Half",00:08:59,"Tackle","Assist","Neutral",79.31,55.22,"Oppostion 22","Upper 15"
"252","6","Anselmians","Leek","First Half",00:16:09,"Tackle","Successful","Neutral",66.02,40.17,"Halfway to Opposition 22","Between 15's"
"253","6","Anselmians","Leek","First Half",00:16:29,"Tackle","Successful","Neutral",65.51,18.94,"Halfway to Opposition 22","Between 15's"
"254","6","Anselmians","Leek","First Half",00:17:22,"Tackle","Successful","Neutral",55.63,33.32,"Halfway to Opposition 22","Between 15's"
"255","6","Anselmians","Leek","First Half",00:32:02,"Tackle","Successful","Neutral",45.41,22.42,"Own 22 to Halfway","Between 15's"
"256","6","Anselmians","Leek","First Half",00:32:28,"Tackle","Successful","Passive",46.43,13.44,"Own 22 to Halfway","Lower 15"
"257","6","Anselmians","Leek","First Half",00:35:10,"Tackle","Successful","Neutral",39.79,59.04,"Own 22 to Halfway","Upper 15"
"258","6","Anselmians","Leek","First Half",00:41:18,"Tackle","Assist","Neutral",60.06,32.31,"Halfway to Opposition 22","Between 15's"
"259","6","Anselmians","Leek","First Half",00:41:28,"Tackle","Successful","Neutral",55.29,39.61,"Halfway to Opposition 22","Between 15's"
"260","6","Anselmians","Leek","First Half",00:41:51,"Tackle","Assist","Neutral",47.12,35.9,"Own 22 to Halfway","Between 15's"
"261","5","Anselmians","Huddersfield","Second Half",01:11:14,"Tackle","Successful","Dominant",64.37,41.45,"Halfway to Opposition 22","Between 15's"
"262","4","Anselmians","Leek","First Half",00:16:00,"Tackle","Successful","Neutral",62.96,54.77,"Halfway to Opposition 22","Between 15's"
"263","4","Anselmians","Leek","First Half",00:17:14,"Tackle","Assist","Neutral",60.4,49.27,"Halfway to Opposition 22","Between 15's"
"264","4","Anselmians","Leek","First Half",00:17:37,"Tackle","Assist","Neutral",55.12,28.38,"Halfway to Opposition 22","Between 15's"
"265","4","Anselmians","Leek","First Half",00:33:17,"Tackle","Successful","Neutral",33.66,15.46,"Own 22 to Halfway","Between 15's"
"266","4","Anselmians","Leek","First Half",00:35:36,"Tackle","Successful","Neutral",24.12,18.72,"Own 22 to Halfway","Between 15's"
"267","4","Anselmians","Leek","First Half",00:37:39,"Tackle","Assist","Neutral",63.64,59.94,"Halfway to Opposition 22","Upper 15"
"268","4","Anselmians","Leek","First Half",00:40:57,"Tackle","Successful","Neutral",60.23,31.75,"Halfway to Opposition 22","Between 15's"
"269","4","Anselmians","Leek","First Half",00:41:18,"Tackle","Successful","Neutral",60.06,31.86,"Halfway to Opposition 22","Between 15's"
"270","4","Anselmians","Leek","First Half",00:41:32,"Tackle","Successful","Passive",50.01,46.23,"Halfway to Opposition 22","Between 15's"
"271","4","Anselmians","Huddersfield","Second Half",01:11:07,"Tackle","Assist","Dominant",62.36,50.9,"Halfway to Opposition 22","Between 15's"
"272","4","Anselmians","Huddersfield","Second Half",01:31:19,"Tackle","Successful","Neutral",43.31,18.52,"Own 22 to Halfway","Between 15's"
"273","4","Anselmians","Huddersfield","Second Half",01:35:31,"Tackle","Successful","Neutral",14.85,15.59,"Own 22","Between 15's"
"274","3","Anselmians","Huddersfield","Second Half",01:31:13,"Tackle","Successful","Neutral",43.68,23.91,"Own 22 to Halfway","Between 15's"
"275","3","Anselmians","Huddersfield","Second Half",01:38:42,"Tackle","Assist","Neutral",57.47,14.58,"Halfway to Opposition 22","Lower 15"
"276","3","Anselmians","Leek","First Half",00:17:29,"Tackle","Successful","Neutral",55.29,17.93,"Halfway to Opposition 22","Between 15's"
"277","3","Anselmians","Leek","First Half",00:18:40,"Tackle","Successful","Neutral",24.63,33.54,"Own 22 to Halfway","Between 15's"
"278","3","Anselmians","Leek","First Half",00:19:56,"Tackle","Successful","Neutral",71.48,53.54,"Halfway to Opposition 22","Between 15's"
"279","3","Anselmians","Leek","First Half",00:27:26,"Tackle","Assist","Neutral",4.87,11.53,"Own 22","Lower 15"
"280","3","Anselmians","Leek","First Half",00:33:08,"Tackle","Successful","Neutral",34.17,14.45,"Own 22 to Halfway","Lower 15"
"281","3","Anselmians","Leek","First Half",00:35:16,"Tackle","Assist","Neutral",39.96,46.8,"Own 22 to Halfway","Between 15's"
"282","3","Anselmians","Leek","First Half",00:41:31,"Tackle","Missed","Passive",52.06,45,"Halfway to Opposition 22","Between 15's"
"283","3","Anselmians","Leek","First Half",00:41:51,"Tackle","Successful","Neutral",48.14,35.56,"Own 22 to Halfway","Between 15's"
"284","2","Anselmians","Huddersfield","Second Half",00:55:10,"Tackle","Successful","Neutral",54.84,44.26,"Halfway to Opposition 22","Between 15's"
"285","2","Anselmians","Huddersfield","Second Half",01:02:56,"Tackle","Assist","Neutral",36.04,32.68,"Own 22 to Halfway","Between 15's"
"286","2","Anselmians","Huddersfield","Second Half",01:13:41,"Tackle","Missed","Passive",38.92,47.19,"Own 22 to Halfway","Between 15's"
"287","2","Anselmians","Huddersfield","Second Half",01:30:58,"Tackle","Successful","Neutral",40.68,5.7,"Own 22 to Halfway","Lower 15"
"288","2","Anselmians","Leek","First Half",00:08:46,"Tackle","Successful","Neutral",77.95,66.79,"Halfway to Opposition 22","Upper 15"
"289","2","Anselmians","Leek","First Half",00:20:04,"Tackle","Successful","Neutral",76.25,63.08,"Halfway to Opposition 22","Upper 15"
"290","2","Anselmians","Leek","First Half",00:35:16,"Tackle","Successful","Neutral",39.96,46.12,"Own 22 to Halfway","Between 15's"
"291","2","Anselmians","Leek","First Half",00:41:45,"Tackle","Assist","Neutral",50.01,30.73,"Halfway to Opposition 22","Between 15's"
"292","1","Anselmians","Huddersfield","Second Half",01:03:52,"Tackle","Successful","Neutral",94.83,6.26,"Oppostion 22","Lower 15"
"293","1","Anselmians","Huddersfield","Second Half",01:31:04,"Tackle","Successful","Neutral",40.05,15.59,"Own 22 to Halfway","Between 15's"
"294","1","Anselmians","Huddersfield","Second Half",01:35:30,"Tackle","Missed","Neutral",13.09,15.26,"Own 22","Between 15's"
"295","1","Anselmians","Huddersfield","Second Half",01:38:37,"Tackle","Successful","Neutral",70.39,15.03,"Halfway to Opposition 22","Between 15's"
"296","1","Anselmians","Leek","First Half",00:08:59,"Tackle","Successful","Neutral",80.16,55.22,"Oppostion 22","Upper 15"
"297","1","Anselmians","Leek","First Half",00:16:29,"Tackle","Assist","Neutral",64.83,19.95,"Halfway to Opposition 22","Between 15's"
"298","1","Anselmians","Leek","First Half",00:18:24,"Tackle","Successful","Neutral",30.76,44.89,"Own 22 to Halfway","Between 15's"
"299","1","Anselmians","Leek","First Half",00:25:36,"Tackle","Successful","Neutral",48.82,18.83,"Own 22 to Halfway","Between 15's"
"300","1","Anselmians","Leek","First Half",00:32:33,"Tackle","Successful","Neutral",37.06,14.9,"Own 22 to Halfway","Lower 15"
"301","1","Anselmians","Leek","First Half",00:35:31,"Tackle","Successful","Neutral",22.92,11.42,"Own 22 to Halfway","Lower 15"
"302","1","Anselmians","Leek","First Half",00:37:48,"Tackle","Assist","Neutral",65.34,49.83,"Halfway to Opposition 22","Between 15's"
"303","1","Anselmians","Leek","First Half",00:40:02,"Tackle","Missed","Passive",35.19,7.26,"Own 22 to Halfway","Lower 15"
"304","1","Anselmians","Leek","First Half",00:40:31,"Tackle","Successful","Neutral",24.46,48.03,"Own 22 to Halfway","Between 15's"
