ID,Team,Opponent,Half,Direction,Minute,Event_Type,Start_X,Start_Y,End_X,End_Y,GLS,Linebreak,Prior_GLS,Type,Pass_Receipt,Source,Defenders_Infront,Tackle_Type,Outcome,Kick_Type,Kick_Outcome,Possession_Type,Pen_Type,Pen_Won_Type,Pass_Type,Kick_Receipt,Kick_Receipt_Source,Kick_Type_Received,Catch_Pressure,Try_Outcome,Try_Assist_Type,Thrower_ID,Receiver_ID,Lineout_Numbers,Lineout_Destination,Lineout_Outcome,Lineout_Secondary_Outcome,Contested,Scrum_Outcome,Scrum_Dominance,Card_Colour,Player_On,Player_Off,Substitution_Type,Defender_Beaten_Type,Offload_Outcome,Interception_Outcome,Error,Error_Outcome,Additional_Info
Team,Billingham,Chester,First Half,Left to Right,00:00:20,Possession,20.81,7.8,NA,NA,NA,NA,NA,NA,NA,NA,NA,NA,NA,NA,NA,Start,NA,NA,NA,NA,NA,NA,NA,NA,NA,NA,NA,NA,NA,NA,NA,NA,NA,NA,NA,NA,NA,NA,NA,NA,NA,NA,NA,
4,Billingham,Chester,First Half,Left to Right,00:00:20,Kick Received,20.81,7.8,NA,NA,NA,NA,NA,NA,NA,NA,NA,NA,NA,NA,NA,NA,NA,NA,NA,Successful,Own Team,Kick Off,Yes,NA,NA,NA,NA,NA,NA,NA,NA,NA,NA,NA,NA,NA,NA,NA,NA,NA,NA,NA,NA,
4,Billingham,Chester,First Half,Left to Right,00:00:21,Carry,20.67,7.67,20.95,9.77,0,0,0,Kick Return,NA,NA,2,NA,NA,NA,NA,NA,NA,NA,NA,NA,NA,NA,NA,NA,NA,NA,NA,NA,NA,NA,NA,NA,NA,NA,NA,NA,NA,NA,NA,NA,NA,NA,NA,
35,Billingham,Chester,First Half,Left to Right,00:00:26,Carry,17.73,17.66,23.05,19.24,1,0,0,One Out,On Target,Multi-Phase,3,NA,NA,NA,NA,NA,NA,NA,NA,NA,NA,NA,NA,NA,NA,NA,NA,NA,NA,NA,NA,NA,NA,NA,NA,NA,NA,NA,NA,NA,NA,NA,NA,
29,Billingham,Chester,First Half,Left to Right,00:00:32,Carry,18.29,28.97,21.93,27.66,0,0,1,One Out,On Target,Multi-Phase,2,NA,NA,NA,NA,NA,NA,NA,NA,NA,NA,NA,NA,NA,NA,NA,NA,NA,NA,NA,NA,NA,NA,NA,NA,NA,NA,NA,NA,NA,NA,NA,NA,
15,Billingham,Chester,First Half,Left to Right,00:00:39,Kick,19.27,37.79,37.9,29.11,NA,NA,NA,NA,NA,NA,NA,NA,NA,Open Play,Opposition Collection Full,NA,NA,NA,NA,NA,NA,NA,NA,NA,NA,NA,NA,NA,NA,NA,NA,NA,NA,NA,NA,NA,NA,NA,NA,NA,NA,NA,NA,
Team,Billingham,Chester,First Half,Left to Right,00:00:39,Possession,19.27,37.79,NA,NA,NA,NA,NA,NA,NA,NA,NA,NA,NA,NA,NA,End,NA,NA,NA,NA,NA,NA,NA,NA,NA,NA,NA,NA,NA,NA,NA,NA,NA,NA,NA,NA,NA,NA,NA,NA,NA,NA,NA,
29,Billingham,Chester,First Half,Left to Right,00:00:46,Tackle,36.78,13.72,NA,NA,NA,NA,NA,NA,NA,NA,NA,Successful,Neutral,NA,NA,NA,NA,NA,NA,NA,NA,NA,NA,NA,NA,NA,NA,NA,NA,NA,NA,NA,NA,NA,NA,NA,NA,NA,NA,NA,NA,NA,NA,
15,Billingham,Chester,First Half,Left to Right,00:00:58,Tackle,34.12,50.28,NA,NA,NA,NA,NA,NA,NA,NA,NA,Successful,Neutral,NA,NA,NA,NA,NA,NA,NA,NA,NA,NA,NA,NA,NA,NA,NA,NA,NA,NA,NA,NA,NA,NA,NA,NA,NA,NA,NA,NA,NA,NA,Offload Allowed
1,Billingham,Chester,First Half,Left to Right,00:00:58,Tackle,35.24,50.28,NA,NA,NA,NA,NA,NA,NA,NA,NA,Assist,Neutral,NA,NA,NA,NA,NA,NA,NA,NA,NA,NA,NA,NA,NA,NA,NA,NA,NA,NA,NA,NA,NA,NA,NA,NA,NA,NA,NA,NA,NA,NA,Offload Allowed
Team,Billingham,Chester,First Half,Left to Right,00:01:47,Possession,33.84,52.39,NA,NA,NA,NA,NA,NA,NA,NA,NA,NA,NA,NA,NA,Start,NA,NA,NA,NA,NA,NA,NA,NA,NA,NA,NA,NA,NA,NA,NA,NA,NA,NA,NA,NA,NA,NA,NA,NA,NA,NA,NA,
Team,Billingham,Chester,First Half,Left to Right,00:01:47,Scrum,33.42,52.12,NA,NA,NA,NA,NA,NA,NA,NA,NA,NA,NA,NA,NA,NA,NA,NA,NA,NA,NA,NA,NA,NA,NA,NA,NA,NA,NA,NA,NA,NA,Won,Neutral,NA,NA,NA,NA,NA,NA,NA,NA,NA,
24,Billingham,Chester,First Half,Left to Right,00:01:57,Carry,25.01,8.32,49.66,3.98,1,1,0,Other,On Target,Multi-Phase,0,NA,NA,NA,NA,NA,NA,NA,NA,NA,NA,NA,NA,NA,NA,NA,NA,NA,NA,NA,NA,NA,NA,NA,NA,NA,NA,NA,NA,NA,NA,NA,NA,
24,Billingham,Chester,First Half,Left to Right,00:02:00,Kick,49.8,4.12,76.97,22,NA,NA,NA,NA,NA,NA,NA,NA,NA,Chip,Opposition Collection Bounce,NA,NA,NA,NA,NA,NA,NA,NA,NA,NA,NA,NA,NA,NA,NA,NA,NA,NA,NA,NA,NA,NA,NA,NA,NA,NA,NA,NA,
Team,Billingham,Chester,First Half,Left to Right,00:02:02,Possession,76.13,22.4,NA,NA,NA,NA,NA,NA,NA,NA,NA,NA,NA,NA,NA,End,NA,NA,NA,NA,NA,NA,NA,NA,NA,NA,NA,NA,NA,NA,NA,NA,NA,NA,NA,NA,NA,NA,NA,NA,NA,NA,NA,
22,Billingham,Chester,First Half,Left to Right,00:02:05,Tackle,90.28,29.5,NA,NA,NA,NA,NA,NA,NA,NA,NA,Successful,Neutral,NA,NA,NA,NA,NA,NA,NA,NA,NA,NA,NA,NA,NA,NA,NA,NA,NA,NA,NA,NA,NA,NA,NA,NA,NA,NA,NA,NA,NA,NA,
8,Billingham,Chester,First Half,Left to Right,00:02:21,Tackle,92.24,49.1,NA,NA,NA,NA,NA,NA,NA,NA,NA,Successful,Neutral,NA,NA,NA,NA,NA,NA,NA,NA,NA,NA,NA,NA,NA,NA,NA,NA,NA,NA,NA,NA,NA,NA,NA,NA,NA,NA,NA,NA,NA,NA,
7,Billingham,Chester,First Half,Left to Right,00:02:28,Tackle,93.08,55.54,NA,NA,NA,NA,NA,NA,NA,NA,NA,Successful,Neutral,NA,NA,NA,NA,NA,NA,NA,NA,NA,NA,NA,NA,NA,NA,NA,NA,NA,NA,NA,NA,NA,NA,NA,NA,NA,NA,NA,NA,NA,NA,
Team,Billingham,Chester,First Half,Left to Right,00:03:18,Possession,58.49,64.49,NA,NA,NA,NA,NA,NA,NA,NA,NA,NA,NA,NA,NA,Start,NA,NA,NA,NA,NA,NA,NA,NA,NA,NA,NA,NA,NA,NA,NA,NA,NA,NA,NA,NA,NA,NA,NA,NA,NA,NA,NA,
Team,Billingham,Chester,First Half,Left to Right,00:03:18,Lineout,58.63,70.27,58.63,64.75,NA,NA,NA,NA,NA,NA,NA,NA,NA,NA,NA,NA,NA,NA,NA,NA,NA,NA,NA,NA,NA,2,7,7,Front,Successful,Down and Drive,Direct,NA,NA,NA,NA,NA,NA,NA,NA,NA,NA,NA,
15,Billingham,Chester,First Half,Left to Right,00:03:28,Carry,57.65,51.07,63.67,52.78,1,0,0,One Out,On Target,Multi-Phase,2,NA,NA,NA,NA,NA,NA,NA,NA,NA,NA,NA,NA,NA,NA,NA,NA,NA,NA,NA,NA,NA,NA,NA,NA,NA,NA,NA,NA,NA,NA,NA,NA,
31,Billingham,Chester,First Half,Left to Right,00:03:34,Carry,58.63,46.99,61.71,38.84,0,0,1,One Out,On Target,Multi-Phase,4,NA,NA,NA,NA,NA,NA,NA,NA,NA,NA,NA,NA,NA,NA,NA,NA,NA,NA,NA,NA,NA,NA,NA,NA,NA,NA,NA,NA,NA,NA,NA,NA,
35,Billingham,Chester,First Half,Left to Right,00:03:42,Carry,59.19,47.65,63.11,46.99,1,0,0,One Out,On Target,Multi-Phase,2,NA,NA,NA,NA,NA,NA,NA,NA,NA,NA,NA,NA,NA,NA,NA,NA,NA,NA,NA,NA,NA,NA,NA,NA,NA,NA,NA,NA,NA,NA,NA,NA,
7,Billingham,Chester,First Half,Left to Right,00:03:48,Carry,59.05,54.89,62.97,57.12,1,0,1,One Out,On Target,Multi-Phase,3,NA,NA,NA,NA,NA,NA,NA,NA,NA,NA,NA,NA,NA,NA,NA,NA,NA,NA,NA,NA,NA,NA,NA,NA,NA,NA,NA,NA,NA,NA,NA,NA,
15,Billingham,Chester,First Half,Left to Right,00:03:55,Kick,57.79,45.02,80.48,12.66,NA,NA,NA,NA,NA,NA,NA,NA,NA,Open Play,Opposition Collection Full,NA,NA,NA,NA,NA,NA,NA,NA,NA,NA,NA,NA,NA,NA,NA,NA,NA,NA,NA,NA,NA,NA,NA,NA,NA,NA,NA,NA,
Team,Billingham,Chester,First Half,Left to Right,00:03:59,Possession,80.06,13.19,NA,NA,NA,NA,NA,NA,NA,NA,NA,NA,NA,NA,NA,End,NA,NA,NA,NA,NA,NA,NA,NA,NA,NA,NA,NA,NA,NA,NA,NA,NA,NA,NA,NA,NA,NA,NA,NA,NA,NA,NA,
Team,Billingham,Chester,First Half,Left to Right,00:04:20,Possession,4.71,28.71,NA,NA,NA,NA,NA,NA,NA,NA,NA,NA,NA,NA,NA,Start,NA,NA,NA,NA,NA,NA,NA,NA,NA,NA,NA,NA,NA,NA,NA,NA,NA,NA,NA,NA,NA,NA,NA,NA,NA,NA,NA,
15,Billingham,Chester,First Half,Left to Right,00:04:20,Kick Received,4.85,28.58,NA,NA,NA,NA,NA,NA,NA,NA,NA,NA,NA,NA,NA,NA,NA,NA,NA,Successful,Opposition,Bouncing Ball,No,NA,NA,NA,NA,NA,NA,NA,NA,NA,NA,NA,NA,NA,NA,NA,NA,NA,NA,NA,NA,
15,Billingham,Chester,First Half,Left to Right,00:04:20,Carry,4.99,28.32,6.25,18.19,0,0,0,Kick Return,NA,NA,0,NA,NA,NA,NA,NA,NA,NA,NA,NA,NA,NA,NA,NA,NA,NA,NA,NA,NA,NA,NA,NA,NA,NA,NA,NA,NA,NA,NA,NA,NA,NA,NA,
15,Billingham,Chester,First Half,Left to Right,00:04:22,Kick,6.25,17.66,27.82,0.17,NA,NA,NA,NA,NA,NA,NA,NA,NA,Open Play,In Touch,NA,NA,NA,NA,NA,NA,NA,NA,NA,NA,NA,NA,NA,NA,NA,NA,NA,NA,NA,NA,NA,NA,NA,NA,NA,NA,NA,NA,
Team,Billingham,Chester,First Half,Left to Right,00:04:22,Possession,27.26,0.3,NA,NA,NA,NA,NA,NA,NA,NA,NA,NA,NA,NA,NA,End,NA,NA,NA,NA,NA,NA,NA,NA,NA,NA,NA,NA,NA,NA,NA,NA,NA,NA,NA,NA,NA,NA,NA,NA,NA,NA,NA,
Team,Billingham,Chester,First Half,Left to Right,00:04:52,Possession,30.06,14.9,NA,NA,NA,NA,NA,NA,NA,NA,NA,NA,NA,NA,NA,Start,NA,NA,NA,NA,NA,NA,NA,NA,NA,NA,NA,NA,NA,NA,NA,NA,NA,NA,NA,NA,NA,NA,NA,NA,NA,NA,NA,
2,Billingham,Chester,First Half,Left to Right,00:04:52,Carry,30.34,14.77,39.72,19.9,1,0,0,Other,NA,Lineout,2,NA,NA,NA,NA,NA,NA,NA,NA,NA,NA,NA,NA,NA,NA,NA,NA,NA,NA,NA,NA,NA,NA,NA,NA,NA,NA,NA,NA,NA,NA,NA,NA,
31,Billingham,Chester,First Half,Left to Right,00:04:58,Pass,37.62,31.87,34.54,37.52,NA,NA,NA,NA,NA,NA,NA,NA,NA,NA,NA,NA,NA,NA,Error,NA,NA,NA,NA,NA,NA,NA,NA,NA,NA,NA,NA,NA,NA,NA,NA,NA,NA,NA,NA,NA,NA,NA,NA,
12,Billingham,Chester,First Half,Left to Right,00:05:03,Carry,18.71,37.13,21.93,35.29,0,0,1,Other,NA,NA,1,NA,NA,NA,NA,NA,NA,NA,NA,NA,NA,NA,NA,NA,NA,NA,NA,NA,NA,NA,NA,NA,NA,NA,NA,NA,NA,NA,NA,NA,NA,NA,NA,
12,Billingham,Chester,First Half,Left to Right,00:05:09,Error,21.93,35.29,NA,NA,NA,NA,NA,NA,NA,NA,NA,NA,NA,NA,NA,NA,NA,NA,NA,NA,NA,NA,NA,NA,NA,NA,NA,NA,NA,NA,NA,NA,NA,NA,NA,NA,NA,NA,NA,NA,NA,Handling,Knock On,
Team,Billingham,Chester,First Half,Left to Right,00:05:09,Possession,22.07,36.08,NA,NA,NA,NA,NA,NA,NA,NA,NA,NA,NA,NA,NA,End,NA,NA,NA,NA,NA,NA,NA,NA,NA,NA,NA,NA,NA,NA,NA,NA,NA,NA,NA,NA,NA,NA,NA,NA,NA,NA,NA,
11,Billingham,Chester,First Half,Left to Right,00:06:00,Tackle,7.51,69.75,NA,NA,NA,NA,NA,NA,NA,NA,NA,Successful,Neutral,NA,NA,NA,NA,NA,NA,NA,NA,NA,NA,NA,NA,NA,NA,NA,NA,NA,NA,NA,NA,NA,NA,NA,NA,NA,NA,NA,NA,NA,NA,Turnover Won
Team,Billingham,Chester,First Half,Left to Right,00:06:43,Possession,4.85,64.88,NA,NA,NA,NA,NA,NA,NA,NA,NA,NA,NA,NA,NA,Start,NA,NA,NA,NA,NA,NA,NA,NA,NA,NA,NA,NA,NA,NA,NA,NA,NA,NA,NA,NA,NA,NA,NA,NA,NA,NA,NA,
Team,Billingham,Chester,First Half,Left to Right,00:06:43,Lineout,5.55,70.27,5.55,64.88,NA,NA,NA,NA,NA,NA,NA,NA,NA,NA,NA,NA,NA,NA,NA,NA,NA,NA,NA,NA,NA,2,8,7,Front,Successful,Down and Drive,None,NA,NA,NA,NA,NA,NA,NA,NA,NA,NA,NA,
35,Billingham,Chester,First Half,Left to Right,00:06:56,Carry,8.35,53.97,18.43,50.81,1,0,0,One Out,On Target,Lineout,2,NA,NA,NA,NA,NA,NA,NA,NA,NA,NA,NA,NA,NA,NA,NA,NA,NA,NA,NA,NA,NA,NA,NA,NA,NA,NA,NA,NA,NA,NA,NA,NA,
35,Billingham,Chester,First Half,Left to Right,00:06:56,Defender Beaten,9.47,51.2,NA,NA,NA,NA,NA,NA,NA,NA,NA,NA,NA,NA,NA,NA,NA,NA,NA,NA,NA,NA,NA,NA,NA,NA,NA,NA,NA,NA,NA,NA,NA,NA,NA,NA,NA,NA,Ran Over,NA,NA,NA,NA,
35,Billingham,Chester,First Half,Left to Right,00:07:01,Pen Conceded,20.81,50.94,NA,NA,NA,NA,NA,NA,NA,NA,NA,NA,NA,NA,NA,NA,Holding On,NA,NA,NA,NA,NA,NA,NA,NA,NA,NA,NA,NA,NA,NA,NA,NA,NA,NA,NA,NA,NA,NA,NA,NA,NA,NA,
Team,Billingham,Chester,First Half,Left to Right,00:07:01,Possession,20.25,50.68,NA,NA,NA,NA,NA,NA,NA,NA,NA,NA,NA,NA,NA,End,NA,NA,NA,NA,NA,NA,NA,NA,NA,NA,NA,NA,NA,NA,NA,NA,NA,NA,NA,NA,NA,NA,NA,NA,NA,NA,NA,
12,Billingham,Chester,First Half,Left to Right,00:08:47,Kick,49.94,36.08,80.06,11.88,NA,NA,NA,NA,NA,NA,NA,NA,NA,Kick-Off,NA,NA,NA,NA,NA,NA,NA,NA,NA,NA,NA,NA,NA,NA,NA,NA,NA,NA,NA,NA,NA,NA,NA,NA,NA,NA,NA,NA,NA,
7,Billingham,Chester,First Half,Left to Right,00:08:53,Tackle,76.83,16.22,NA,NA,NA,NA,NA,NA,NA,NA,NA,Successful,Neutral,NA,NA,NA,NA,NA,NA,NA,NA,NA,NA,NA,NA,NA,NA,NA,NA,NA,NA,NA,NA,NA,NA,NA,NA,NA,NA,NA,NA,NA,NA,
8,Billingham,Chester,First Half,Left to Right,00:08:53,Tackle,76.83,16.08,NA,NA,NA,NA,NA,NA,NA,NA,NA,Assist,Neutral,NA,NA,NA,NA,NA,NA,NA,NA,NA,NA,NA,NA,NA,NA,NA,NA,NA,NA,NA,NA,NA,NA,NA,NA,NA,NA,NA,NA,NA,NA,
Team,Billingham,Chester,First Half,Left to Right,00:09:10,Possession,59.19,20.95,NA,NA,NA,NA,NA,NA,NA,NA,NA,NA,NA,NA,NA,Start,NA,NA,NA,NA,NA,NA,NA,NA,NA,NA,NA,NA,NA,NA,NA,NA,NA,NA,NA,NA,NA,NA,NA,NA,NA,NA,NA,
35,Billingham,Chester,First Half,Left to Right,00:09:10,Kick Received,59.47,21.48,NA,NA,NA,NA,NA,NA,NA,NA,NA,NA,NA,NA,NA,NA,NA,NA,NA,Successful,Opposition,High Ball,Yes,NA,NA,NA,NA,NA,NA,NA,NA,NA,NA,NA,NA,NA,NA,NA,NA,NA,NA,NA,NA,
35,Billingham,Chester,First Half,Left to Right,00:09:10,Carry,59.33,21.61,60.31,20.56,0,0,0,Kick Return,NA,NA,3,NA,NA,NA,NA,NA,NA,NA,NA,NA,NA,NA,NA,NA,NA,NA,NA,NA,NA,NA,NA,NA,NA,NA,NA,NA,NA,NA,NA,NA,NA,NA,NA,
29,Billingham,Chester,First Half,Left to Right,00:09:17,Error,58.07,33.97,NA,NA,NA,NA,NA,NA,NA,NA,NA,NA,NA,NA,NA,NA,NA,NA,NA,NA,NA,NA,NA,NA,NA,NA,NA,NA,NA,NA,NA,NA,NA,NA,NA,NA,NA,NA,NA,NA,NA,Handling,To Floor,
28,Billingham,Chester,First Half,Left to Right,00:09:23,Carry,46.58,6.09,53.03,7.8,0,0,0,Other,On Target,Multi-Phase,2,NA,NA,NA,NA,NA,NA,NA,NA,NA,NA,NA,NA,NA,NA,NA,NA,NA,NA,NA,NA,NA,NA,NA,NA,NA,NA,NA,NA,NA,NA,NA,NA,
35,Billingham,Chester,First Half,Left to Right,00:09:30,Pen Conceded,55.41,18.71,NA,NA,NA,NA,NA,NA,NA,NA,NA,NA,NA,NA,NA,NA,Foul Play,NA,NA,NA,NA,NA,NA,NA,NA,NA,NA,NA,NA,NA,NA,NA,NA,NA,NA,NA,NA,NA,NA,NA,NA,NA,NA,
Team,Billingham,Chester,First Half,Left to Right,00:09:30,Possession,56.53,18.85,NA,NA,NA,NA,NA,NA,NA,NA,NA,NA,NA,NA,NA,End,NA,NA,NA,NA,NA,NA,NA,NA,NA,NA,NA,NA,NA,NA,NA,NA,NA,NA,NA,NA,NA,NA,NA,NA,NA,NA,NA,
12,Billingham,Chester,First Half,Left to Right,00:10:29,Tackle,36.36,51.6,NA,NA,NA,NA,NA,NA,NA,NA,NA,Missed,Passive,NA,NA,NA,NA,NA,NA,NA,NA,NA,NA,NA,NA,NA,NA,NA,NA,NA,NA,NA,NA,NA,NA,NA,NA,NA,NA,NA,NA,NA,NA,
2,Billingham,Chester,First Half,Left to Right,00:10:31,Tackle,34.54,42.26,NA,NA,NA,NA,NA,NA,NA,NA,NA,Successful,Neutral,NA,NA,NA,NA,NA,NA,NA,NA,NA,NA,NA,NA,NA,NA,NA,NA,NA,NA,NA,NA,NA,NA,NA,NA,NA,NA,NA,NA,NA,NA,
29,Billingham,Chester,First Half,Left to Right,00:10:31,Tackle,33.42,44.23,NA,NA,NA,NA,NA,NA,NA,NA,NA,Assist,Neutral,NA,NA,NA,NA,NA,NA,NA,NA,NA,NA,NA,NA,NA,NA,NA,NA,NA,NA,NA,NA,NA,NA,NA,NA,NA,NA,NA,NA,NA,NA,
31,Billingham,Chester,First Half,Left to Right,00:10:37,Tackle,33.42,29.5,NA,NA,NA,NA,NA,NA,NA,NA,NA,Successful,Neutral,NA,NA,NA,NA,NA,NA,NA,NA,NA,NA,NA,NA,NA,NA,NA,NA,NA,NA,NA,NA,NA,NA,NA,NA,NA,NA,NA,NA,NA,NA,
8,Billingham,Chester,First Half,Left to Right,00:10:37,Tackle,34.4,28.97,NA,NA,NA,NA,NA,NA,NA,NA,NA,Assist,Neutral,NA,NA,NA,NA,NA,NA,NA,NA,NA,NA,NA,NA,NA,NA,NA,NA,NA,NA,NA,NA,NA,NA,NA,NA,NA,NA,NA,NA,NA,NA,
1,Billingham,Chester,First Half,Left to Right,00:10:45,Tackle,34.68,12.93,NA,NA,NA,NA,NA,NA,NA,NA,NA,Successful,Neutral,NA,NA,NA,NA,NA,NA,NA,NA,NA,NA,NA,NA,NA,NA,NA,NA,NA,NA,NA,NA,NA,NA,NA,NA,NA,NA,NA,NA,NA,NA,
8,Billingham,Chester,First Half,Left to Right,00:10:51,Tackle,35.1,26.74,NA,NA,NA,NA,NA,NA,NA,NA,NA,Successful,Neutral,NA,NA,NA,NA,NA,NA,NA,NA,NA,NA,NA,NA,NA,NA,NA,NA,NA,NA,NA,NA,NA,NA,NA,NA,NA,NA,NA,NA,NA,NA,
7,Billingham,Chester,First Half,Left to Right,00:11:02,Tackle,35.1,56.2,NA,NA,NA,NA,NA,NA,NA,NA,NA,Successful,Neutral,NA,NA,NA,NA,NA,NA,NA,NA,NA,NA,NA,NA,NA,NA,NA,NA,NA,NA,NA,NA,NA,NA,NA,NA,NA,NA,NA,NA,NA,NA,
12,Billingham,Chester,First Half,Left to Right,00:11:26,Kick,33.42,55.67,63.95,70.27,NA,NA,NA,NA,NA,NA,NA,NA,NA,Touch Kick,NA,NA,NA,NA,NA,NA,NA,NA,NA,NA,NA,NA,NA,NA,NA,NA,NA,NA,NA,NA,NA,NA,NA,NA,NA,NA,NA,NA,NA,
Team,Billingham,Chester,First Half,Left to Right,00:11:54,Lineout,64.23,70.14,64.79,64.49,NA,NA,NA,NA,NA,NA,NA,NA,NA,NA,NA,NA,NA,NA,NA,NA,NA,NA,NA,NA,NA,2,8,7,Front,Lost,Off Top,Direct,NA,NA,NA,NA,NA,NA,NA,NA,NA,NA,NA,
2,Billingham,Chester,First Half,Left to Right,00:12:03,Tackle,82.3,52.39,NA,NA,NA,NA,NA,NA,NA,NA,NA,Successful,Neutral,NA,NA,NA,NA,NA,NA,NA,NA,NA,NA,NA,NA,NA,NA,NA,NA,NA,NA,NA,NA,NA,NA,NA,NA,NA,NA,NA,NA,NA,NA,
2,Billingham,Chester,First Half,Left to Right,00:12:12,Tackle,82.02,58.83,NA,NA,NA,NA,NA,NA,NA,NA,NA,Successful,Neutral,NA,NA,NA,NA,NA,NA,NA,NA,NA,NA,NA,NA,NA,NA,NA,NA,NA,NA,NA,NA,NA,NA,NA,NA,NA,NA,NA,NA,NA,NA,
4,Billingham,Chester,First Half,Left to Right,00:12:13,Tackle,81.46,60.8,NA,NA,NA,NA,NA,NA,NA,NA,NA,Assist,Neutral,NA,NA,NA,NA,NA,NA,NA,NA,NA,NA,NA,NA,NA,NA,NA,NA,NA,NA,NA,NA,NA,NA,NA,NA,NA,NA,NA,NA,NA,NA,
Team,Billingham,Chester,First Half,Left to Right,00:12:50,Lineout,63.53,70.27,64.23,61.07,NA,NA,NA,NA,NA,NA,NA,NA,NA,NA,NA,NA,NA,NA,NA,NA,NA,NA,NA,NA,NA,2,8,7,Middle,Lost,NA,Direct,NA,NA,NA,NA,NA,NA,NA,NA,NA,NA,NA,Not Straight
15,Billingham,Chester,First Half,Left to Right,00:13:40,Tackle,60.73,43.31,NA,NA,NA,NA,NA,NA,NA,NA,NA,Successful,Neutral,NA,NA,NA,NA,NA,NA,NA,NA,NA,NA,NA,NA,NA,NA,NA,NA,NA,NA,NA,NA,NA,NA,NA,NA,NA,NA,NA,NA,NA,NA,
7,Billingham,Chester,First Half,Left to Right,00:13:40,Tackle,60.59,44.23,NA,NA,NA,NA,NA,NA,NA,NA,NA,Assist,Neutral,NA,NA,NA,NA,NA,NA,NA,NA,NA,NA,NA,NA,NA,NA,NA,NA,NA,NA,NA,NA,NA,NA,NA,NA,NA,NA,NA,NA,NA,NA,
31,Billingham,Chester,First Half,Left to Right,00:13:45,Tackle,60.87,55.02,NA,NA,NA,NA,NA,NA,NA,NA,NA,Successful,Neutral,NA,NA,NA,NA,NA,NA,NA,NA,NA,NA,NA,NA,NA,NA,NA,NA,NA,NA,NA,NA,NA,NA,NA,NA,NA,NA,NA,NA,NA,NA,
2,Billingham,Chester,First Half,Left to Right,00:13:45,Tackle,60.31,55.67,NA,NA,NA,NA,NA,NA,NA,NA,NA,Assist,Neutral,NA,NA,NA,NA,NA,NA,NA,NA,NA,NA,NA,NA,NA,NA,NA,NA,NA,NA,NA,NA,NA,NA,NA,NA,NA,NA,NA,NA,NA,NA,
Team,Billingham,Chester,First Half,Left to Right,00:14:00,Possession,33.42,56.07,NA,NA,NA,NA,NA,NA,NA,NA,NA,NA,NA,NA,NA,Start,NA,NA,NA,NA,NA,NA,NA,NA,NA,NA,NA,NA,NA,NA,NA,NA,NA,NA,NA,NA,NA,NA,NA,NA,NA,NA,NA,
11,Billingham,Chester,First Half,Left to Right,00:14:00,Kick Received,33.84,56.33,NA,NA,NA,NA,NA,NA,NA,NA,NA,NA,NA,NA,NA,NA,NA,NA,NA,Successful,Opposition,Box,No,NA,NA,NA,NA,NA,NA,NA,NA,NA,NA,NA,NA,NA,NA,NA,NA,NA,NA,NA,NA,
11,Billingham,Chester,First Half,Left to Right,00:14:00,Carry,34.54,55.94,38.46,48.84,0,0,0,Kick Return,NA,NA,3,NA,NA,NA,NA,NA,NA,NA,NA,NA,NA,NA,NA,NA,NA,NA,NA,NA,NA,NA,NA,NA,NA,NA,NA,NA,NA,NA,NA,NA,NA,NA,NA,
15,Billingham,Chester,First Half,Left to Right,00:14:06,Carry,35.8,52.12,38.18,53.18,0,0,0,One Out,On Target,Multi-Phase,3,NA,NA,NA,NA,NA,NA,NA,NA,NA,NA,NA,NA,NA,NA,NA,NA,NA,NA,NA,NA,NA,NA,NA,NA,NA,NA,NA,NA,NA,NA,NA,NA,
29,Billingham,Chester,First Half,Left to Right,00:14:10,Carry,37.9,54.36,41.68,55.41,1,0,0,Pick & Go,NA,Multi-Phase,1,NA,NA,NA,NA,NA,NA,NA,NA,NA,NA,NA,NA,NA,NA,NA,NA,NA,NA,NA,NA,NA,NA,NA,NA,NA,NA,NA,NA,NA,NA,NA,NA,
31,Billingham,Chester,First Half,Left to Right,00:14:18,Carry,35.66,48.44,40.56,42.39,0,0,1,One Out,On Target,Multi-Phase,2,NA,NA,NA,NA,NA,NA,NA,NA,NA,NA,NA,NA,NA,NA,NA,NA,NA,NA,NA,NA,NA,NA,NA,NA,NA,NA,NA,NA,NA,NA,NA,NA,
1,Billingham,Chester,First Half,Left to Right,00:14:24,Carry,39.58,48.7,43.78,48.84,1,0,0,Other,On Target,Multi-Phase,1,NA,NA,NA,NA,NA,NA,NA,NA,NA,NA,NA,NA,NA,NA,NA,NA,NA,NA,NA,NA,NA,NA,NA,NA,NA,NA,NA,NA,NA,NA,NA,NA,
31,Billingham,Chester,First Half,Left to Right,00:14:28,Carry,39.86,40.42,40.7,37.66,0,0,1,One Out,On Target,Multi-Phase,3,NA,NA,NA,NA,NA,NA,NA,NA,NA,NA,NA,NA,NA,NA,NA,NA,NA,NA,NA,NA,NA,NA,NA,NA,NA,NA,NA,NA,NA,NA,NA,NA,
24,Billingham,Chester,First Half,Left to Right,00:14:38,Error,38.32,3.59,NA,NA,NA,NA,NA,NA,NA,NA,NA,NA,NA,NA,NA,NA,NA,NA,NA,NA,NA,NA,NA,NA,NA,NA,NA,NA,NA,NA,NA,NA,NA,NA,NA,NA,NA,NA,NA,NA,NA,Handling,Knock On,
Team,Billingham,Chester,First Half,Left to Right,00:14:38,Possession,37.9,3.46,NA,NA,NA,NA,NA,NA,NA,NA,NA,NA,NA,NA,NA,End,NA,NA,NA,NA,NA,NA,NA,NA,NA,NA,NA,NA,NA,NA,NA,NA,NA,NA,NA,NA,NA,NA,NA,NA,NA,NA,NA,
24,Billingham,Chester,First Half,Left to Right,00:14:47,Kick Received,-1.6,7.01,NA,NA,NA,NA,NA,NA,NA,NA,NA,NA,NA,NA,NA,NA,NA,NA,NA,Unsuccessful,Opposition,Bouncing Ball,Yes,NA,NA,NA,NA,NA,NA,NA,NA,NA,NA,NA,NA,NA,NA,NA,NA,NA,NA,NA,NA,
15,Billingham,Chester,First Half,Left to Right,00:14:47,Kick Received,-2.16,7.53,NA,NA,NA,NA,NA,NA,NA,NA,NA,NA,NA,NA,NA,NA,NA,NA,NA,Unsuccessful,Opposition,Bouncing Ball,Yes,NA,NA,NA,NA,NA,NA,NA,NA,NA,NA,NA,NA,NA,NA,NA,NA,NA,NA,NA,NA,
12,Billingham,Chester,First Half,Left to Right,00:16:39,Kick,49.94,35.81,75.99,15.43,NA,NA,NA,NA,NA,NA,NA,NA,NA,Kick-Off,NA,NA,NA,NA,NA,NA,NA,NA,NA,NA,NA,NA,NA,NA,NA,NA,NA,NA,NA,NA,NA,NA,NA,NA,NA,NA,NA,NA,NA,
7,Billingham,Chester,First Half,Left to Right,00:16:46,Tackle,74.73,18.06,NA,NA,NA,NA,NA,NA,NA,NA,NA,Successful,Neutral,NA,NA,NA,NA,NA,NA,NA,NA,NA,NA,NA,NA,NA,NA,NA,NA,NA,NA,NA,NA,NA,NA,NA,NA,NA,NA,NA,NA,NA,NA,
4,Billingham,Chester,First Half,Left to Right,00:16:46,Tackle,74.87,17.79,NA,NA,NA,NA,NA,NA,NA,NA,NA,Assist,Neutral,NA,NA,NA,NA,NA,NA,NA,NA,NA,NA,NA,NA,NA,NA,NA,NA,NA,NA,NA,NA,NA,NA,NA,NA,NA,NA,NA,NA,NA,NA,
9,Billingham,Chester,First Half,Left to Right,00:17:01,Kick Received,37.9,14.64,NA,NA,NA,NA,NA,NA,NA,NA,NA,NA,NA,NA,NA,NA,NA,NA,NA,Successful,Opposition,Box,No,NA,NA,NA,NA,NA,NA,NA,NA,NA,NA,NA,NA,NA,NA,NA,NA,NA,NA,NA,NA,
Team,Billingham,Chester,First Half,Left to Right,00:17:01,Possession,37.9,14.64,NA,NA,NA,NA,NA,NA,NA,NA,NA,NA,NA,NA,NA,Start,NA,NA,NA,NA,NA,NA,NA,NA,NA,NA,NA,NA,NA,NA,NA,NA,NA,NA,NA,NA,NA,NA,NA,NA,NA,NA,NA,
29,Billingham,Chester,First Half,Left to Right,00:17:01,Carry,34.68,23.32,45.04,30.03,0,0,0,Kick Return,On Target,NA,4,NA,NA,NA,NA,NA,NA,NA,NA,NA,NA,NA,NA,NA,NA,NA,NA,NA,NA,NA,NA,NA,NA,NA,NA,NA,NA,NA,NA,NA,NA,NA,NA,
4,Billingham,Chester,First Half,Left to Right,00:17:10,Carry,39.72,15.16,44.48,14.24,0,0,0,Other,On Target,Multi-Phase,3,NA,NA,NA,NA,NA,NA,NA,NA,NA,NA,NA,NA,NA,NA,NA,NA,NA,NA,NA,NA,NA,NA,NA,NA,NA,NA,NA,NA,NA,NA,NA,NA,
Team,Billingham,Chester,First Half,Left to Right,00:17:15,Pen Won,45.6,13.98,NA,NA,NA,NA,NA,NA,NA,NA,NA,NA,NA,NA,NA,NA,NA,Offside,NA,NA,NA,NA,NA,NA,NA,NA,NA,NA,NA,NA,NA,NA,NA,NA,NA,NA,NA,NA,NA,NA,NA,NA,NA,
22,Billingham,Chester,First Half,Left to Right,00:17:15,Carry,44.9,13.98,55.69,16.08,0,0,0,Other,NA,NA,4,NA,NA,NA,NA,NA,NA,NA,NA,NA,NA,NA,NA,NA,NA,NA,NA,NA,NA,NA,NA,NA,NA,NA,NA,NA,NA,NA,NA,NA,NA,NA,NA,
22,Billingham,Chester,First Half,Left to Right,00:17:19,Defender Beaten,55.83,16.22,NA,NA,NA,NA,NA,NA,NA,NA,NA,NA,NA,NA,NA,NA,NA,NA,NA,NA,NA,NA,NA,NA,NA,NA,NA,NA,NA,NA,NA,NA,NA,NA,NA,NA,NA,NA,Step,NA,NA,NA,NA,
29,Billingham,Chester,First Half,Left to Right,00:17:22,Carry,52.32,30.68,54.57,35.55,0,0,0,Support Carry,On Target,NA,1,NA,NA,NA,NA,NA,NA,NA,NA,NA,NA,NA,NA,NA,NA,NA,NA,NA,NA,NA,NA,NA,NA,NA,NA,NA,NA,NA,NA,NA,NA,NA,NA,
13,Billingham,Chester,First Half,Left to Right,00:17:29,Carry,50.08,55.15,60.59,55.02,1,0,0,Other,On Target,Multi-Phase,2,NA,NA,NA,NA,NA,NA,NA,NA,NA,NA,NA,NA,NA,NA,NA,NA,NA,NA,NA,NA,NA,NA,NA,NA,NA,NA,NA,NA,NA,NA,NA,NA,
4,Billingham,Chester,First Half,Left to Right,00:17:39,Carry,50.22,19.11,55.69,16.08,0,0,0,Other,On Target,Multi-Phase,1,NA,NA,NA,NA,NA,NA,NA,NA,NA,NA,NA,NA,NA,NA,NA,NA,NA,NA,NA,NA,NA,NA,NA,NA,NA,NA,NA,NA,NA,NA,NA,NA,
4,Billingham,Chester,First Half,Left to Right,00:17:41,Offload,55.83,15.82,NA,NA,NA,NA,NA,NA,NA,NA,NA,NA,NA,NA,NA,NA,NA,NA,NA,NA,NA,NA,NA,NA,NA,NA,NA,NA,NA,NA,NA,NA,NA,NA,NA,NA,NA,NA,NA,Successful,NA,NA,NA,
4,Billingham,Chester,First Half,Left to Right,00:17:40,Defender Beaten,54.85,15.69,NA,NA,NA,NA,NA,NA,NA,NA,NA,NA,NA,NA,NA,NA,NA,NA,NA,NA,NA,NA,NA,NA,NA,NA,NA,NA,NA,NA,NA,NA,NA,NA,NA,NA,NA,NA,Ran Over,NA,NA,NA,NA,
35,Billingham,Chester,First Half,Left to Right,00:17:41,Carry,56.25,14.51,58.63,12.14,0,0,0,Support Carry,On Target,Multi-Phase,1,NA,NA,NA,NA,NA,NA,NA,NA,NA,NA,NA,NA,NA,NA,NA,NA,NA,NA,NA,NA,NA,NA,NA,NA,NA,NA,NA,NA,NA,NA,NA,NA,
35,Billingham,Chester,First Half,Left to Right,00:17:42,Offload,58.35,11.74,NA,NA,NA,NA,NA,NA,NA,NA,NA,NA,NA,NA,NA,NA,NA,NA,NA,NA,NA,NA,NA,NA,NA,NA,NA,NA,NA,NA,NA,NA,NA,NA,NA,NA,NA,NA,NA,Successful,NA,NA,NA,
24,Billingham,Chester,First Half,Left to Right,00:17:43,Carry,59.05,6.35,74.03,0.43,1,0,0,Support Carry,On Target,Multi-Phase,1,NA,NA,NA,NA,NA,NA,NA,NA,NA,NA,NA,NA,NA,NA,NA,NA,NA,NA,NA,NA,NA,NA,NA,NA,NA,NA,NA,NA,NA,NA,NA,NA,In Touch
Team,Billingham,Chester,First Half,Left to Right,00:17:45,Possession,73.05,0.43,NA,NA,NA,NA,NA,NA,NA,NA,NA,NA,NA,NA,NA,End,NA,NA,NA,NA,NA,NA,NA,NA,NA,NA,NA,NA,NA,NA,NA,NA,NA,NA,NA,NA,NA,NA,NA,NA,NA,NA,NA,
2,Billingham,Chester,First Half,Left to Right,00:19:28,Tackle,78.09,14.11,NA,NA,NA,NA,NA,NA,NA,NA,NA,Successful,Neutral,NA,NA,NA,NA,NA,NA,NA,NA,NA,NA,NA,NA,NA,NA,NA,NA,NA,NA,NA,NA,NA,NA,NA,NA,NA,NA,NA,NA,NA,NA,
Team,Billingham,Chester,First Half,Left to Right,00:19:42,Possession,61.43,11.88,NA,NA,NA,NA,NA,NA,NA,NA,NA,NA,NA,NA,NA,Start,NA,NA,NA,NA,NA,NA,NA,NA,NA,NA,NA,NA,NA,NA,NA,NA,NA,NA,NA,NA,NA,NA,NA,NA,NA,NA,NA,
24,Billingham,Chester,First Half,Left to Right,00:19:42,Kick Received,61.43,11.88,NA,NA,NA,NA,NA,NA,NA,NA,NA,NA,NA,NA,NA,NA,NA,NA,NA,Unsuccessful,Opposition,Box,No,NA,NA,NA,NA,NA,NA,NA,NA,NA,NA,NA,NA,NA,NA,NA,NA,NA,NA,NA,NA,
24,Billingham,Chester,First Half,Left to Right,00:19:42,Error,61.99,11.88,NA,NA,NA,NA,NA,NA,NA,NA,NA,NA,NA,NA,NA,NA,NA,NA,NA,NA,NA,NA,NA,NA,NA,NA,NA,NA,NA,NA,NA,NA,NA,NA,NA,NA,NA,NA,NA,NA,NA,Handling,Knock On,
Team,Billingham,Chester,First Half,Left to Right,00:21:48,Lineout,61.43,70.14,61.29,65.15,NA,NA,NA,NA,NA,NA,NA,NA,NA,NA,NA,NA,NA,NA,NA,NA,NA,NA,NA,NA,NA,2,8,7,Front,Successful,Down and Drive,Direct,NA,NA,NA,NA,NA,NA,NA,NA,NA,NA,NA,
31,Billingham,Chester,First Half,Left to Right,00:22:02,Carry,64.79,62.51,67.03,56.6,1,0,0,Pick & Go,NA,Lineout,1,NA,NA,NA,NA,NA,NA,NA,NA,NA,NA,NA,NA,NA,NA,NA,NA,NA,NA,NA,NA,NA,NA,NA,NA,NA,NA,NA,NA,NA,NA,NA,NA,
31,Billingham,Chester,First Half,Left to Right,00:22:05,Offload,67.73,56.99,NA,NA,NA,NA,NA,NA,NA,NA,NA,NA,NA,NA,NA,NA,NA,NA,NA,NA,NA,NA,NA,NA,NA,NA,NA,NA,NA,NA,NA,NA,NA,NA,NA,NA,NA,NA,NA,Successful,NA,NA,NA,
12,Billingham,Chester,First Half,Left to Right,00:22:06,Carry,60.87,48.44,65.91,42.78,0,0,1,Support Carry,On Target,Lineout,2,NA,NA,NA,NA,NA,NA,NA,NA,NA,NA,NA,NA,NA,NA,NA,NA,NA,NA,NA,NA,NA,NA,NA,NA,NA,NA,NA,NA,NA,NA,NA,NA,
35,Billingham,Chester,First Half,Left to Right,00:22:12,Carry,61.43,52.12,64.37,52.12,0,0,0,One Out,On Target,Lineout,2,NA,NA,NA,NA,NA,NA,NA,NA,NA,NA,NA,NA,NA,NA,NA,NA,NA,NA,NA,NA,NA,NA,NA,NA,NA,NA,NA,NA,NA,NA,NA,NA,
15,Billingham,Chester,First Half,Left to Right,00:22:19,Carry,61.43,39.63,64.79,38.84,0,0,0,One Out,On Target,Multi-Phase,2,NA,NA,NA,NA,NA,NA,NA,NA,NA,NA,NA,NA,NA,NA,NA,NA,NA,NA,NA,NA,NA,NA,NA,NA,NA,NA,NA,NA,NA,NA,NA,NA,
9,Billingham,Chester,First Half,Left to Right,00:22:25,Kick,62.55,32.92,88.88,5.56,NA,NA,NA,NA,NA,NA,NA,NA,NA,Open Play,Opposition Collection Bounce,NA,NA,NA,NA,NA,NA,NA,NA,NA,NA,NA,NA,NA,NA,NA,NA,NA,NA,NA,NA,NA,NA,NA,NA,NA,NA,NA,NA,
Team,Billingham,Chester,First Half,Left to Right,00:22:30,Possession,89.44,5.56,NA,NA,NA,NA,NA,NA,NA,NA,NA,NA,NA,NA,NA,End,NA,NA,NA,NA,NA,NA,NA,NA,NA,NA,NA,NA,NA,NA,NA,NA,NA,NA,NA,NA,NA,NA,NA,NA,NA,NA,NA,
11,Billingham,Chester,First Half,Left to Right,00:22:32,Tackle,88.32,5.04,NA,NA,NA,NA,NA,NA,NA,NA,NA,Successful,Neutral,NA,NA,NA,NA,NA,NA,NA,NA,NA,NA,NA,NA,NA,NA,NA,NA,NA,NA,NA,NA,NA,NA,NA,NA,NA,NA,NA,NA,NA,NA,
14,Billingham,Chester,First Half,Left to Right,00:22:32,Tackle,88.18,5.17,NA,NA,NA,NA,NA,NA,NA,NA,NA,Assist,Neutral,NA,NA,NA,NA,NA,NA,NA,NA,NA,NA,NA,NA,NA,NA,NA,NA,NA,NA,NA,NA,NA,NA,NA,NA,NA,NA,NA,NA,NA,NA,
Team,Billingham,Chester,First Half,Left to Right,00:23:22,Possession,61.99,5.56,NA,NA,NA,NA,NA,NA,NA,NA,NA,NA,NA,NA,NA,Start,NA,NA,NA,NA,NA,NA,NA,NA,NA,NA,NA,NA,NA,NA,NA,NA,NA,NA,NA,NA,NA,NA,NA,NA,NA,NA,NA,
Team,Billingham,Chester,First Half,Left to Right,00:23:22,Lineout,62.41,0.3,62.27,5.56,NA,NA,NA,NA,NA,NA,NA,NA,NA,NA,NA,NA,NA,NA,NA,NA,NA,NA,NA,NA,NA,2,7,7,Front,Successful,Down and Drive,Direct,NA,NA,NA,NA,NA,NA,NA,NA,NA,NA,NA,
Team,Billingham,Chester,First Half,Left to Right,00:23:22,Pen Won,61.99,5.56,NA,NA,NA,NA,NA,NA,NA,NA,NA,NA,NA,NA,NA,NA,NA,Lineout,NA,NA,NA,NA,NA,NA,NA,NA,NA,NA,NA,NA,NA,NA,NA,NA,NA,NA,NA,NA,NA,NA,NA,NA,NA,
2,Billingham,Chester,First Half,Left to Right,00:23:24,Carry,60.31,5.43,64.23,17.53,1,0,0,Other,NA,Lineout,1,NA,NA,NA,NA,NA,NA,NA,NA,NA,NA,NA,NA,NA,NA,NA,NA,NA,NA,NA,NA,NA,NA,NA,NA,NA,NA,NA,NA,NA,NA,NA,NA,
2,Billingham,Chester,First Half,Left to Right,00:23:26,Defender Beaten,61.43,10.3,NA,NA,NA,NA,NA,NA,NA,NA,NA,NA,NA,NA,NA,NA,NA,NA,NA,NA,NA,NA,NA,NA,NA,NA,NA,NA,NA,NA,NA,NA,NA,NA,NA,NA,NA,NA,Step,NA,NA,NA,NA,
13,Billingham,Chester,First Half,Left to Right,00:23:33,Carry,60.03,38.18,78.23,45.15,1,1,1,Other,On Target,Lineout,2,NA,NA,NA,NA,NA,NA,NA,NA,NA,NA,NA,NA,NA,NA,NA,NA,NA,NA,NA,NA,NA,NA,NA,NA,NA,NA,NA,NA,NA,NA,NA,NA,
9,Billingham,Chester,First Half,Left to Right,00:23:36,Carry,79.22,50.15,84.12,55.15,0,0,1,Support Carry,On Target,Lineout,1,NA,NA,NA,NA,NA,NA,NA,NA,NA,NA,NA,NA,NA,NA,NA,NA,NA,NA,NA,NA,NA,NA,NA,NA,NA,NA,NA,NA,NA,NA,NA,NA,
9,Billingham,Chester,First Half,Left to Right,00:23:37,Try Assist,84.4,55.81,NA,NA,NA,NA,NA,NA,NA,NA,NA,NA,NA,NA,NA,NA,NA,NA,NA,NA,NA,NA,NA,NA,Pass,NA,NA,NA,NA,NA,NA,NA,NA,NA,NA,NA,NA,NA,NA,NA,NA,NA,NA,
11,Billingham,Chester,First Half,Left to Right,00:23:38,Carry,84.12,67.38,100.08,69.49,0,0,0,Support Carry,On Target,Lineout,1,NA,NA,NA,NA,NA,NA,NA,NA,NA,NA,NA,NA,NA,NA,NA,NA,NA,NA,NA,NA,NA,NA,NA,NA,NA,NA,NA,NA,NA,NA,NA,NA,
11,Billingham,Chester,First Half,Left to Right,00:23:39,Defender Beaten,93.78,69.62,NA,NA,NA,NA,NA,NA,NA,NA,NA,NA,NA,NA,NA,NA,NA,NA,NA,NA,NA,NA,NA,NA,NA,NA,NA,NA,NA,NA,NA,NA,NA,NA,NA,NA,NA,NA,Ran Round,NA,NA,NA,NA,
11,Billingham,Chester,First Half,Left to Right,00:23:40,Try,100.36,69.62,NA,NA,NA,NA,NA,NA,NA,NA,NA,NA,NA,NA,NA,NA,NA,NA,NA,NA,NA,NA,NA,Scored,NA,NA,NA,NA,NA,NA,NA,NA,NA,NA,NA,NA,NA,NA,NA,NA,NA,NA,NA,
Team,Billingham,Chester,First Half,Left to Right,00:23:40,Possession,99.94,68.96,NA,NA,NA,NA,NA,NA,NA,NA,NA,NA,NA,NA,NA,End,NA,NA,NA,NA,NA,NA,NA,NA,NA,NA,NA,NA,NA,NA,NA,NA,NA,NA,NA,NA,NA,NA,NA,NA,NA,NA,NA,
12,Billingham,Chester,Second Half,Right to Left,00:43:15,Kick,49.94,35.02,14.79,55.81,NA,NA,NA,NA,NA,NA,NA,NA,NA,Kick-Off,NA,NA,NA,NA,NA,NA,NA,NA,NA,NA,NA,NA,NA,NA,NA,NA,NA,NA,NA,NA,NA,NA,NA,NA,NA,NA,NA,NA,NA,
Team,Billingham,Chester,Second Half,Right to Left,00:43:30,Possession,62.83,40.55,NA,NA,NA,NA,NA,NA,NA,NA,NA,NA,NA,NA,NA,Start,NA,NA,NA,NA,NA,NA,NA,NA,NA,NA,NA,NA,NA,NA,NA,NA,NA,NA,NA,NA,NA,NA,NA,NA,NA,NA,NA,
12,Billingham,Chester,Second Half,Right to Left,00:43:30,Carry,62.83,40.55,55.97,47.91,1,0,0,Other,Off Target,Lineout,1,NA,NA,NA,NA,NA,NA,NA,NA,NA,NA,NA,NA,NA,NA,NA,NA,NA,NA,NA,NA,NA,NA,NA,NA,NA,NA,NA,NA,NA,NA,NA,NA,
15,Billingham,Chester,Second Half,Right to Left,00:43:38,Carry,62.69,37.26,54.01,55.02,1,0,1,One Out,On Target,Multi-Phase,3,NA,NA,NA,NA,NA,NA,NA,NA,NA,NA,NA,NA,NA,NA,NA,NA,NA,NA,NA,NA,NA,NA,NA,NA,NA,NA,NA,NA,NA,NA,NA,NA,
31,Billingham,Chester,Second Half,Right to Left,00:43:47,Carry,56.81,49.36,47,42.52,1,0,0,One Out,On Target,Multi-Phase,1,NA,NA,NA,NA,NA,NA,NA,NA,NA,NA,NA,NA,NA,NA,NA,NA,NA,NA,NA,NA,NA,NA,NA,NA,NA,NA,NA,NA,NA,NA,NA,NA,
3,Billingham,Chester,Second Half,Right to Left,00:43:55,Carry,52.32,34.76,47.84,36.34,1,0,1,One Out,On Target,Multi-Phase,2,NA,NA,NA,NA,NA,NA,NA,NA,NA,NA,NA,NA,NA,NA,NA,NA,NA,NA,NA,NA,NA,NA,NA,NA,NA,NA,NA,NA,NA,NA,NA,NA,
Team,Billingham,Chester,Second Half,Right to Left,00:43:59,Possession,47.7,36.08,NA,NA,NA,NA,NA,NA,NA,NA,NA,NA,NA,NA,NA,End,NA,NA,NA,NA,NA,NA,NA,NA,NA,NA,NA,NA,NA,NA,NA,NA,NA,NA,NA,NA,NA,NA,NA,NA,NA,NA,NA,
24,Billingham,Chester,Second Half,Right to Left,00:44:06,Tackle,55.83,65.28,NA,NA,NA,NA,NA,NA,NA,NA,NA,Missed,Passive,NA,NA,NA,NA,NA,NA,NA,NA,NA,NA,NA,NA,NA,NA,NA,NA,NA,NA,NA,NA,NA,NA,NA,NA,NA,NA,NA,NA,NA,NA,
7,Billingham,Chester,Second Half,Right to Left,00:44:07,Tackle,58.63,63.04,NA,NA,NA,NA,NA,NA,NA,NA,NA,Successful,Neutral,NA,NA,NA,NA,NA,NA,NA,NA,NA,NA,NA,NA,NA,NA,NA,NA,NA,NA,NA,NA,NA,NA,NA,NA,NA,NA,NA,NA,NA,NA,
2,Billingham,Chester,Second Half,Right to Left,00:44:13,Tackle,61.43,52.26,NA,NA,NA,NA,NA,NA,NA,NA,NA,Successful,Neutral,NA,NA,NA,NA,NA,NA,NA,NA,NA,NA,NA,NA,NA,NA,NA,NA,NA,NA,NA,NA,NA,NA,NA,NA,NA,NA,NA,NA,NA,NA,
9,Billingham,Chester,Second Half,Right to Left,00:44:25,Tackle,70.39,5.43,NA,NA,NA,NA,NA,NA,NA,NA,NA,Successful,Neutral,NA,NA,NA,NA,NA,NA,NA,NA,NA,NA,NA,NA,NA,NA,NA,NA,NA,NA,NA,NA,NA,NA,NA,NA,NA,NA,NA,NA,NA,NA,
11,Billingham,Chester,Second Half,Right to Left,00:44:25,Tackle,71.51,5.17,NA,NA,NA,NA,NA,NA,NA,NA,NA,Assist,Neutral,NA,NA,NA,NA,NA,NA,NA,NA,NA,NA,NA,NA,NA,NA,NA,NA,NA,NA,NA,NA,NA,NA,NA,NA,NA,NA,NA,NA,NA,NA,
31,Billingham,Chester,Second Half,Right to Left,00:44:31,Tackle,68.15,15.82,NA,NA,NA,NA,NA,NA,NA,NA,NA,Successful,Neutral,NA,NA,NA,NA,NA,NA,NA,NA,NA,NA,NA,NA,NA,NA,NA,NA,NA,NA,NA,NA,NA,NA,NA,NA,NA,NA,NA,NA,NA,NA,
7,Billingham,Chester,Second Half,Right to Left,00:44:31,Tackle,68.43,15.95,NA,NA,NA,NA,NA,NA,NA,NA,NA,Successful,Neutral,NA,NA,NA,NA,NA,NA,NA,NA,NA,NA,NA,NA,NA,NA,NA,NA,NA,NA,NA,NA,NA,NA,NA,NA,NA,NA,NA,NA,NA,NA,
4,Billingham,Chester,Second Half,Right to Left,00:44:38,Tackle,62.13,39.23,NA,NA,NA,NA,NA,NA,NA,NA,NA,Successful,Neutral,NA,NA,NA,NA,NA,NA,NA,NA,NA,NA,NA,NA,NA,NA,NA,NA,NA,NA,NA,NA,NA,NA,NA,NA,NA,NA,NA,NA,NA,NA,
2,Billingham,Chester,Second Half,Right to Left,00:44:38,Tackle,62.97,38.97,NA,NA,NA,NA,NA,NA,NA,NA,NA,Assist,Neutral,NA,NA,NA,NA,NA,NA,NA,NA,NA,NA,NA,NA,NA,NA,NA,NA,NA,NA,NA,NA,NA,NA,NA,NA,NA,NA,NA,NA,NA,NA,
1,Billingham,Chester,Second Half,Right to Left,00:44:47,Tackle,63.81,62.38,NA,NA,NA,NA,NA,NA,NA,NA,NA,Successful,Dominant,NA,NA,NA,NA,NA,NA,NA,NA,NA,NA,NA,NA,NA,NA,NA,NA,NA,NA,NA,NA,NA,NA,NA,NA,NA,NA,NA,NA,NA,NA,
15,Billingham,Chester,Second Half,Right to Left,00:44:53,Tackle,65.91,65.01,NA,NA,NA,NA,NA,NA,NA,NA,NA,Successful,Neutral,NA,NA,NA,NA,NA,NA,NA,NA,NA,NA,NA,NA,NA,NA,NA,NA,NA,NA,NA,NA,NA,NA,NA,NA,NA,NA,NA,NA,NA,NA,
8,Billingham,Chester,Second Half,Right to Left,00:44:53,Tackle,64.79,64.49,NA,NA,NA,NA,NA,NA,NA,NA,NA,Missed,Neutral,NA,NA,NA,NA,NA,NA,NA,NA,NA,NA,NA,NA,NA,NA,NA,NA,NA,NA,NA,NA,NA,NA,NA,NA,NA,NA,NA,NA,NA,NA,
13,Billingham,Chester,Second Half,Right to Left,00:46:52,Tackle,78.37,41.08,NA,NA,NA,NA,NA,NA,NA,NA,NA,Missed,Passive,NA,NA,NA,NA,NA,NA,NA,NA,NA,NA,NA,NA,NA,NA,NA,NA,NA,NA,NA,NA,NA,NA,NA,NA,NA,NA,NA,NA,NA,NA,
Team,Billingham,Chester,Second Half,Right to Left,00:47:38,Possession,77.95,43.18,NA,NA,NA,NA,NA,NA,NA,NA,NA,NA,NA,NA,NA,Start,NA,NA,NA,NA,NA,NA,NA,NA,NA,NA,NA,NA,NA,NA,NA,NA,NA,NA,NA,NA,NA,NA,NA,NA,NA,NA,NA,
Team,Billingham,Chester,Second Half,Right to Left,00:47:38,Scrum,78.09,42,NA,NA,NA,NA,NA,NA,NA,NA,NA,NA,NA,NA,NA,NA,NA,NA,NA,NA,NA,NA,NA,NA,NA,NA,NA,NA,NA,NA,NA,NA,Won,Neutral,NA,NA,NA,NA,NA,NA,NA,NA,NA,
15,Billingham,Chester,Second Half,Right to Left,00:47:41,Carry,83.42,52.91,78.51,54.23,0,0,0,One Out,On Target,Scrum,1,NA,NA,NA,NA,NA,NA,NA,NA,NA,NA,NA,NA,NA,NA,NA,NA,NA,NA,NA,NA,NA,NA,NA,NA,NA,NA,NA,NA,NA,NA,NA,NA,
15,Billingham,Chester,Second Half,Right to Left,00:47:42,Kick,78.51,54.23,75.43,54.49,NA,NA,NA,NA,NA,NA,NA,NA,NA,Open Play,Opposition Collection Bounce,NA,NA,NA,NA,NA,NA,NA,NA,NA,NA,NA,NA,NA,NA,NA,NA,NA,NA,NA,NA,NA,NA,NA,NA,NA,NA,NA,NA,
Team,Billingham,Chester,Second Half,Right to Left,00:47:43,Possession,74.87,55.02,NA,NA,NA,NA,NA,NA,NA,NA,NA,NA,NA,NA,NA,End,NA,NA,NA,NA,NA,NA,NA,NA,NA,NA,NA,NA,NA,NA,NA,NA,NA,NA,NA,NA,NA,NA,NA,NA,NA,NA,NA,
Team,Billingham,Chester,Second Half,Right to Left,00:48:19,Possession,91.54,64.75,NA,NA,NA,NA,NA,NA,NA,NA,NA,NA,NA,NA,NA,Start,NA,NA,NA,NA,NA,NA,NA,NA,NA,NA,NA,NA,NA,NA,NA,NA,NA,NA,NA,NA,NA,NA,NA,NA,NA,NA,NA,
Team,Billingham,Chester,Second Half,Right to Left,00:48:19,Lineout,91.26,70.27,91.68,65.01,NA,NA,NA,NA,NA,NA,NA,NA,NA,NA,NA,NA,NA,NA,NA,NA,NA,NA,NA,NA,NA,2,8,7,Front,Successful,Down and Drive,Direct,NA,NA,NA,NA,NA,NA,NA,NA,NA,NA,NA,
31,Billingham,Chester,Second Half,Right to Left,00:48:27,Carry,84.96,64.36,79.36,53.18,1,0,0,Pick & Go,NA,Lineout,1,NA,NA,NA,NA,NA,NA,NA,NA,NA,NA,NA,NA,NA,NA,NA,NA,NA,NA,NA,NA,NA,NA,NA,NA,NA,NA,NA,NA,NA,NA,NA,NA,
15,Billingham,Chester,Second Half,Right to Left,00:48:34,Kick,90.56,54.89,70.25,70.8,NA,NA,NA,NA,NA,NA,NA,NA,NA,Open Play,In Touch,NA,NA,NA,NA,NA,NA,NA,NA,NA,NA,NA,NA,NA,NA,NA,NA,NA,NA,NA,NA,NA,NA,NA,NA,NA,NA,NA,NA,
Team,Billingham,Chester,Second Half,Right to Left,00:48:36,Possession,70.53,70.27,NA,NA,NA,NA,NA,NA,NA,NA,NA,NA,NA,NA,NA,End,NA,NA,NA,NA,NA,NA,NA,NA,NA,NA,NA,NA,NA,NA,NA,NA,NA,NA,NA,NA,NA,NA,NA,NA,NA,NA,NA,
