id,opposition,Event,Value
Ath1,Chester,try,0
Ath1,Chester,try assist,0
Ath1,Chester,tackle,10
Ath1,Chester,dominant tackle,1
Ath1,Chester,missed tackle,1
Ath1,Chester,carry,4
Ath1,Chester,gls,3
Ath1,Chester,linebreak,0
Ath1,Chester,defender beaten,0
Ath1,Durham Uni,try,1
Ath1,Durham Uni,try assist,1
Ath1,Durham Uni,tackle,3
Ath1,Durham Uni,dominant tackle,0
Ath1,Durham Uni,missed tackle,0
Ath1,Durham Uni,carry,5
Ath1,Durham Uni,gls,1
Ath1,Durham Uni,linebreak,0
Ath1,Durham Uni,defender beaten,1
Ath1,Harrogate,try,0
Ath1,Harrogate,try assist,0
Ath1,Harrogate,tackle,6
Ath1,Harrogate,dominant tackle,0
Ath1,Harrogate,missed tackle,1
Ath1,Harrogate,carry,3
Ath1,Harrogate,gls,2
Ath1,Harrogate,linebreak,0
Ath1,Harrogate,defender beaten,1
Ath1,Hull,try,1
Ath1,Hull,try assist,0
Ath1,Hull,tackle,13
Ath1,Hull,dominant tackle,1
Ath1,Hull,missed tackle,3
Ath1,Hull,carry,6
Ath1,Hull,gls,3
Ath1,Hull,linebreak,0
Ath1,Hull,defender beaten,0
Ath1,Hull (H),try,0
Ath1,Hull (H),try assist,0
Ath1,Hull (H),tackle,10
Ath1,Hull (H),dominant tackle,0
Ath1,Hull (H),missed tackle,0
Ath1,Hull (H),carry,0
Ath1,Hull (H),gls,0
Ath1,Hull (H),linebreak,0
Ath1,Hull (H),defender beaten,0
Ath1,Hull I's,try,0
Ath1,Hull I's,try assist,0
Ath1,Hull I's,tackle,6
Ath1,Hull I's,dominant tackle,1
Ath1,Hull I's,missed tackle,0
Ath1,Hull I's,carry,4
Ath1,Hull I's,gls,1
Ath1,Hull I's,linebreak,0
Ath1,Hull I's,defender beaten,0
Ath1,Leeds,try,0
Ath1,Leeds,try assist,0
Ath1,Leeds,tackle,17
Ath1,Leeds,dominant tackle,0
Ath1,Leeds,missed tackle,1
Ath1,Leeds,carry,9
Ath1,Leeds,gls,6
Ath1,Leeds,linebreak,0
Ath1,Leeds,defender beaten,1
Ath1,Lymm,try,0
Ath1,Lymm,try assist,0
Ath1,Lymm,tackle,8
Ath1,Lymm,dominant tackle,1
Ath1,Lymm,missed tackle,1
Ath1,Lymm,carry,5
Ath1,Lymm,gls,4
Ath1,Lymm,linebreak,0
Ath1,Lymm,defender beaten,2
Ath1,Otley,try,0
Ath1,Otley,try assist,0
Ath1,Otley,tackle,9
Ath1,Otley,dominant tackle,1
Ath1,Otley,missed tackle,2
Ath1,Otley,carry,4
Ath1,Otley,gls,1
Ath1,Otley,linebreak,0
Ath1,Otley,defender beaten,0
Ath1,Preston,try,0
Ath1,Preston,try assist,0
Ath1,Preston,tackle,6
Ath1,Preston,dominant tackle,2
Ath1,Preston,missed tackle,0
Ath1,Preston,carry,10
Ath1,Preston,gls,6
Ath1,Preston,linebreak,0
Ath1,Preston,defender beaten,2
Ath1,Sheffield,try,0
Ath1,Sheffield,try assist,1
Ath1,Sheffield,tackle,12
Ath1,Sheffield,dominant tackle,2
Ath1,Sheffield,missed tackle,1
Ath1,Sheffield,carry,7
Ath1,Sheffield,gls,4
Ath1,Sheffield,linebreak,0
Ath1,Sheffield,defender beaten,0
Ath1,Sheffield Tigers,try,1
Ath1,Sheffield Tigers,try assist,0
Ath1,Sheffield Tigers,tackle,10
Ath1,Sheffield Tigers,dominant tackle,1
Ath1,Sheffield Tigers,missed tackle,0
Ath1,Sheffield Tigers,carry,7
Ath1,Sheffield Tigers,gls,4
Ath1,Sheffield Tigers,linebreak,0
Ath1,Sheffield Tigers,defender beaten,2
Ath1,Tynedale,try,0
Ath1,Tynedale,try assist,0
Ath1,Tynedale,tackle,5
Ath1,Tynedale,dominant tackle,0
Ath1,Tynedale,missed tackle,2
Ath1,Tynedale,carry,9
Ath1,Tynedale,gls,3
Ath1,Tynedale,linebreak,0
Ath1,Tynedale,defender beaten,0
Ath1,Tynedale (H),try,0
Ath1,Tynedale (H),try assist,0
Ath1,Tynedale (H),tackle,8
Ath1,Tynedale (H),dominant tackle,0
Ath1,Tynedale (H),missed tackle,3
Ath1,Tynedale (H),carry,1
Ath1,Tynedale (H),gls,0
Ath1,Tynedale (H),linebreak,0
Ath1,Tynedale (H),defender beaten,0
Ath1,Wharfedale,try,0
Ath1,Wharfedale,try assist,0
Ath1,Wharfedale,tackle,6
Ath1,Wharfedale,dominant tackle,1
Ath1,Wharfedale,missed tackle,0
Ath1,Wharfedale,carry,7
Ath1,Wharfedale,gls,3
Ath1,Wharfedale,linebreak,0
Ath1,Wharfedale,defender beaten,1
Ath10,Chester,try,0
Ath10,Chester,try assist,0
Ath10,Chester,tackle,0
Ath10,Chester,dominant tackle,0
Ath10,Chester,missed tackle,0
Ath10,Chester,carry,1
Ath10,Chester,gls,0
Ath10,Chester,linebreak,0
Ath10,Chester,defender beaten,0
Ath10,Durham Uni,try,0
Ath10,Durham Uni,try assist,0
Ath10,Durham Uni,tackle,4
Ath10,Durham Uni,dominant tackle,0
Ath10,Durham Uni,missed tackle,1
Ath10,Durham Uni,carry,0
Ath10,Durham Uni,gls,0
Ath10,Durham Uni,linebreak,0
Ath10,Durham Uni,defender beaten,0
Ath10,Harrogate,try,0
Ath10,Harrogate,try assist,1
Ath10,Harrogate,tackle,3
Ath10,Harrogate,dominant tackle,0
Ath10,Harrogate,missed tackle,0
Ath10,Harrogate,carry,0
Ath10,Harrogate,gls,0
Ath10,Harrogate,linebreak,0
Ath10,Harrogate,defender beaten,0
Ath10,Hull,try,0
Ath10,Hull,try assist,0
Ath10,Hull,tackle,7
Ath10,Hull,dominant tackle,0
Ath10,Hull,missed tackle,3
Ath10,Hull,carry,1
Ath10,Hull,gls,1
Ath10,Hull,linebreak,0
Ath10,Hull,defender beaten,0
Ath10,Hull I's,try,0
Ath10,Hull I's,try assist,0
Ath10,Hull I's,tackle,1
Ath10,Hull I's,dominant tackle,0
Ath10,Hull I's,missed tackle,0
Ath10,Hull I's,carry,3
Ath10,Hull I's,gls,1
Ath10,Hull I's,linebreak,1
Ath10,Hull I's,defender beaten,0
Ath10,Lymm,try,0
Ath10,Lymm,try assist,0
Ath10,Lymm,tackle,4
Ath10,Lymm,dominant tackle,0
Ath10,Lymm,missed tackle,2
Ath10,Lymm,carry,7
Ath10,Lymm,gls,2
Ath10,Lymm,linebreak,0
Ath10,Lymm,defender beaten,0
Ath10,Otley,try,0
Ath10,Otley,try assist,1
Ath10,Otley,tackle,8
Ath10,Otley,dominant tackle,0
Ath10,Otley,missed tackle,3
Ath10,Otley,carry,3
Ath10,Otley,gls,2
Ath10,Otley,linebreak,0
Ath10,Otley,defender beaten,3
Ath10,Preston,try,0
Ath10,Preston,try assist,0
Ath10,Preston,tackle,1
Ath10,Preston,dominant tackle,0
Ath10,Preston,missed tackle,1
Ath10,Preston,carry,0
Ath10,Preston,gls,0
Ath10,Preston,linebreak,0
Ath10,Preston,defender beaten,0
Ath10,Sheffield,try,0
Ath10,Sheffield,try assist,0
Ath10,Sheffield,tackle,4
Ath10,Sheffield,dominant tackle,0
Ath10,Sheffield,missed tackle,3
Ath10,Sheffield,carry,0
Ath10,Sheffield,gls,0
Ath10,Sheffield,linebreak,0
Ath10,Sheffield,defender beaten,0
Ath10,Tynedale,try,0
Ath10,Tynedale,try assist,0
Ath10,Tynedale,tackle,8
Ath10,Tynedale,dominant tackle,0
Ath10,Tynedale,missed tackle,2
Ath10,Tynedale,carry,2
Ath10,Tynedale,gls,0
Ath10,Tynedale,linebreak,0
Ath10,Tynedale,defender beaten,0
Ath10,Wharfedale,try,0
Ath10,Wharfedale,try assist,0
Ath10,Wharfedale,tackle,2
Ath10,Wharfedale,dominant tackle,0
Ath10,Wharfedale,missed tackle,1
Ath10,Wharfedale,carry,0
Ath10,Wharfedale,gls,0
Ath10,Wharfedale,linebreak,0
Ath10,Wharfedale,defender beaten,0
Ath100,Hull (H),try,0
Ath100,Hull (H),try assist,0
Ath100,Hull (H),tackle,1
Ath100,Hull (H),dominant tackle,0
Ath100,Hull (H),missed tackle,0
Ath100,Hull (H),carry,1
Ath100,Hull (H),gls,1
Ath100,Hull (H),linebreak,0
Ath100,Hull (H),defender beaten,0
Ath11,Durham Uni,try,0
Ath11,Durham Uni,try assist,1
Ath11,Durham Uni,tackle,3
Ath11,Durham Uni,dominant tackle,0
Ath11,Durham Uni,missed tackle,0
Ath11,Durham Uni,carry,8
Ath11,Durham Uni,gls,6
Ath11,Durham Uni,linebreak,0
Ath11,Durham Uni,defender beaten,0
Ath11,Harrogate,try,0
Ath11,Harrogate,try assist,2
Ath11,Harrogate,tackle,6
Ath11,Harrogate,dominant tackle,0
Ath11,Harrogate,missed tackle,1
Ath11,Harrogate,carry,3
Ath11,Harrogate,gls,0
Ath11,Harrogate,linebreak,2
Ath11,Harrogate,defender beaten,1
Ath11,Hull,try,1
Ath11,Hull,try assist,0
Ath11,Hull,tackle,5
Ath11,Hull,dominant tackle,0
Ath11,Hull,missed tackle,0
Ath11,Hull,carry,6
Ath11,Hull,gls,1
Ath11,Hull,linebreak,0
Ath11,Hull,defender beaten,1
Ath11,Leeds,try,1
Ath11,Leeds,try assist,0
Ath11,Leeds,tackle,9
Ath11,Leeds,dominant tackle,0
Ath11,Leeds,missed tackle,0
Ath11,Leeds,carry,3
Ath11,Leeds,gls,2
Ath11,Leeds,linebreak,1
Ath11,Leeds,defender beaten,0
Ath11,Otley,try,0
Ath11,Otley,try assist,0
Ath11,Otley,tackle,4
Ath11,Otley,dominant tackle,0
Ath11,Otley,missed tackle,0
Ath11,Otley,carry,6
Ath11,Otley,gls,2
Ath11,Otley,linebreak,1
Ath11,Otley,defender beaten,2
Ath11,Sheffield,try,1
Ath11,Sheffield,try assist,0
Ath11,Sheffield,tackle,10
Ath11,Sheffield,dominant tackle,0
Ath11,Sheffield,missed tackle,4
Ath11,Sheffield,carry,1
Ath11,Sheffield,gls,0
Ath11,Sheffield,linebreak,2
Ath11,Sheffield,defender beaten,2
Ath11,Sheffield Tigers,try,0
Ath11,Sheffield Tigers,try assist,0
Ath11,Sheffield Tigers,tackle,1
Ath11,Sheffield Tigers,dominant tackle,0
Ath11,Sheffield Tigers,missed tackle,0
Ath11,Sheffield Tigers,carry,0
Ath11,Sheffield Tigers,gls,0
Ath11,Sheffield Tigers,linebreak,0
Ath11,Sheffield Tigers,defender beaten,0
Ath11,Tynedale,try,2
Ath11,Tynedale,try assist,1
Ath11,Tynedale,tackle,7
Ath11,Tynedale,dominant tackle,0
Ath11,Tynedale,missed tackle,2
Ath11,Tynedale,carry,9
Ath11,Tynedale,gls,5
Ath11,Tynedale,linebreak,1
Ath11,Tynedale,defender beaten,3
Ath11,Wharfedale,try,0
Ath11,Wharfedale,try assist,0
Ath11,Wharfedale,tackle,6
Ath11,Wharfedale,dominant tackle,0
Ath11,Wharfedale,missed tackle,0
Ath11,Wharfedale,carry,9
Ath11,Wharfedale,gls,3
Ath11,Wharfedale,linebreak,1
Ath11,Wharfedale,defender beaten,4
Ath12,Chester,try,0
Ath12,Chester,try assist,1
Ath12,Chester,tackle,13
Ath12,Chester,dominant tackle,1
Ath12,Chester,missed tackle,3
Ath12,Chester,carry,2
Ath12,Chester,gls,0
Ath12,Chester,linebreak,1
Ath12,Chester,defender beaten,0
Ath12,Durham Uni,try,1
Ath12,Durham Uni,try assist,0
Ath12,Durham Uni,tackle,7
Ath12,Durham Uni,dominant tackle,3
Ath12,Durham Uni,missed tackle,2
Ath12,Durham Uni,carry,4
Ath12,Durham Uni,gls,1
Ath12,Durham Uni,linebreak,1
Ath12,Durham Uni,defender beaten,3
Ath12,Harrogate,try,0
Ath12,Harrogate,try assist,0
Ath12,Harrogate,tackle,16
Ath12,Harrogate,dominant tackle,2
Ath12,Harrogate,missed tackle,4
Ath12,Harrogate,carry,2
Ath12,Harrogate,gls,2
Ath12,Harrogate,linebreak,1
Ath12,Harrogate,defender beaten,5
Ath12,Hull,try,0
Ath12,Hull,try assist,1
Ath12,Hull,tackle,6
Ath12,Hull,dominant tackle,0
Ath12,Hull,missed tackle,1
Ath12,Hull,carry,6
Ath12,Hull,gls,2
Ath12,Hull,linebreak,1
Ath12,Hull,defender beaten,2
Ath12,Hull (H),try,0
Ath12,Hull (H),try assist,0
Ath12,Hull (H),tackle,13
Ath12,Hull (H),dominant tackle,0
Ath12,Hull (H),missed tackle,3
Ath12,Hull (H),carry,3
Ath12,Hull (H),gls,2
Ath12,Hull (H),linebreak,0
Ath12,Hull (H),defender beaten,0
Ath12,Hull I's,try,1
Ath12,Hull I's,try assist,0
Ath12,Hull I's,tackle,11
Ath12,Hull I's,dominant tackle,1
Ath12,Hull I's,missed tackle,3
Ath12,Hull I's,carry,1
Ath12,Hull I's,gls,1
Ath12,Hull I's,linebreak,1
Ath12,Hull I's,defender beaten,1
Ath12,Leeds,try,0
Ath12,Leeds,try assist,0
Ath12,Leeds,tackle,10
Ath12,Leeds,dominant tackle,0
Ath12,Leeds,missed tackle,3
Ath12,Leeds,carry,2
Ath12,Leeds,gls,2
Ath12,Leeds,linebreak,0
Ath12,Leeds,defender beaten,2
Ath12,Lymm,try,0
Ath12,Lymm,try assist,1
Ath12,Lymm,tackle,14
Ath12,Lymm,dominant tackle,0
Ath12,Lymm,missed tackle,4
Ath12,Lymm,carry,6
Ath12,Lymm,gls,2
Ath12,Lymm,linebreak,1
Ath12,Lymm,defender beaten,2
Ath12,Otley,try,0
Ath12,Otley,try assist,0
Ath12,Otley,tackle,14
Ath12,Otley,dominant tackle,1
Ath12,Otley,missed tackle,3
Ath12,Otley,carry,3
Ath12,Otley,gls,2
Ath12,Otley,linebreak,0
Ath12,Otley,defender beaten,1
Ath12,Preston,try,0
Ath12,Preston,try assist,0
Ath12,Preston,tackle,11
Ath12,Preston,dominant tackle,0
Ath12,Preston,missed tackle,3
Ath12,Preston,carry,2
Ath12,Preston,gls,2
Ath12,Preston,linebreak,0
Ath12,Preston,defender beaten,1
Ath12,Sheffield,try,0
Ath12,Sheffield,try assist,0
Ath12,Sheffield,tackle,13
Ath12,Sheffield,dominant tackle,0
Ath12,Sheffield,missed tackle,5
Ath12,Sheffield,carry,0
Ath12,Sheffield,gls,0
Ath12,Sheffield,linebreak,0
Ath12,Sheffield,defender beaten,1
Ath12,Sheffield Tigers,try,0
Ath12,Sheffield Tigers,try assist,0
Ath12,Sheffield Tigers,tackle,6
Ath12,Sheffield Tigers,dominant tackle,1
Ath12,Sheffield Tigers,missed tackle,3
Ath12,Sheffield Tigers,carry,1
Ath12,Sheffield Tigers,gls,0
Ath12,Sheffield Tigers,linebreak,1
Ath12,Sheffield Tigers,defender beaten,0
Ath12,Tynedale,try,0
Ath12,Tynedale,try assist,0
Ath12,Tynedale,tackle,13
Ath12,Tynedale,dominant tackle,0
Ath12,Tynedale,missed tackle,1
Ath12,Tynedale,carry,4
Ath12,Tynedale,gls,2
Ath12,Tynedale,linebreak,0
Ath12,Tynedale,defender beaten,1
Ath12,Tynedale (H),try,1
Ath12,Tynedale (H),try assist,0
Ath12,Tynedale (H),tackle,9
Ath12,Tynedale (H),dominant tackle,0
Ath12,Tynedale (H),missed tackle,2
Ath12,Tynedale (H),carry,4
Ath12,Tynedale (H),gls,2
Ath12,Tynedale (H),linebreak,0
Ath12,Tynedale (H),defender beaten,3
Ath12,Wharfedale,try,1
Ath12,Wharfedale,try assist,0
Ath12,Wharfedale,tackle,9
Ath12,Wharfedale,dominant tackle,0
Ath12,Wharfedale,missed tackle,4
Ath12,Wharfedale,carry,3
Ath12,Wharfedale,gls,1
Ath12,Wharfedale,linebreak,1
Ath12,Wharfedale,defender beaten,2
Ath13,Chester,try,1
Ath13,Chester,try assist,0
Ath13,Chester,tackle,9
Ath13,Chester,dominant tackle,0
Ath13,Chester,missed tackle,0
Ath13,Chester,carry,7
Ath13,Chester,gls,5
Ath13,Chester,linebreak,0
Ath13,Chester,defender beaten,0
Ath13,Durham Uni,try,0
Ath13,Durham Uni,try assist,0
Ath13,Durham Uni,tackle,2
Ath13,Durham Uni,dominant tackle,0
Ath13,Durham Uni,missed tackle,1
Ath13,Durham Uni,carry,4
Ath13,Durham Uni,gls,3
Ath13,Durham Uni,linebreak,0
Ath13,Durham Uni,defender beaten,1
Ath13,Harrogate,try,1
Ath13,Harrogate,try assist,1
Ath13,Harrogate,tackle,9
Ath13,Harrogate,dominant tackle,0
Ath13,Harrogate,missed tackle,1
Ath13,Harrogate,carry,2
Ath13,Harrogate,gls,1
Ath13,Harrogate,linebreak,1
Ath13,Harrogate,defender beaten,1
Ath13,Hull,try,0
Ath13,Hull,try assist,0
Ath13,Hull,tackle,4
Ath13,Hull,dominant tackle,0
Ath13,Hull,missed tackle,0
Ath13,Hull,carry,0
Ath13,Hull,gls,0
Ath13,Hull,linebreak,1
Ath13,Hull,defender beaten,0
Ath13,Hull (H),try,1
Ath13,Hull (H),try assist,0
Ath13,Hull (H),tackle,9
Ath13,Hull (H),dominant tackle,0
Ath13,Hull (H),missed tackle,2
Ath13,Hull (H),carry,0
Ath13,Hull (H),gls,0
Ath13,Hull (H),linebreak,2
Ath13,Hull (H),defender beaten,4
Ath13,Hull I's,try,0
Ath13,Hull I's,try assist,0
Ath13,Hull I's,tackle,12
Ath13,Hull I's,dominant tackle,0
Ath13,Hull I's,missed tackle,2
Ath13,Hull I's,carry,2
Ath13,Hull I's,gls,2
Ath13,Hull I's,linebreak,0
Ath13,Hull I's,defender beaten,0
Ath13,Leeds,try,0
Ath13,Leeds,try assist,0
Ath13,Leeds,tackle,18
Ath13,Leeds,dominant tackle,0
Ath13,Leeds,missed tackle,5
Ath13,Leeds,carry,5
Ath13,Leeds,gls,1
Ath13,Leeds,linebreak,0
Ath13,Leeds,defender beaten,0
Ath13,Lymm,try,0
Ath13,Lymm,try assist,0
Ath13,Lymm,tackle,8
Ath13,Lymm,dominant tackle,0
Ath13,Lymm,missed tackle,2
Ath13,Lymm,carry,3
Ath13,Lymm,gls,2
Ath13,Lymm,linebreak,1
Ath13,Lymm,defender beaten,1
Ath13,Otley,try,0
Ath13,Otley,try assist,0
Ath13,Otley,tackle,12
Ath13,Otley,dominant tackle,0
Ath13,Otley,missed tackle,2
Ath13,Otley,carry,4
Ath13,Otley,gls,3
Ath13,Otley,linebreak,0
Ath13,Otley,defender beaten,0
Ath13,Preston,try,0
Ath13,Preston,try assist,0
Ath13,Preston,tackle,14
Ath13,Preston,dominant tackle,0
Ath13,Preston,missed tackle,3
Ath13,Preston,carry,6
Ath13,Preston,gls,2
Ath13,Preston,linebreak,1
Ath13,Preston,defender beaten,1
Ath13,Sheffield,try,0
Ath13,Sheffield,try assist,0
Ath13,Sheffield,tackle,13
Ath13,Sheffield,dominant tackle,0
Ath13,Sheffield,missed tackle,3
Ath13,Sheffield,carry,10
Ath13,Sheffield,gls,6
Ath13,Sheffield,linebreak,0
Ath13,Sheffield,defender beaten,0
Ath13,Sheffield Tigers,try,0
Ath13,Sheffield Tigers,try assist,0
Ath13,Sheffield Tigers,tackle,1
Ath13,Sheffield Tigers,dominant tackle,0
Ath13,Sheffield Tigers,missed tackle,1
Ath13,Sheffield Tigers,carry,1
Ath13,Sheffield Tigers,gls,1
Ath13,Sheffield Tigers,linebreak,0
Ath13,Sheffield Tigers,defender beaten,0
Ath13,Tynedale,try,1
Ath13,Tynedale,try assist,1
Ath13,Tynedale,tackle,11
Ath13,Tynedale,dominant tackle,0
Ath13,Tynedale,missed tackle,4
Ath13,Tynedale,carry,4
Ath13,Tynedale,gls,1
Ath13,Tynedale,linebreak,0
Ath13,Tynedale,defender beaten,1
Ath13,Tynedale (H),try,0
Ath13,Tynedale (H),try assist,0
Ath13,Tynedale (H),tackle,5
Ath13,Tynedale (H),dominant tackle,0
Ath13,Tynedale (H),missed tackle,0
Ath13,Tynedale (H),carry,2
Ath13,Tynedale (H),gls,1
Ath13,Tynedale (H),linebreak,0
Ath13,Tynedale (H),defender beaten,1
Ath13,Wharfedale,try,0
Ath13,Wharfedale,try assist,0
Ath13,Wharfedale,tackle,13
Ath13,Wharfedale,dominant tackle,0
Ath13,Wharfedale,missed tackle,3
Ath13,Wharfedale,carry,6
Ath13,Wharfedale,gls,4
Ath13,Wharfedale,linebreak,0
Ath13,Wharfedale,defender beaten,4
Ath14,Chester,try,0
Ath14,Chester,try assist,0
Ath14,Chester,tackle,3
Ath14,Chester,dominant tackle,0
Ath14,Chester,missed tackle,2
Ath14,Chester,carry,5
Ath14,Chester,gls,0
Ath14,Chester,linebreak,0
Ath14,Chester,defender beaten,1
Ath14,Durham Uni,try,0
Ath14,Durham Uni,try assist,0
Ath14,Durham Uni,tackle,2
Ath14,Durham Uni,dominant tackle,0
Ath14,Durham Uni,missed tackle,0
Ath14,Durham Uni,carry,4
Ath14,Durham Uni,gls,2
Ath14,Durham Uni,linebreak,0
Ath14,Durham Uni,defender beaten,1
Ath14,Harrogate,try,2
Ath14,Harrogate,try assist,0
Ath14,Harrogate,tackle,3
Ath14,Harrogate,dominant tackle,0
Ath14,Harrogate,missed tackle,2
Ath14,Harrogate,carry,5
Ath14,Harrogate,gls,0
Ath14,Harrogate,linebreak,0
Ath14,Harrogate,defender beaten,1
Ath14,Hull I's,try,0
Ath14,Hull I's,try assist,0
Ath14,Hull I's,tackle,5
Ath14,Hull I's,dominant tackle,0
Ath14,Hull I's,missed tackle,4
Ath14,Hull I's,carry,3
Ath14,Hull I's,gls,1
Ath14,Hull I's,linebreak,1
Ath14,Hull I's,defender beaten,1
Ath14,Leeds,try,0
Ath14,Leeds,try assist,0
Ath14,Leeds,tackle,11
Ath14,Leeds,dominant tackle,0
Ath14,Leeds,missed tackle,7
Ath14,Leeds,carry,6
Ath14,Leeds,gls,1
Ath14,Leeds,linebreak,1
Ath14,Leeds,defender beaten,2
Ath14,Lymm,try,0
Ath14,Lymm,try assist,0
Ath14,Lymm,tackle,7
Ath14,Lymm,dominant tackle,0
Ath14,Lymm,missed tackle,3
Ath14,Lymm,carry,9
Ath14,Lymm,gls,3
Ath14,Lymm,linebreak,0
Ath14,Lymm,defender beaten,2
Ath14,Otley,try,1
Ath14,Otley,try assist,0
Ath14,Otley,tackle,3
Ath14,Otley,dominant tackle,0
Ath14,Otley,missed tackle,1
Ath14,Otley,carry,3
Ath14,Otley,gls,1
Ath14,Otley,linebreak,2
Ath14,Otley,defender beaten,1
Ath14,Preston,try,0
Ath14,Preston,try assist,0
Ath14,Preston,tackle,5
Ath14,Preston,dominant tackle,0
Ath14,Preston,missed tackle,1
Ath14,Preston,carry,5
Ath14,Preston,gls,2
Ath14,Preston,linebreak,0
Ath14,Preston,defender beaten,3
Ath14,Sheffield,try,0
Ath14,Sheffield,try assist,0
Ath14,Sheffield,tackle,3
Ath14,Sheffield,dominant tackle,0
Ath14,Sheffield,missed tackle,1
Ath14,Sheffield,carry,1
Ath14,Sheffield,gls,1
Ath14,Sheffield,linebreak,0
Ath14,Sheffield,defender beaten,0
Ath14,Sheffield Tigers,try,1
Ath14,Sheffield Tigers,try assist,0
Ath14,Sheffield Tigers,tackle,3
Ath14,Sheffield Tigers,dominant tackle,0
Ath14,Sheffield Tigers,missed tackle,2
Ath14,Sheffield Tigers,carry,3
Ath14,Sheffield Tigers,gls,0
Ath14,Sheffield Tigers,linebreak,1
Ath14,Sheffield Tigers,defender beaten,1
Ath14,Tynedale,try,0
Ath14,Tynedale,try assist,0
Ath14,Tynedale,tackle,11
Ath14,Tynedale,dominant tackle,0
Ath14,Tynedale,missed tackle,4
Ath14,Tynedale,carry,6
Ath14,Tynedale,gls,1
Ath14,Tynedale,linebreak,0
Ath14,Tynedale,defender beaten,0
Ath14,Tynedale (H),try,0
Ath14,Tynedale (H),try assist,0
Ath14,Tynedale (H),tackle,3
Ath14,Tynedale (H),dominant tackle,0
Ath14,Tynedale (H),missed tackle,0
Ath14,Tynedale (H),carry,2
Ath14,Tynedale (H),gls,1
Ath14,Tynedale (H),linebreak,0
Ath14,Tynedale (H),defender beaten,0
Ath14,Wharfedale,try,0
Ath14,Wharfedale,try assist,0
Ath14,Wharfedale,tackle,5
Ath14,Wharfedale,dominant tackle,0
Ath14,Wharfedale,missed tackle,2
Ath14,Wharfedale,carry,7
Ath14,Wharfedale,gls,1
Ath14,Wharfedale,linebreak,0
Ath14,Wharfedale,defender beaten,4
Ath15,Chester,try,0
Ath15,Chester,try assist,0
Ath15,Chester,tackle,7
Ath15,Chester,dominant tackle,0
Ath15,Chester,missed tackle,1
Ath15,Chester,carry,7
Ath15,Chester,gls,0
Ath15,Chester,linebreak,0
Ath15,Chester,defender beaten,3
Ath15,Durham Uni,try,0
Ath15,Durham Uni,try assist,0
Ath15,Durham Uni,tackle,1
Ath15,Durham Uni,dominant tackle,0
Ath15,Durham Uni,missed tackle,0
Ath15,Durham Uni,carry,11
Ath15,Durham Uni,gls,4
Ath15,Durham Uni,linebreak,0
Ath15,Durham Uni,defender beaten,4
Ath15,Harrogate,try,0
Ath15,Harrogate,try assist,0
Ath15,Harrogate,tackle,6
Ath15,Harrogate,dominant tackle,0
Ath15,Harrogate,missed tackle,0
Ath15,Harrogate,carry,8
Ath15,Harrogate,gls,2
Ath15,Harrogate,linebreak,1
Ath15,Harrogate,defender beaten,6
Ath15,Hull,try,0
Ath15,Hull,try assist,0
Ath15,Hull,tackle,9
Ath15,Hull,dominant tackle,0
Ath15,Hull,missed tackle,4
Ath15,Hull,carry,4
Ath15,Hull,gls,0
Ath15,Hull,linebreak,0
Ath15,Hull,defender beaten,1
Ath15,Hull (H),try,1
Ath15,Hull (H),try assist,2
Ath15,Hull (H),tackle,13
Ath15,Hull (H),dominant tackle,0
Ath15,Hull (H),missed tackle,5
Ath15,Hull (H),carry,9
Ath15,Hull (H),gls,2
Ath15,Hull (H),linebreak,0
Ath15,Hull (H),defender beaten,5
Ath15,Hull I's,try,0
Ath15,Hull I's,try assist,0
Ath15,Hull I's,tackle,9
Ath15,Hull I's,dominant tackle,0
Ath15,Hull I's,missed tackle,1
Ath15,Hull I's,carry,5
Ath15,Hull I's,gls,0
Ath15,Hull I's,linebreak,0
Ath15,Hull I's,defender beaten,0
Ath15,Leeds,try,0
Ath15,Leeds,try assist,0
Ath15,Leeds,tackle,12
Ath15,Leeds,dominant tackle,0
Ath15,Leeds,missed tackle,3
Ath15,Leeds,carry,9
Ath15,Leeds,gls,2
Ath15,Leeds,linebreak,0
Ath15,Leeds,defender beaten,1
Ath15,Lymm,try,0
Ath15,Lymm,try assist,0
Ath15,Lymm,tackle,9
Ath15,Lymm,dominant tackle,0
Ath15,Lymm,missed tackle,6
Ath15,Lymm,carry,20
Ath15,Lymm,gls,7
Ath15,Lymm,linebreak,0
Ath15,Lymm,defender beaten,8
Ath15,Otley,try,0
Ath15,Otley,try assist,0
Ath15,Otley,tackle,7
Ath15,Otley,dominant tackle,0
Ath15,Otley,missed tackle,1
Ath15,Otley,carry,8
Ath15,Otley,gls,3
Ath15,Otley,linebreak,1
Ath15,Otley,defender beaten,1
Ath15,Preston,try,0
Ath15,Preston,try assist,1
Ath15,Preston,tackle,9
Ath15,Preston,dominant tackle,0
Ath15,Preston,missed tackle,2
Ath15,Preston,carry,7
Ath15,Preston,gls,4
Ath15,Preston,linebreak,1
Ath15,Preston,defender beaten,3
Ath15,Sheffield,try,0
Ath15,Sheffield,try assist,0
Ath15,Sheffield,tackle,15
Ath15,Sheffield,dominant tackle,1
Ath15,Sheffield,missed tackle,6
Ath15,Sheffield,carry,9
Ath15,Sheffield,gls,7
Ath15,Sheffield,linebreak,0
Ath15,Sheffield,defender beaten,2
Ath15,Sheffield Tigers,try,0
Ath15,Sheffield Tigers,try assist,0
Ath15,Sheffield Tigers,tackle,9
Ath15,Sheffield Tigers,dominant tackle,0
Ath15,Sheffield Tigers,missed tackle,4
Ath15,Sheffield Tigers,carry,16
Ath15,Sheffield Tigers,gls,1
Ath15,Sheffield Tigers,linebreak,0
Ath15,Sheffield Tigers,defender beaten,2
Ath15,Tynedale,try,0
Ath15,Tynedale,try assist,0
Ath15,Tynedale,tackle,8
Ath15,Tynedale,dominant tackle,0
Ath15,Tynedale,missed tackle,5
Ath15,Tynedale,carry,10
Ath15,Tynedale,gls,2
Ath15,Tynedale,linebreak,0
Ath15,Tynedale,defender beaten,4
Ath15,Tynedale (H),try,0
Ath15,Tynedale (H),try assist,2
Ath15,Tynedale (H),tackle,14
Ath15,Tynedale (H),dominant tackle,0
Ath15,Tynedale (H),missed tackle,2
Ath15,Tynedale (H),carry,4
Ath15,Tynedale (H),gls,2
Ath15,Tynedale (H),linebreak,1
Ath15,Tynedale (H),defender beaten,1
Ath15,Wharfedale,try,0
Ath15,Wharfedale,try assist,0
Ath15,Wharfedale,tackle,5
Ath15,Wharfedale,dominant tackle,0
Ath15,Wharfedale,missed tackle,3
Ath15,Wharfedale,carry,7
Ath15,Wharfedale,gls,3
Ath15,Wharfedale,linebreak,0
Ath15,Wharfedale,defender beaten,2
Ath16,Chester,try,0
Ath16,Chester,try assist,0
Ath16,Chester,tackle,5
Ath16,Chester,dominant tackle,0
Ath16,Chester,missed tackle,0
Ath16,Chester,carry,3
Ath16,Chester,gls,2
Ath16,Chester,linebreak,0
Ath16,Chester,defender beaten,0
Ath16,Durham Uni,try,1
Ath16,Durham Uni,try assist,0
Ath16,Durham Uni,tackle,1
Ath16,Durham Uni,dominant tackle,0
Ath16,Durham Uni,missed tackle,0
Ath16,Durham Uni,carry,3
Ath16,Durham Uni,gls,1
Ath16,Durham Uni,linebreak,0
Ath16,Durham Uni,defender beaten,1
Ath16,Harrogate,try,0
Ath16,Harrogate,try assist,0
Ath16,Harrogate,tackle,4
Ath16,Harrogate,dominant tackle,0
Ath16,Harrogate,missed tackle,0
Ath16,Harrogate,carry,1
Ath16,Harrogate,gls,1
Ath16,Harrogate,linebreak,0
Ath16,Harrogate,defender beaten,0
Ath16,Hull,try,0
Ath16,Hull,try assist,0
Ath16,Hull,tackle,4
Ath16,Hull,dominant tackle,0
Ath16,Hull,missed tackle,0
Ath16,Hull,carry,3
Ath16,Hull,gls,2
Ath16,Hull,linebreak,0
Ath16,Hull,defender beaten,0
Ath16,Hull (H),try,0
Ath16,Hull (H),try assist,0
Ath16,Hull (H),tackle,6
Ath16,Hull (H),dominant tackle,0
Ath16,Hull (H),missed tackle,1
Ath16,Hull (H),carry,0
Ath16,Hull (H),gls,0
Ath16,Hull (H),linebreak,0
Ath16,Hull (H),defender beaten,0
Ath16,Hull I's,try,0
Ath16,Hull I's,try assist,0
Ath16,Hull I's,tackle,11
Ath16,Hull I's,dominant tackle,0
Ath16,Hull I's,missed tackle,0
Ath16,Hull I's,carry,1
Ath16,Hull I's,gls,1
Ath16,Hull I's,linebreak,1
Ath16,Hull I's,defender beaten,0
Ath16,Leeds,try,0
Ath16,Leeds,try assist,0
Ath16,Leeds,tackle,17
Ath16,Leeds,dominant tackle,0
Ath16,Leeds,missed tackle,2
Ath16,Leeds,carry,3
Ath16,Leeds,gls,2
Ath16,Leeds,linebreak,0
Ath16,Leeds,defender beaten,0
Ath16,Lymm,try,0
Ath16,Lymm,try assist,0
Ath16,Lymm,tackle,8
Ath16,Lymm,dominant tackle,0
Ath16,Lymm,missed tackle,4
Ath16,Lymm,carry,5
Ath16,Lymm,gls,1
Ath16,Lymm,linebreak,1
Ath16,Lymm,defender beaten,0
Ath16,Preston,try,1
Ath16,Preston,try assist,0
Ath16,Preston,tackle,2
Ath16,Preston,dominant tackle,0
Ath16,Preston,missed tackle,0
Ath16,Preston,carry,4
Ath16,Preston,gls,3
Ath16,Preston,linebreak,0
Ath16,Preston,defender beaten,1
Ath16,Sheffield,try,0
Ath16,Sheffield,try assist,0
Ath16,Sheffield,tackle,9
Ath16,Sheffield,dominant tackle,0
Ath16,Sheffield,missed tackle,2
Ath16,Sheffield,carry,2
Ath16,Sheffield,gls,1
Ath16,Sheffield,linebreak,0
Ath16,Sheffield,defender beaten,0
Ath16,Tynedale,try,0
Ath16,Tynedale,try assist,0
Ath16,Tynedale,tackle,5
Ath16,Tynedale,dominant tackle,0
Ath16,Tynedale,missed tackle,2
Ath16,Tynedale,carry,2
Ath16,Tynedale,gls,1
Ath16,Tynedale,linebreak,1
Ath16,Tynedale,defender beaten,1
Ath16,Wharfedale,try,0
Ath16,Wharfedale,try assist,0
Ath16,Wharfedale,tackle,8
Ath16,Wharfedale,dominant tackle,0
Ath16,Wharfedale,missed tackle,2
Ath16,Wharfedale,carry,4
Ath16,Wharfedale,gls,3
Ath16,Wharfedale,linebreak,0
Ath16,Wharfedale,defender beaten,0
Ath17,Durham Uni,try,0
Ath17,Durham Uni,try assist,1
Ath17,Durham Uni,tackle,2
Ath17,Durham Uni,dominant tackle,0
Ath17,Durham Uni,missed tackle,0
Ath17,Durham Uni,carry,1
Ath17,Durham Uni,gls,1
Ath17,Durham Uni,linebreak,0
Ath17,Durham Uni,defender beaten,0
Ath17,Harrogate,try,0
Ath17,Harrogate,try assist,0
Ath17,Harrogate,tackle,1
Ath17,Harrogate,dominant tackle,0
Ath17,Harrogate,missed tackle,0
Ath17,Harrogate,carry,1
Ath17,Harrogate,gls,1
Ath17,Harrogate,linebreak,0
Ath17,Harrogate,defender beaten,0
Ath17,Hull I's,try,0
Ath17,Hull I's,try assist,0
Ath17,Hull I's,tackle,6
Ath17,Hull I's,dominant tackle,2
Ath17,Hull I's,missed tackle,0
Ath17,Hull I's,carry,1
Ath17,Hull I's,gls,1
Ath17,Hull I's,linebreak,0
Ath17,Hull I's,defender beaten,0
Ath17,Otley,try,0
Ath17,Otley,try assist,0
Ath17,Otley,tackle,3
Ath17,Otley,dominant tackle,0
Ath17,Otley,missed tackle,0
Ath17,Otley,carry,0
Ath17,Otley,gls,0
Ath17,Otley,linebreak,0
Ath17,Otley,defender beaten,0
Ath17,Preston,try,0
Ath17,Preston,try assist,0
Ath17,Preston,tackle,2
Ath17,Preston,dominant tackle,0
Ath17,Preston,missed tackle,1
Ath17,Preston,carry,0
Ath17,Preston,gls,0
Ath17,Preston,linebreak,0
Ath17,Preston,defender beaten,0
Ath17,Sheffield,try,0
Ath17,Sheffield,try assist,0
Ath17,Sheffield,tackle,8
Ath17,Sheffield,dominant tackle,0
Ath17,Sheffield,missed tackle,3
Ath17,Sheffield,carry,1
Ath17,Sheffield,gls,1
Ath17,Sheffield,linebreak,0
Ath17,Sheffield,defender beaten,0
Ath17,Tynedale,try,0
Ath17,Tynedale,try assist,0
Ath17,Tynedale,tackle,4
Ath17,Tynedale,dominant tackle,0
Ath17,Tynedale,missed tackle,0
Ath17,Tynedale,carry,1
Ath17,Tynedale,gls,1
Ath17,Tynedale,linebreak,0
Ath17,Tynedale,defender beaten,0
Ath17,Wharfedale,try,0
Ath17,Wharfedale,try assist,0
Ath17,Wharfedale,tackle,3
Ath17,Wharfedale,dominant tackle,0
Ath17,Wharfedale,missed tackle,0
Ath17,Wharfedale,carry,2
Ath17,Wharfedale,gls,2
Ath17,Wharfedale,linebreak,0
Ath17,Wharfedale,defender beaten,0
Ath18,Durham Uni,try,0
Ath18,Durham Uni,try assist,0
Ath18,Durham Uni,tackle,1
Ath18,Durham Uni,dominant tackle,0
Ath18,Durham Uni,missed tackle,0
Ath18,Durham Uni,carry,2
Ath18,Durham Uni,gls,0
Ath18,Durham Uni,linebreak,1
Ath18,Durham Uni,defender beaten,1
Ath18,Hull,try,0
Ath18,Hull,try assist,0
Ath18,Hull,tackle,11
Ath18,Hull,dominant tackle,1
Ath18,Hull,missed tackle,4
Ath18,Hull,carry,4
Ath18,Hull,gls,2
Ath18,Hull,linebreak,0
Ath18,Hull,defender beaten,0
Ath18,Hull I's,try,0
Ath18,Hull I's,try assist,0
Ath18,Hull I's,tackle,4
Ath18,Hull I's,dominant tackle,0
Ath18,Hull I's,missed tackle,1
Ath18,Hull I's,carry,0
Ath18,Hull I's,gls,0
Ath18,Hull I's,linebreak,0
Ath18,Hull I's,defender beaten,0
Ath18,Leeds,try,0
Ath18,Leeds,try assist,0
Ath18,Leeds,tackle,13
Ath18,Leeds,dominant tackle,0
Ath18,Leeds,missed tackle,3
Ath18,Leeds,carry,4
Ath18,Leeds,gls,1
Ath18,Leeds,linebreak,0
Ath18,Leeds,defender beaten,0
Ath18,Otley,try,0
Ath18,Otley,try assist,0
Ath18,Otley,tackle,4
Ath18,Otley,dominant tackle,0
Ath18,Otley,missed tackle,2
Ath18,Otley,carry,2
Ath18,Otley,gls,1
Ath18,Otley,linebreak,0
Ath18,Otley,defender beaten,0
Ath18,Sheffield,try,0
Ath18,Sheffield,try assist,0
Ath18,Sheffield,tackle,3
Ath18,Sheffield,dominant tackle,0
Ath18,Sheffield,missed tackle,1
Ath18,Sheffield,carry,0
Ath18,Sheffield,gls,0
Ath18,Sheffield,linebreak,0
Ath18,Sheffield,defender beaten,0
Ath18,Sheffield Tigers,try,0
Ath18,Sheffield Tigers,try assist,0
Ath18,Sheffield Tigers,tackle,0
Ath18,Sheffield Tigers,dominant tackle,0
Ath18,Sheffield Tigers,missed tackle,0
Ath18,Sheffield Tigers,carry,1
Ath18,Sheffield Tigers,gls,0
Ath18,Sheffield Tigers,linebreak,0
Ath18,Sheffield Tigers,defender beaten,0
Ath18,Tynedale (H),try,0
Ath18,Tynedale (H),try assist,0
Ath18,Tynedale (H),tackle,6
Ath18,Tynedale (H),dominant tackle,0
Ath18,Tynedale (H),missed tackle,2
Ath18,Tynedale (H),carry,0
Ath18,Tynedale (H),gls,0
Ath18,Tynedale (H),linebreak,0
Ath18,Tynedale (H),defender beaten,0
Ath18,Wharfedale,try,0
Ath18,Wharfedale,try assist,0
Ath18,Wharfedale,tackle,5
Ath18,Wharfedale,dominant tackle,0
Ath18,Wharfedale,missed tackle,1
Ath18,Wharfedale,carry,1
Ath18,Wharfedale,gls,1
Ath18,Wharfedale,linebreak,0
Ath18,Wharfedale,defender beaten,1
Ath19,Durham Uni,try,0
Ath19,Durham Uni,try assist,0
Ath19,Durham Uni,tackle,1
Ath19,Durham Uni,dominant tackle,0
Ath19,Durham Uni,missed tackle,1
Ath19,Durham Uni,carry,1
Ath19,Durham Uni,gls,0
Ath19,Durham Uni,linebreak,0
Ath19,Durham Uni,defender beaten,0
Ath19,Tynedale,try,0
Ath19,Tynedale,try assist,0
Ath19,Tynedale,tackle,2
Ath19,Tynedale,dominant tackle,0
Ath19,Tynedale,missed tackle,1
Ath19,Tynedale,carry,0
Ath19,Tynedale,gls,0
Ath19,Tynedale,linebreak,0
Ath19,Tynedale,defender beaten,0
Ath2,Chester,try,0
Ath2,Chester,try assist,0
Ath2,Chester,tackle,8
Ath2,Chester,dominant tackle,0
Ath2,Chester,missed tackle,1
Ath2,Chester,carry,2
Ath2,Chester,gls,1
Ath2,Chester,linebreak,0
Ath2,Chester,defender beaten,0
Ath2,Durham Uni,try,0
Ath2,Durham Uni,try assist,0
Ath2,Durham Uni,tackle,3
Ath2,Durham Uni,dominant tackle,0
Ath2,Durham Uni,missed tackle,0
Ath2,Durham Uni,carry,1
Ath2,Durham Uni,gls,1
Ath2,Durham Uni,linebreak,0
Ath2,Durham Uni,defender beaten,0
Ath2,Harrogate,try,0
Ath2,Harrogate,try assist,0
Ath2,Harrogate,tackle,13
Ath2,Harrogate,dominant tackle,1
Ath2,Harrogate,missed tackle,2
Ath2,Harrogate,carry,6
Ath2,Harrogate,gls,2
Ath2,Harrogate,linebreak,0
Ath2,Harrogate,defender beaten,3
Ath2,Hull,try,0
Ath2,Hull,try assist,0
Ath2,Hull,tackle,6
Ath2,Hull,dominant tackle,0
Ath2,Hull,missed tackle,2
Ath2,Hull,carry,0
Ath2,Hull,gls,0
Ath2,Hull,linebreak,0
Ath2,Hull,defender beaten,0
Ath2,Hull (H),try,0
Ath2,Hull (H),try assist,0
Ath2,Hull (H),tackle,16
Ath2,Hull (H),dominant tackle,0
Ath2,Hull (H),missed tackle,1
Ath2,Hull (H),carry,0
Ath2,Hull (H),gls,0
Ath2,Hull (H),linebreak,1
Ath2,Hull (H),defender beaten,0
Ath2,Hull I's,try,0
Ath2,Hull I's,try assist,0
Ath2,Hull I's,tackle,13
Ath2,Hull I's,dominant tackle,1
Ath2,Hull I's,missed tackle,1
Ath2,Hull I's,carry,1
Ath2,Hull I's,gls,0
Ath2,Hull I's,linebreak,0
Ath2,Hull I's,defender beaten,0
Ath2,Leeds,try,0
Ath2,Leeds,try assist,0
Ath2,Leeds,tackle,5
Ath2,Leeds,dominant tackle,0
Ath2,Leeds,missed tackle,1
Ath2,Leeds,carry,1
Ath2,Leeds,gls,0
Ath2,Leeds,linebreak,0
Ath2,Leeds,defender beaten,1
Ath2,Lymm,try,1
Ath2,Lymm,try assist,0
Ath2,Lymm,tackle,7
Ath2,Lymm,dominant tackle,0
Ath2,Lymm,missed tackle,1
Ath2,Lymm,carry,1
Ath2,Lymm,gls,0
Ath2,Lymm,linebreak,0
Ath2,Lymm,defender beaten,0
Ath2,Otley,try,0
Ath2,Otley,try assist,0
Ath2,Otley,tackle,18
Ath2,Otley,dominant tackle,0
Ath2,Otley,missed tackle,2
Ath2,Otley,carry,3
Ath2,Otley,gls,1
Ath2,Otley,linebreak,0
Ath2,Otley,defender beaten,0
Ath2,Preston,try,0
Ath2,Preston,try assist,0
Ath2,Preston,tackle,8
Ath2,Preston,dominant tackle,1
Ath2,Preston,missed tackle,1
Ath2,Preston,carry,0
Ath2,Preston,gls,0
Ath2,Preston,linebreak,0
Ath2,Preston,defender beaten,0
Ath2,Sheffield,try,0
Ath2,Sheffield,try assist,0
Ath2,Sheffield,tackle,5
Ath2,Sheffield,dominant tackle,0
Ath2,Sheffield,missed tackle,2
Ath2,Sheffield,carry,2
Ath2,Sheffield,gls,1
Ath2,Sheffield,linebreak,0
Ath2,Sheffield,defender beaten,0
Ath2,Sheffield Tigers,try,0
Ath2,Sheffield Tigers,try assist,0
Ath2,Sheffield Tigers,tackle,16
Ath2,Sheffield Tigers,dominant tackle,1
Ath2,Sheffield Tigers,missed tackle,2
Ath2,Sheffield Tigers,carry,5
Ath2,Sheffield Tigers,gls,2
Ath2,Sheffield Tigers,linebreak,0
Ath2,Sheffield Tigers,defender beaten,0
Ath2,Tynedale,try,0
Ath2,Tynedale,try assist,0
Ath2,Tynedale,tackle,12
Ath2,Tynedale,dominant tackle,0
Ath2,Tynedale,missed tackle,3
Ath2,Tynedale,carry,3
Ath2,Tynedale,gls,1
Ath2,Tynedale,linebreak,0
Ath2,Tynedale,defender beaten,0
Ath2,Tynedale (H),try,0
Ath2,Tynedale (H),try assist,0
Ath2,Tynedale (H),tackle,11
Ath2,Tynedale (H),dominant tackle,0
Ath2,Tynedale (H),missed tackle,1
Ath2,Tynedale (H),carry,3
Ath2,Tynedale (H),gls,1
Ath2,Tynedale (H),linebreak,0
Ath2,Tynedale (H),defender beaten,0
Ath2,Wharfedale,try,0
Ath2,Wharfedale,try assist,0
Ath2,Wharfedale,tackle,9
Ath2,Wharfedale,dominant tackle,1
Ath2,Wharfedale,missed tackle,1
Ath2,Wharfedale,carry,2
Ath2,Wharfedale,gls,0
Ath2,Wharfedale,linebreak,0
Ath2,Wharfedale,defender beaten,0
Ath20,Durham Uni,try,0
Ath20,Durham Uni,try assist,0
Ath20,Durham Uni,tackle,5
Ath20,Durham Uni,dominant tackle,0
Ath20,Durham Uni,missed tackle,0
Ath20,Durham Uni,carry,7
Ath20,Durham Uni,gls,5
Ath20,Durham Uni,linebreak,0
Ath20,Durham Uni,defender beaten,0
Ath20,Hull (H),try,0
Ath20,Hull (H),try assist,1
Ath20,Hull (H),tackle,12
Ath20,Hull (H),dominant tackle,0
Ath20,Hull (H),missed tackle,1
Ath20,Hull (H),carry,6
Ath20,Hull (H),gls,4
Ath20,Hull (H),linebreak,0
Ath20,Hull (H),defender beaten,0
Ath20,Hull I's,try,0
Ath20,Hull I's,try assist,0
Ath20,Hull I's,tackle,12
Ath20,Hull I's,dominant tackle,0
Ath20,Hull I's,missed tackle,3
Ath20,Hull I's,carry,5
Ath20,Hull I's,gls,2
Ath20,Hull I's,linebreak,0
Ath20,Hull I's,defender beaten,1
Ath20,Lymm,try,1
Ath20,Lymm,try assist,0
Ath20,Lymm,tackle,8
Ath20,Lymm,dominant tackle,0
Ath20,Lymm,missed tackle,3
Ath20,Lymm,carry,1
Ath20,Lymm,gls,0
Ath20,Lymm,linebreak,1
Ath20,Lymm,defender beaten,0
Ath20,Tynedale,try,0
Ath20,Tynedale,try assist,0
Ath20,Tynedale,tackle,6
Ath20,Tynedale,dominant tackle,2
Ath20,Tynedale,missed tackle,0
Ath20,Tynedale,carry,3
Ath20,Tynedale,gls,1
Ath20,Tynedale,linebreak,0
Ath20,Tynedale,defender beaten,1
Ath21,Durham Uni,try,0
Ath21,Durham Uni,try assist,0
Ath21,Durham Uni,tackle,0
Ath21,Durham Uni,dominant tackle,0
Ath21,Durham Uni,missed tackle,0
Ath21,Durham Uni,carry,5
Ath21,Durham Uni,gls,0
Ath21,Durham Uni,linebreak,0
Ath21,Durham Uni,defender beaten,0
Ath22,Chester,try,1
Ath22,Chester,try assist,0
Ath22,Chester,tackle,5
Ath22,Chester,dominant tackle,0
Ath22,Chester,missed tackle,3
Ath22,Chester,carry,1
Ath22,Chester,gls,0
Ath22,Chester,linebreak,1
Ath22,Chester,defender beaten,0
Ath22,Durham Uni,try,1
Ath22,Durham Uni,try assist,0
Ath22,Durham Uni,tackle,2
Ath22,Durham Uni,dominant tackle,0
Ath22,Durham Uni,missed tackle,1
Ath22,Durham Uni,carry,3
Ath22,Durham Uni,gls,0
Ath22,Durham Uni,linebreak,0
Ath22,Durham Uni,defender beaten,1
Ath22,Harrogate,try,0
Ath22,Harrogate,try assist,0
Ath22,Harrogate,tackle,1
Ath22,Harrogate,dominant tackle,0
Ath22,Harrogate,missed tackle,0
Ath22,Harrogate,carry,1
Ath22,Harrogate,gls,0
Ath22,Harrogate,linebreak,0
Ath22,Harrogate,defender beaten,0
Ath22,Hull,try,1
Ath22,Hull,try assist,1
Ath22,Hull,tackle,0
Ath22,Hull,dominant tackle,0
Ath22,Hull,missed tackle,0
Ath22,Hull,carry,5
Ath22,Hull,gls,2
Ath22,Hull,linebreak,0
Ath22,Hull,defender beaten,0
Ath22,Hull (H),try,0
Ath22,Hull (H),try assist,0
Ath22,Hull (H),tackle,1
Ath22,Hull (H),dominant tackle,0
Ath22,Hull (H),missed tackle,1
Ath22,Hull (H),carry,0
Ath22,Hull (H),gls,0
Ath22,Hull (H),linebreak,0
Ath22,Hull (H),defender beaten,0
Ath22,Hull I's,try,0
Ath22,Hull I's,try assist,0
Ath22,Hull I's,tackle,0
Ath22,Hull I's,dominant tackle,0
Ath22,Hull I's,missed tackle,0
Ath22,Hull I's,carry,0
Ath22,Hull I's,gls,0
Ath22,Hull I's,linebreak,0
Ath22,Hull I's,defender beaten,0
Ath22,Leeds,try,0
Ath22,Leeds,try assist,0
Ath22,Leeds,tackle,5
Ath22,Leeds,dominant tackle,0
Ath22,Leeds,missed tackle,3
Ath22,Leeds,carry,0
Ath22,Leeds,gls,0
Ath22,Leeds,linebreak,0
Ath22,Leeds,defender beaten,0
Ath22,Lymm,try,0
Ath22,Lymm,try assist,1
Ath22,Lymm,tackle,5
Ath22,Lymm,dominant tackle,0
Ath22,Lymm,missed tackle,5
Ath22,Lymm,carry,1
Ath22,Lymm,gls,1
Ath22,Lymm,linebreak,0
Ath22,Lymm,defender beaten,0
Ath22,Otley,try,0
Ath22,Otley,try assist,0
Ath22,Otley,tackle,1
Ath22,Otley,dominant tackle,0
Ath22,Otley,missed tackle,0
Ath22,Otley,carry,0
Ath22,Otley,gls,0
Ath22,Otley,linebreak,0
Ath22,Otley,defender beaten,0
Ath22,Preston,try,1
Ath22,Preston,try assist,0
Ath22,Preston,tackle,2
Ath22,Preston,dominant tackle,0
Ath22,Preston,missed tackle,2
Ath22,Preston,carry,2
Ath22,Preston,gls,1
Ath22,Preston,linebreak,1
Ath22,Preston,defender beaten,1
Ath22,Sheffield,try,0
Ath22,Sheffield,try assist,0
Ath22,Sheffield,tackle,7
Ath22,Sheffield,dominant tackle,0
Ath22,Sheffield,missed tackle,3
Ath22,Sheffield,carry,4
Ath22,Sheffield,gls,0
Ath22,Sheffield,linebreak,0
Ath22,Sheffield,defender beaten,1
Ath22,Tynedale,try,0
Ath22,Tynedale,try assist,0
Ath22,Tynedale,tackle,2
Ath22,Tynedale,dominant tackle,0
Ath22,Tynedale,missed tackle,0
Ath22,Tynedale,carry,1
Ath22,Tynedale,gls,0
Ath22,Tynedale,linebreak,0
Ath22,Tynedale,defender beaten,0
Ath22,Tynedale (H),try,0
Ath22,Tynedale (H),try assist,0
Ath22,Tynedale (H),tackle,7
Ath22,Tynedale (H),dominant tackle,0
Ath22,Tynedale (H),missed tackle,2
Ath22,Tynedale (H),carry,0
Ath22,Tynedale (H),gls,0
Ath22,Tynedale (H),linebreak,0
Ath22,Tynedale (H),defender beaten,0
Ath22,Wharfedale,try,2
Ath22,Wharfedale,try assist,0
Ath22,Wharfedale,tackle,2
Ath22,Wharfedale,dominant tackle,0
Ath22,Wharfedale,missed tackle,0
Ath22,Wharfedale,carry,3
Ath22,Wharfedale,gls,1
Ath22,Wharfedale,linebreak,0
Ath22,Wharfedale,defender beaten,3
Ath23,Chester,try,0
Ath23,Chester,try assist,0
Ath23,Chester,tackle,1
Ath23,Chester,dominant tackle,0
Ath23,Chester,missed tackle,0
Ath23,Chester,carry,2
Ath23,Chester,gls,0
Ath23,Chester,linebreak,0
Ath23,Chester,defender beaten,0
Ath23,Durham Uni,try,0
Ath23,Durham Uni,try assist,0
Ath23,Durham Uni,tackle,0
Ath23,Durham Uni,dominant tackle,0
Ath23,Durham Uni,missed tackle,0
Ath23,Durham Uni,carry,3
Ath23,Durham Uni,gls,1
Ath23,Durham Uni,linebreak,0
Ath23,Durham Uni,defender beaten,0
Ath23,Hull,try,0
Ath23,Hull,try assist,0
Ath23,Hull,tackle,4
Ath23,Hull,dominant tackle,0
Ath23,Hull,missed tackle,3
Ath23,Hull,carry,2
Ath23,Hull,gls,0
Ath23,Hull,linebreak,1
Ath23,Hull,defender beaten,0
Ath23,Hull (H),try,0
Ath23,Hull (H),try assist,0
Ath23,Hull (H),tackle,3
Ath23,Hull (H),dominant tackle,0
Ath23,Hull (H),missed tackle,0
Ath23,Hull (H),carry,4
Ath23,Hull (H),gls,3
Ath23,Hull (H),linebreak,1
Ath23,Hull (H),defender beaten,1
Ath23,Sheffield,try,0
Ath23,Sheffield,try assist,0
Ath23,Sheffield,tackle,2
Ath23,Sheffield,dominant tackle,0
Ath23,Sheffield,missed tackle,0
Ath23,Sheffield,carry,3
Ath23,Sheffield,gls,1
Ath23,Sheffield,linebreak,0
Ath23,Sheffield,defender beaten,0
Ath23,Sheffield Tigers,try,0
Ath23,Sheffield Tigers,try assist,0
Ath23,Sheffield Tigers,tackle,2
Ath23,Sheffield Tigers,dominant tackle,0
Ath23,Sheffield Tigers,missed tackle,0
Ath23,Sheffield Tigers,carry,5
Ath23,Sheffield Tigers,gls,1
Ath23,Sheffield Tigers,linebreak,0
Ath23,Sheffield Tigers,defender beaten,0
Ath23,Tynedale (H),try,1
Ath23,Tynedale (H),try assist,0
Ath23,Tynedale (H),tackle,7
Ath23,Tynedale (H),dominant tackle,0
Ath23,Tynedale (H),missed tackle,1
Ath23,Tynedale (H),carry,2
Ath23,Tynedale (H),gls,1
Ath23,Tynedale (H),linebreak,1
Ath23,Tynedale (H),defender beaten,0
Ath24,Chester,try,0
Ath24,Chester,try assist,0
Ath24,Chester,tackle,5
Ath24,Chester,dominant tackle,0
Ath24,Chester,missed tackle,0
Ath24,Chester,carry,2
Ath24,Chester,gls,2
Ath24,Chester,linebreak,1
Ath24,Chester,defender beaten,0
Ath24,Durham Uni,try,0
Ath24,Durham Uni,try assist,0
Ath24,Durham Uni,tackle,0
Ath24,Durham Uni,dominant tackle,0
Ath24,Durham Uni,missed tackle,0
Ath24,Durham Uni,carry,1
Ath24,Durham Uni,gls,0
Ath24,Durham Uni,linebreak,0
Ath24,Durham Uni,defender beaten,0
Ath24,Hull,try,0
Ath24,Hull,try assist,0
Ath24,Hull,tackle,3
Ath24,Hull,dominant tackle,0
Ath24,Hull,missed tackle,1
Ath24,Hull,carry,4
Ath24,Hull,gls,2
Ath24,Hull,linebreak,0
Ath24,Hull,defender beaten,0
Ath24,Hull (H),try,0
Ath24,Hull (H),try assist,0
Ath24,Hull (H),tackle,2
Ath24,Hull (H),dominant tackle,0
Ath24,Hull (H),missed tackle,1
Ath24,Hull (H),carry,2
Ath24,Hull (H),gls,0
Ath24,Hull (H),linebreak,0
Ath24,Hull (H),defender beaten,0
Ath24,Hull I's,try,0
Ath24,Hull I's,try assist,0
Ath24,Hull I's,tackle,2
Ath24,Hull I's,dominant tackle,0
Ath24,Hull I's,missed tackle,0
Ath24,Hull I's,carry,4
Ath24,Hull I's,gls,3
Ath24,Hull I's,linebreak,0
Ath24,Hull I's,defender beaten,0
Ath24,Leeds,try,0
Ath24,Leeds,try assist,0
Ath24,Leeds,tackle,3
Ath24,Leeds,dominant tackle,0
Ath24,Leeds,missed tackle,1
Ath24,Leeds,carry,3
Ath24,Leeds,gls,1
Ath24,Leeds,linebreak,0
Ath24,Leeds,defender beaten,0
Ath24,Lymm,try,1
Ath24,Lymm,try assist,0
Ath24,Lymm,tackle,5
Ath24,Lymm,dominant tackle,0
Ath24,Lymm,missed tackle,1
Ath24,Lymm,carry,3
Ath24,Lymm,gls,1
Ath24,Lymm,linebreak,1
Ath24,Lymm,defender beaten,2
Ath24,Preston,try,1
Ath24,Preston,try assist,0
Ath24,Preston,tackle,5
Ath24,Preston,dominant tackle,0
Ath24,Preston,missed tackle,1
Ath24,Preston,carry,3
Ath24,Preston,gls,2
Ath24,Preston,linebreak,0
Ath24,Preston,defender beaten,0
Ath24,Sheffield Tigers,try,0
Ath24,Sheffield Tigers,try assist,0
Ath24,Sheffield Tigers,tackle,7
Ath24,Sheffield Tigers,dominant tackle,0
Ath24,Sheffield Tigers,missed tackle,3
Ath24,Sheffield Tigers,carry,4
Ath24,Sheffield Tigers,gls,3
Ath24,Sheffield Tigers,linebreak,1
Ath24,Sheffield Tigers,defender beaten,1
Ath24,Tynedale (H),try,1
Ath24,Tynedale (H),try assist,0
Ath24,Tynedale (H),tackle,10
Ath24,Tynedale (H),dominant tackle,0
Ath24,Tynedale (H),missed tackle,3
Ath24,Tynedale (H),carry,1
Ath24,Tynedale (H),gls,0
Ath24,Tynedale (H),linebreak,1
Ath24,Tynedale (H),defender beaten,3
Ath25,Chester,try,0
Ath25,Chester,try assist,0
Ath25,Chester,tackle,0
Ath25,Chester,dominant tackle,0
Ath25,Chester,missed tackle,0
Ath25,Chester,carry,3
Ath25,Chester,gls,0
Ath25,Chester,linebreak,0
Ath25,Chester,defender beaten,0
Ath25,Durham Uni,try,0
Ath25,Durham Uni,try assist,0
Ath25,Durham Uni,tackle,0
Ath25,Durham Uni,dominant tackle,0
Ath25,Durham Uni,missed tackle,0
Ath25,Durham Uni,carry,2
Ath25,Durham Uni,gls,1
Ath25,Durham Uni,linebreak,0
Ath25,Durham Uni,defender beaten,2
Ath25,Hull I's,try,0
Ath25,Hull I's,try assist,0
Ath25,Hull I's,tackle,2
Ath25,Hull I's,dominant tackle,0
Ath25,Hull I's,missed tackle,0
Ath25,Hull I's,carry,0
Ath25,Hull I's,gls,0
Ath25,Hull I's,linebreak,0
Ath25,Hull I's,defender beaten,0
Ath25,Leeds,try,0
Ath25,Leeds,try assist,1
Ath25,Leeds,tackle,1
Ath25,Leeds,dominant tackle,0
Ath25,Leeds,missed tackle,0
Ath25,Leeds,carry,2
Ath25,Leeds,gls,1
Ath25,Leeds,linebreak,0
Ath25,Leeds,defender beaten,0
Ath25,Lymm,try,0
Ath25,Lymm,try assist,0
Ath25,Lymm,tackle,1
Ath25,Lymm,dominant tackle,0
Ath25,Lymm,missed tackle,0
Ath25,Lymm,carry,5
Ath25,Lymm,gls,1
Ath25,Lymm,linebreak,0
Ath25,Lymm,defender beaten,2
Ath25,Preston,try,0
Ath25,Preston,try assist,0
Ath25,Preston,tackle,1
Ath25,Preston,dominant tackle,0
Ath25,Preston,missed tackle,1
Ath25,Preston,carry,1
Ath25,Preston,gls,1
Ath25,Preston,linebreak,0
Ath25,Preston,defender beaten,0
Ath25,Wharfedale,try,0
Ath25,Wharfedale,try assist,0
Ath25,Wharfedale,tackle,4
Ath25,Wharfedale,dominant tackle,0
Ath25,Wharfedale,missed tackle,2
Ath25,Wharfedale,carry,1
Ath25,Wharfedale,gls,0
Ath25,Wharfedale,linebreak,0
Ath25,Wharfedale,defender beaten,0
Ath26,Tynedale (H),try,0
Ath26,Tynedale (H),try assist,0
Ath26,Tynedale (H),tackle,0
Ath26,Tynedale (H),dominant tackle,0
Ath26,Tynedale (H),missed tackle,0
Ath26,Tynedale (H),carry,0
Ath26,Tynedale (H),gls,0
Ath26,Tynedale (H),linebreak,0
Ath26,Tynedale (H),defender beaten,1
Ath27,Durham Uni,try,0
Ath27,Durham Uni,try assist,0
Ath27,Durham Uni,tackle,3
Ath27,Durham Uni,dominant tackle,1
Ath27,Durham Uni,missed tackle,0
Ath27,Durham Uni,carry,7
Ath27,Durham Uni,gls,5
Ath27,Durham Uni,linebreak,1
Ath27,Durham Uni,defender beaten,5
Ath27,Harrogate,try,0
Ath27,Harrogate,try assist,0
Ath27,Harrogate,tackle,4
Ath27,Harrogate,dominant tackle,0
Ath27,Harrogate,missed tackle,2
Ath27,Harrogate,carry,2
Ath27,Harrogate,gls,1
Ath27,Harrogate,linebreak,0
Ath27,Harrogate,defender beaten,1
Ath27,Lymm,try,1
Ath27,Lymm,try assist,0
Ath27,Lymm,tackle,2
Ath27,Lymm,dominant tackle,0
Ath27,Lymm,missed tackle,2
Ath27,Lymm,carry,10
Ath27,Lymm,gls,8
Ath27,Lymm,linebreak,0
Ath27,Lymm,defender beaten,7
Ath29,Chester,try,0
Ath29,Chester,try assist,0
Ath29,Chester,tackle,7
Ath29,Chester,dominant tackle,0
Ath29,Chester,missed tackle,1
Ath29,Chester,carry,6
Ath29,Chester,gls,1
Ath29,Chester,linebreak,0
Ath29,Chester,defender beaten,1
Ath29,Harrogate,try,1
Ath29,Harrogate,try assist,0
Ath29,Harrogate,tackle,16
Ath29,Harrogate,dominant tackle,2
Ath29,Harrogate,missed tackle,0
Ath29,Harrogate,carry,9
Ath29,Harrogate,gls,4
Ath29,Harrogate,linebreak,1
Ath29,Harrogate,defender beaten,1
Ath29,Hull (H),try,1
Ath29,Hull (H),try assist,0
Ath29,Hull (H),tackle,10
Ath29,Hull (H),dominant tackle,0
Ath29,Hull (H),missed tackle,1
Ath29,Hull (H),carry,11
Ath29,Hull (H),gls,7
Ath29,Hull (H),linebreak,0
Ath29,Hull (H),defender beaten,1
Ath29,Leeds,try,1
Ath29,Leeds,try assist,0
Ath29,Leeds,tackle,7
Ath29,Leeds,dominant tackle,0
Ath29,Leeds,missed tackle,2
Ath29,Leeds,carry,12
Ath29,Leeds,gls,8
Ath29,Leeds,linebreak,0
Ath29,Leeds,defender beaten,0
Ath29,Lymm,try,0
Ath29,Lymm,try assist,0
Ath29,Lymm,tackle,14
Ath29,Lymm,dominant tackle,1
Ath29,Lymm,missed tackle,1
Ath29,Lymm,carry,12
Ath29,Lymm,gls,5
Ath29,Lymm,linebreak,0
Ath29,Lymm,defender beaten,0
Ath29,Otley,try,0
Ath29,Otley,try assist,0
Ath29,Otley,tackle,16
Ath29,Otley,dominant tackle,0
Ath29,Otley,missed tackle,0
Ath29,Otley,carry,8
Ath29,Otley,gls,2
Ath29,Otley,linebreak,0
Ath29,Otley,defender beaten,2
Ath29,Sheffield,try,0
Ath29,Sheffield,try assist,0
Ath29,Sheffield,tackle,8
Ath29,Sheffield,dominant tackle,0
Ath29,Sheffield,missed tackle,4
Ath29,Sheffield,carry,15
Ath29,Sheffield,gls,8
Ath29,Sheffield,linebreak,0
Ath29,Sheffield,defender beaten,4
Ath29,Sheffield Tigers,try,1
Ath29,Sheffield Tigers,try assist,0
Ath29,Sheffield Tigers,tackle,14
Ath29,Sheffield Tigers,dominant tackle,0
Ath29,Sheffield Tigers,missed tackle,1
Ath29,Sheffield Tigers,carry,15
Ath29,Sheffield Tigers,gls,10
Ath29,Sheffield Tigers,linebreak,0
Ath29,Sheffield Tigers,defender beaten,4
Ath29,Tynedale,try,0
Ath29,Tynedale,try assist,0
Ath29,Tynedale,tackle,14
Ath29,Tynedale,dominant tackle,1
Ath29,Tynedale,missed tackle,4
Ath29,Tynedale,carry,15
Ath29,Tynedale,gls,6
Ath29,Tynedale,linebreak,0
Ath29,Tynedale,defender beaten,3
Ath29,Tynedale (H),try,0
Ath29,Tynedale (H),try assist,0
Ath29,Tynedale (H),tackle,10
Ath29,Tynedale (H),dominant tackle,0
Ath29,Tynedale (H),missed tackle,1
Ath29,Tynedale (H),carry,11
Ath29,Tynedale (H),gls,3
Ath29,Tynedale (H),linebreak,0
Ath29,Tynedale (H),defender beaten,2
Ath29,Wharfedale,try,0
Ath29,Wharfedale,try assist,0
Ath29,Wharfedale,tackle,11
Ath29,Wharfedale,dominant tackle,1
Ath29,Wharfedale,missed tackle,0
Ath29,Wharfedale,carry,10
Ath29,Wharfedale,gls,5
Ath29,Wharfedale,linebreak,0
Ath29,Wharfedale,defender beaten,2
Ath3,Chester,try,0
Ath3,Chester,try assist,0
Ath3,Chester,tackle,6
Ath3,Chester,dominant tackle,0
Ath3,Chester,missed tackle,0
Ath3,Chester,carry,1
Ath3,Chester,gls,1
Ath3,Chester,linebreak,0
Ath3,Chester,defender beaten,0
Ath3,Durham Uni,try,0
Ath3,Durham Uni,try assist,0
Ath3,Durham Uni,tackle,2
Ath3,Durham Uni,dominant tackle,0
Ath3,Durham Uni,missed tackle,1
Ath3,Durham Uni,carry,7
Ath3,Durham Uni,gls,3
Ath3,Durham Uni,linebreak,0
Ath3,Durham Uni,defender beaten,2
Ath3,Harrogate,try,0
Ath3,Harrogate,try assist,0
Ath3,Harrogate,tackle,7
Ath3,Harrogate,dominant tackle,0
Ath3,Harrogate,missed tackle,1
Ath3,Harrogate,carry,1
Ath3,Harrogate,gls,1
Ath3,Harrogate,linebreak,0
Ath3,Harrogate,defender beaten,0
Ath3,Hull (H),try,0
Ath3,Hull (H),try assist,0
Ath3,Hull (H),tackle,5
Ath3,Hull (H),dominant tackle,0
Ath3,Hull (H),missed tackle,1
Ath3,Hull (H),carry,1
Ath3,Hull (H),gls,1
Ath3,Hull (H),linebreak,0
Ath3,Hull (H),defender beaten,1
Ath3,Lymm,try,0
Ath3,Lymm,try assist,0
Ath3,Lymm,tackle,3
Ath3,Lymm,dominant tackle,0
Ath3,Lymm,missed tackle,0
Ath3,Lymm,carry,3
Ath3,Lymm,gls,1
Ath3,Lymm,linebreak,1
Ath3,Lymm,defender beaten,0
Ath3,Otley,try,0
Ath3,Otley,try assist,0
Ath3,Otley,tackle,3
Ath3,Otley,dominant tackle,0
Ath3,Otley,missed tackle,0
Ath3,Otley,carry,1
Ath3,Otley,gls,0
Ath3,Otley,linebreak,0
Ath3,Otley,defender beaten,0
Ath3,Preston,try,0
Ath3,Preston,try assist,0
Ath3,Preston,tackle,3
Ath3,Preston,dominant tackle,0
Ath3,Preston,missed tackle,0
Ath3,Preston,carry,10
Ath3,Preston,gls,4
Ath3,Preston,linebreak,0
Ath3,Preston,defender beaten,6
Ath3,Sheffield Tigers,try,0
Ath3,Sheffield Tigers,try assist,0
Ath3,Sheffield Tigers,tackle,3
Ath3,Sheffield Tigers,dominant tackle,0
Ath3,Sheffield Tigers,missed tackle,0
Ath3,Sheffield Tigers,carry,8
Ath3,Sheffield Tigers,gls,4
Ath3,Sheffield Tigers,linebreak,0
Ath3,Sheffield Tigers,defender beaten,1
Ath3,Tynedale,try,0
Ath3,Tynedale,try assist,1
Ath3,Tynedale,tackle,5
Ath3,Tynedale,dominant tackle,0
Ath3,Tynedale,missed tackle,0
Ath3,Tynedale,carry,7
Ath3,Tynedale,gls,6
Ath3,Tynedale,linebreak,0
Ath3,Tynedale,defender beaten,4
Ath3,Tynedale (H),try,0
Ath3,Tynedale (H),try assist,0
Ath3,Tynedale (H),tackle,3
Ath3,Tynedale (H),dominant tackle,0
Ath3,Tynedale (H),missed tackle,2
Ath3,Tynedale (H),carry,1
Ath3,Tynedale (H),gls,0
Ath3,Tynedale (H),linebreak,0
Ath3,Tynedale (H),defender beaten,0
Ath31,Hull,try,0
Ath31,Hull,try assist,0
Ath31,Hull,tackle,10
Ath31,Hull,dominant tackle,1
Ath31,Hull,missed tackle,2
Ath31,Hull,carry,3
Ath31,Hull,gls,3
Ath31,Hull,linebreak,0
Ath31,Hull,defender beaten,0
Ath31,Hull I's,try,0
Ath31,Hull I's,try assist,0
Ath31,Hull I's,tackle,8
Ath31,Hull I's,dominant tackle,2
Ath31,Hull I's,missed tackle,2
Ath31,Hull I's,carry,6
Ath31,Hull I's,gls,4
Ath31,Hull I's,linebreak,0
Ath31,Hull I's,defender beaten,6
Ath31,Leeds,try,0
Ath31,Leeds,try assist,0
Ath31,Leeds,tackle,15
Ath31,Leeds,dominant tackle,1
Ath31,Leeds,missed tackle,4
Ath31,Leeds,carry,9
Ath31,Leeds,gls,4
Ath31,Leeds,linebreak,0
Ath31,Leeds,defender beaten,5
Ath31,Sheffield Tigers,try,0
Ath31,Sheffield Tigers,try assist,0
Ath31,Sheffield Tigers,tackle,6
Ath31,Sheffield Tigers,dominant tackle,0
Ath31,Sheffield Tigers,missed tackle,0
Ath31,Sheffield Tigers,carry,3
Ath31,Sheffield Tigers,gls,0
Ath31,Sheffield Tigers,linebreak,0
Ath31,Sheffield Tigers,defender beaten,2
Ath31,Tynedale (H),try,0
Ath31,Tynedale (H),try assist,0
Ath31,Tynedale (H),tackle,7
Ath31,Tynedale (H),dominant tackle,0
Ath31,Tynedale (H),missed tackle,4
Ath31,Tynedale (H),carry,3
Ath31,Tynedale (H),gls,0
Ath31,Tynedale (H),linebreak,0
Ath31,Tynedale (H),defender beaten,0
Ath31,Wharfedale,try,0
Ath31,Wharfedale,try assist,0
Ath31,Wharfedale,tackle,4
Ath31,Wharfedale,dominant tackle,1
Ath31,Wharfedale,missed tackle,0
Ath31,Wharfedale,carry,0
Ath31,Wharfedale,gls,0
Ath31,Wharfedale,linebreak,0
Ath31,Wharfedale,defender beaten,0
Ath34,Leeds,try,0
Ath34,Leeds,try assist,0
Ath34,Leeds,tackle,4
Ath34,Leeds,dominant tackle,0
Ath34,Leeds,missed tackle,3
Ath34,Leeds,carry,2
Ath34,Leeds,gls,1
Ath34,Leeds,linebreak,0
Ath34,Leeds,defender beaten,0
Ath35,Chester,try,1
Ath35,Chester,try assist,0
Ath35,Chester,tackle,3
Ath35,Chester,dominant tackle,1
Ath35,Chester,missed tackle,0
Ath35,Chester,carry,5
Ath35,Chester,gls,3
Ath35,Chester,linebreak,0
Ath35,Chester,defender beaten,2
Ath35,Hull (H),try,0
Ath35,Hull (H),try assist,0
Ath35,Hull (H),tackle,4
Ath35,Hull (H),dominant tackle,0
Ath35,Hull (H),missed tackle,1
Ath35,Hull (H),carry,8
Ath35,Hull (H),gls,6
Ath35,Hull (H),linebreak,0
Ath35,Hull (H),defender beaten,4
Ath35,Hull I's,try,1
Ath35,Hull I's,try assist,0
Ath35,Hull I's,tackle,4
Ath35,Hull I's,dominant tackle,1
Ath35,Hull I's,missed tackle,0
Ath35,Hull I's,carry,6
Ath35,Hull I's,gls,4
Ath35,Hull I's,linebreak,1
Ath35,Hull I's,defender beaten,2
Ath35,Lymm,try,0
Ath35,Lymm,try assist,0
Ath35,Lymm,tackle,4
Ath35,Lymm,dominant tackle,1
Ath35,Lymm,missed tackle,0
Ath35,Lymm,carry,10
Ath35,Lymm,gls,5
Ath35,Lymm,linebreak,0
Ath35,Lymm,defender beaten,3
Ath35,Preston,try,0
Ath35,Preston,try assist,0
Ath35,Preston,tackle,1
Ath35,Preston,dominant tackle,0
Ath35,Preston,missed tackle,1
Ath35,Preston,carry,5
Ath35,Preston,gls,4
Ath35,Preston,linebreak,0
Ath35,Preston,defender beaten,1
Ath35,Tynedale (H),try,0
Ath35,Tynedale (H),try assist,0
Ath35,Tynedale (H),tackle,5
Ath35,Tynedale (H),dominant tackle,0
Ath35,Tynedale (H),missed tackle,1
Ath35,Tynedale (H),carry,5
Ath35,Tynedale (H),gls,5
Ath35,Tynedale (H),linebreak,0
Ath35,Tynedale (H),defender beaten,0
Ath36,Hull (H),try,0
Ath36,Hull (H),try assist,0
Ath36,Hull (H),tackle,6
Ath36,Hull (H),dominant tackle,0
Ath36,Hull (H),missed tackle,2
Ath36,Hull (H),carry,1
Ath36,Hull (H),gls,1
Ath36,Hull (H),linebreak,1
Ath36,Hull (H),defender beaten,1
Ath36,Lymm,try,0
Ath36,Lymm,try assist,0
Ath36,Lymm,tackle,11
Ath36,Lymm,dominant tackle,1
Ath36,Lymm,missed tackle,4
Ath36,Lymm,carry,10
Ath36,Lymm,gls,2
Ath36,Lymm,linebreak,0
Ath36,Lymm,defender beaten,1
Ath36,Preston,try,0
Ath36,Preston,try assist,0
Ath36,Preston,tackle,12
Ath36,Preston,dominant tackle,1
Ath36,Preston,missed tackle,4
Ath36,Preston,carry,6
Ath36,Preston,gls,3
Ath36,Preston,linebreak,0
Ath36,Preston,defender beaten,2
Ath36,Sheffield,try,0
Ath36,Sheffield,try assist,0
Ath36,Sheffield,tackle,18
Ath36,Sheffield,dominant tackle,0
Ath36,Sheffield,missed tackle,5
Ath36,Sheffield,carry,6
Ath36,Sheffield,gls,5
Ath36,Sheffield,linebreak,0
Ath36,Sheffield,defender beaten,2
Ath39,Chester,try,0
Ath39,Chester,try assist,0
Ath39,Chester,tackle,6
Ath39,Chester,dominant tackle,0
Ath39,Chester,missed tackle,0
Ath39,Chester,carry,1
Ath39,Chester,gls,0
Ath39,Chester,linebreak,0
Ath39,Chester,defender beaten,0
Ath39,Preston,try,0
Ath39,Preston,try assist,0
Ath39,Preston,tackle,4
Ath39,Preston,dominant tackle,0
Ath39,Preston,missed tackle,0
Ath39,Preston,carry,5
Ath39,Preston,gls,1
Ath39,Preston,linebreak,0
Ath39,Preston,defender beaten,0
Ath39,Sheffield Tigers,try,0
Ath39,Sheffield Tigers,try assist,0
Ath39,Sheffield Tigers,tackle,8
Ath39,Sheffield Tigers,dominant tackle,0
Ath39,Sheffield Tigers,missed tackle,5
Ath39,Sheffield Tigers,carry,4
Ath39,Sheffield Tigers,gls,2
Ath39,Sheffield Tigers,linebreak,0
Ath39,Sheffield Tigers,defender beaten,0
Ath39,Tynedale (H),try,0
Ath39,Tynedale (H),try assist,0
Ath39,Tynedale (H),tackle,3
Ath39,Tynedale (H),dominant tackle,0
Ath39,Tynedale (H),missed tackle,2
Ath39,Tynedale (H),carry,3
Ath39,Tynedale (H),gls,2
Ath39,Tynedale (H),linebreak,0
Ath39,Tynedale (H),defender beaten,0
Ath4,Chester,try,0
Ath4,Chester,try assist,0
Ath4,Chester,tackle,9
Ath4,Chester,dominant tackle,0
Ath4,Chester,missed tackle,1
Ath4,Chester,carry,8
Ath4,Chester,gls,0
Ath4,Chester,linebreak,0
Ath4,Chester,defender beaten,0
Ath4,Durham Uni,try,0
Ath4,Durham Uni,try assist,0
Ath4,Durham Uni,tackle,2
Ath4,Durham Uni,dominant tackle,0
Ath4,Durham Uni,missed tackle,0
Ath4,Durham Uni,carry,5
Ath4,Durham Uni,gls,2
Ath4,Durham Uni,linebreak,0
Ath4,Durham Uni,defender beaten,2
Ath4,Harrogate,try,0
Ath4,Harrogate,try assist,0
Ath4,Harrogate,tackle,3
Ath4,Harrogate,dominant tackle,0
Ath4,Harrogate,missed tackle,0
Ath4,Harrogate,carry,0
Ath4,Harrogate,gls,0
Ath4,Harrogate,linebreak,0
Ath4,Harrogate,defender beaten,0
Ath4,Hull,try,0
Ath4,Hull,try assist,0
Ath4,Hull,tackle,7
Ath4,Hull,dominant tackle,0
Ath4,Hull,missed tackle,0
Ath4,Hull,carry,3
Ath4,Hull,gls,1
Ath4,Hull,linebreak,0
Ath4,Hull,defender beaten,1
Ath4,Hull I's,try,0
Ath4,Hull I's,try assist,0
Ath4,Hull I's,tackle,0
Ath4,Hull I's,dominant tackle,0
Ath4,Hull I's,missed tackle,0
Ath4,Hull I's,carry,1
Ath4,Hull I's,gls,0
Ath4,Hull I's,linebreak,0
Ath4,Hull I's,defender beaten,0
Ath4,Leeds,try,0
Ath4,Leeds,try assist,0
Ath4,Leeds,tackle,7
Ath4,Leeds,dominant tackle,0
Ath4,Leeds,missed tackle,1
Ath4,Leeds,carry,0
Ath4,Leeds,gls,0
Ath4,Leeds,linebreak,0
Ath4,Leeds,defender beaten,0
Ath4,Lymm,try,0
Ath4,Lymm,try assist,0
Ath4,Lymm,tackle,10
Ath4,Lymm,dominant tackle,1
Ath4,Lymm,missed tackle,2
Ath4,Lymm,carry,6
Ath4,Lymm,gls,3
Ath4,Lymm,linebreak,1
Ath4,Lymm,defender beaten,1
Ath4,Otley,try,0
Ath4,Otley,try assist,0
Ath4,Otley,tackle,6
Ath4,Otley,dominant tackle,0
Ath4,Otley,missed tackle,1
Ath4,Otley,carry,1
Ath4,Otley,gls,1
Ath4,Otley,linebreak,0
Ath4,Otley,defender beaten,0
Ath4,Preston,try,0
Ath4,Preston,try assist,0
Ath4,Preston,tackle,0
Ath4,Preston,dominant tackle,0
Ath4,Preston,missed tackle,0
Ath4,Preston,carry,1
Ath4,Preston,gls,1
Ath4,Preston,linebreak,0
Ath4,Preston,defender beaten,0
Ath4,Sheffield Tigers,try,0
Ath4,Sheffield Tigers,try assist,0
Ath4,Sheffield Tigers,tackle,1
Ath4,Sheffield Tigers,dominant tackle,1
Ath4,Sheffield Tigers,missed tackle,0
Ath4,Sheffield Tigers,carry,1
Ath4,Sheffield Tigers,gls,1
Ath4,Sheffield Tigers,linebreak,0
Ath4,Sheffield Tigers,defender beaten,0
Ath4,Tynedale,try,0
Ath4,Tynedale,try assist,0
Ath4,Tynedale,tackle,1
Ath4,Tynedale,dominant tackle,0
Ath4,Tynedale,missed tackle,0
Ath4,Tynedale,carry,3
Ath4,Tynedale,gls,3
Ath4,Tynedale,linebreak,0
Ath4,Tynedale,defender beaten,1
Ath4,Wharfedale,try,0
Ath4,Wharfedale,try assist,0
Ath4,Wharfedale,tackle,2
Ath4,Wharfedale,dominant tackle,0
Ath4,Wharfedale,missed tackle,0
Ath4,Wharfedale,carry,0
Ath4,Wharfedale,gls,0
Ath4,Wharfedale,linebreak,0
Ath4,Wharfedale,defender beaten,0
Ath40,Chester,try,0
Ath40,Chester,try assist,0
Ath40,Chester,tackle,3
Ath40,Chester,dominant tackle,0
Ath40,Chester,missed tackle,0
Ath40,Chester,carry,1
Ath40,Chester,gls,0
Ath40,Chester,linebreak,0
Ath40,Chester,defender beaten,0
Ath5,Durham Uni,try,1
Ath5,Durham Uni,try assist,0
Ath5,Durham Uni,tackle,2
Ath5,Durham Uni,dominant tackle,0
Ath5,Durham Uni,missed tackle,0
Ath5,Durham Uni,carry,12
Ath5,Durham Uni,gls,9
Ath5,Durham Uni,linebreak,0
Ath5,Durham Uni,defender beaten,6
Ath5,Harrogate,try,0
Ath5,Harrogate,try assist,0
Ath5,Harrogate,tackle,8
Ath5,Harrogate,dominant tackle,1
Ath5,Harrogate,missed tackle,0
Ath5,Harrogate,carry,5
Ath5,Harrogate,gls,5
Ath5,Harrogate,linebreak,0
Ath5,Harrogate,defender beaten,2
Ath5,Hull,try,0
Ath5,Hull,try assist,0
Ath5,Hull,tackle,4
Ath5,Hull,dominant tackle,0
Ath5,Hull,missed tackle,0
Ath5,Hull,carry,5
Ath5,Hull,gls,4
Ath5,Hull,linebreak,0
Ath5,Hull,defender beaten,0
Ath5,Leeds,try,0
Ath5,Leeds,try assist,0
Ath5,Leeds,tackle,9
Ath5,Leeds,dominant tackle,0
Ath5,Leeds,missed tackle,2
Ath5,Leeds,carry,10
Ath5,Leeds,gls,6
Ath5,Leeds,linebreak,0
Ath5,Leeds,defender beaten,1
Ath5,Otley,try,0
Ath5,Otley,try assist,0
Ath5,Otley,tackle,6
Ath5,Otley,dominant tackle,0
Ath5,Otley,missed tackle,0
Ath5,Otley,carry,10
Ath5,Otley,gls,5
Ath5,Otley,linebreak,0
Ath5,Otley,defender beaten,3
Ath5,Sheffield Tigers,try,0
Ath5,Sheffield Tigers,try assist,0
Ath5,Sheffield Tigers,tackle,1
Ath5,Sheffield Tigers,dominant tackle,0
Ath5,Sheffield Tigers,missed tackle,0
Ath5,Sheffield Tigers,carry,0
Ath5,Sheffield Tigers,gls,0
Ath5,Sheffield Tigers,linebreak,0
Ath5,Sheffield Tigers,defender beaten,0
Ath5,Tynedale,try,0
Ath5,Tynedale,try assist,0
Ath5,Tynedale,tackle,5
Ath5,Tynedale,dominant tackle,0
Ath5,Tynedale,missed tackle,0
Ath5,Tynedale,carry,7
Ath5,Tynedale,gls,5
Ath5,Tynedale,linebreak,0
Ath5,Tynedale,defender beaten,3
Ath5,Wharfedale,try,0
Ath5,Wharfedale,try assist,0
Ath5,Wharfedale,tackle,5
Ath5,Wharfedale,dominant tackle,0
Ath5,Wharfedale,missed tackle,0
Ath5,Wharfedale,carry,6
Ath5,Wharfedale,gls,1
Ath5,Wharfedale,linebreak,0
Ath5,Wharfedale,defender beaten,0
Ath50,Sheffield Tigers,try,0
Ath50,Sheffield Tigers,try assist,0
Ath50,Sheffield Tigers,tackle,5
Ath50,Sheffield Tigers,dominant tackle,0
Ath50,Sheffield Tigers,missed tackle,4
Ath50,Sheffield Tigers,carry,1
Ath50,Sheffield Tigers,gls,0
Ath50,Sheffield Tigers,linebreak,0
Ath50,Sheffield Tigers,defender beaten,0
Ath50,Tynedale (H),try,0
Ath50,Tynedale (H),try assist,1
Ath50,Tynedale (H),tackle,6
Ath50,Tynedale (H),dominant tackle,0
Ath50,Tynedale (H),missed tackle,1
Ath50,Tynedale (H),carry,2
Ath50,Tynedale (H),gls,0
Ath50,Tynedale (H),linebreak,0
Ath50,Tynedale (H),defender beaten,0
Ath52,Tynedale (H),try,0
Ath52,Tynedale (H),try assist,0
Ath52,Tynedale (H),tackle,2
Ath52,Tynedale (H),dominant tackle,0
Ath52,Tynedale (H),missed tackle,0
Ath52,Tynedale (H),carry,3
Ath52,Tynedale (H),gls,1
Ath52,Tynedale (H),linebreak,0
Ath52,Tynedale (H),defender beaten,0
Ath53,Hull (H),try,0
Ath53,Hull (H),try assist,0
Ath53,Hull (H),tackle,3
Ath53,Hull (H),dominant tackle,0
Ath53,Hull (H),missed tackle,2
Ath53,Hull (H),carry,3
Ath53,Hull (H),gls,2
Ath53,Hull (H),linebreak,0
Ath53,Hull (H),defender beaten,1
Ath6,Chester,try,0
Ath6,Chester,try assist,0
Ath6,Chester,tackle,12
Ath6,Chester,dominant tackle,1
Ath6,Chester,missed tackle,1
Ath6,Chester,carry,10
Ath6,Chester,gls,4
Ath6,Chester,linebreak,0
Ath6,Chester,defender beaten,2
Ath6,Durham Uni,try,1
Ath6,Durham Uni,try assist,0
Ath6,Durham Uni,tackle,5
Ath6,Durham Uni,dominant tackle,0
Ath6,Durham Uni,missed tackle,1
Ath6,Durham Uni,carry,17
Ath6,Durham Uni,gls,12
Ath6,Durham Uni,linebreak,0
Ath6,Durham Uni,defender beaten,0
Ath6,Harrogate,try,1
Ath6,Harrogate,try assist,0
Ath6,Harrogate,tackle,12
Ath6,Harrogate,dominant tackle,1
Ath6,Harrogate,missed tackle,5
Ath6,Harrogate,carry,5
Ath6,Harrogate,gls,2
Ath6,Harrogate,linebreak,0
Ath6,Harrogate,defender beaten,1
Ath6,Hull,try,0
Ath6,Hull,try assist,0
Ath6,Hull,tackle,13
Ath6,Hull,dominant tackle,0
Ath6,Hull,missed tackle,5
Ath6,Hull,carry,9
Ath6,Hull,gls,6
Ath6,Hull,linebreak,0
Ath6,Hull,defender beaten,0
Ath6,Hull (H),try,1
Ath6,Hull (H),try assist,0
Ath6,Hull (H),tackle,17
Ath6,Hull (H),dominant tackle,0
Ath6,Hull (H),missed tackle,2
Ath6,Hull (H),carry,12
Ath6,Hull (H),gls,5
Ath6,Hull (H),linebreak,1
Ath6,Hull (H),defender beaten,3
Ath6,Hull I's,try,0
Ath6,Hull I's,try assist,0
Ath6,Hull I's,tackle,10
Ath6,Hull I's,dominant tackle,0
Ath6,Hull I's,missed tackle,1
Ath6,Hull I's,carry,13
Ath6,Hull I's,gls,3
Ath6,Hull I's,linebreak,0
Ath6,Hull I's,defender beaten,1
Ath6,Leeds,try,0
Ath6,Leeds,try assist,0
Ath6,Leeds,tackle,27
Ath6,Leeds,dominant tackle,0
Ath6,Leeds,missed tackle,4
Ath6,Leeds,carry,10
Ath6,Leeds,gls,5
Ath6,Leeds,linebreak,0
Ath6,Leeds,defender beaten,1
Ath6,Lymm,try,0
Ath6,Lymm,try assist,0
Ath6,Lymm,tackle,15
Ath6,Lymm,dominant tackle,0
Ath6,Lymm,missed tackle,2
Ath6,Lymm,carry,15
Ath6,Lymm,gls,5
Ath6,Lymm,linebreak,0
Ath6,Lymm,defender beaten,2
Ath6,Otley,try,0
Ath6,Otley,try assist,0
Ath6,Otley,tackle,16
Ath6,Otley,dominant tackle,0
Ath6,Otley,missed tackle,2
Ath6,Otley,carry,11
Ath6,Otley,gls,4
Ath6,Otley,linebreak,0
Ath6,Otley,defender beaten,1
Ath6,Preston,try,0
Ath6,Preston,try assist,0
Ath6,Preston,tackle,14
Ath6,Preston,dominant tackle,0
Ath6,Preston,missed tackle,4
Ath6,Preston,carry,8
Ath6,Preston,gls,3
Ath6,Preston,linebreak,1
Ath6,Preston,defender beaten,1
Ath6,Sheffield,try,0
Ath6,Sheffield,try assist,0
Ath6,Sheffield,tackle,15
Ath6,Sheffield,dominant tackle,1
Ath6,Sheffield,missed tackle,0
Ath6,Sheffield,carry,10
Ath6,Sheffield,gls,3
Ath6,Sheffield,linebreak,0
Ath6,Sheffield,defender beaten,1
Ath6,Tynedale,try,0
Ath6,Tynedale,try assist,0
Ath6,Tynedale,tackle,18
Ath6,Tynedale,dominant tackle,0
Ath6,Tynedale,missed tackle,5
Ath6,Tynedale,carry,12
Ath6,Tynedale,gls,4
Ath6,Tynedale,linebreak,0
Ath6,Tynedale,defender beaten,0
Ath6,Tynedale (H),try,0
Ath6,Tynedale (H),try assist,0
Ath6,Tynedale (H),tackle,18
Ath6,Tynedale (H),dominant tackle,0
Ath6,Tynedale (H),missed tackle,4
Ath6,Tynedale (H),carry,8
Ath6,Tynedale (H),gls,4
Ath6,Tynedale (H),linebreak,0
Ath6,Tynedale (H),defender beaten,0
Ath6,Wharfedale,try,0
Ath6,Wharfedale,try assist,0
Ath6,Wharfedale,tackle,9
Ath6,Wharfedale,dominant tackle,0
Ath6,Wharfedale,missed tackle,1
Ath6,Wharfedale,carry,9
Ath6,Wharfedale,gls,4
Ath6,Wharfedale,linebreak,0
Ath6,Wharfedale,defender beaten,0
Ath7,Chester,try,0
Ath7,Chester,try assist,0
Ath7,Chester,tackle,2
Ath7,Chester,dominant tackle,0
Ath7,Chester,missed tackle,0
Ath7,Chester,carry,0
Ath7,Chester,gls,0
Ath7,Chester,linebreak,0
Ath7,Chester,defender beaten,0
Ath7,Durham Uni,try,1
Ath7,Durham Uni,try assist,0
Ath7,Durham Uni,tackle,6
Ath7,Durham Uni,dominant tackle,0
Ath7,Durham Uni,missed tackle,0
Ath7,Durham Uni,carry,9
Ath7,Durham Uni,gls,4
Ath7,Durham Uni,linebreak,0
Ath7,Durham Uni,defender beaten,0
Ath7,Harrogate,try,0
Ath7,Harrogate,try assist,0
Ath7,Harrogate,tackle,15
Ath7,Harrogate,dominant tackle,1
Ath7,Harrogate,missed tackle,1
Ath7,Harrogate,carry,5
Ath7,Harrogate,gls,2
Ath7,Harrogate,linebreak,0
Ath7,Harrogate,defender beaten,0
Ath7,Hull,try,0
Ath7,Hull,try assist,0
Ath7,Hull,tackle,21
Ath7,Hull,dominant tackle,0
Ath7,Hull,missed tackle,5
Ath7,Hull,carry,7
Ath7,Hull,gls,3
Ath7,Hull,linebreak,0
Ath7,Hull,defender beaten,1
Ath7,Hull (H),try,0
Ath7,Hull (H),try assist,0
Ath7,Hull (H),tackle,23
Ath7,Hull (H),dominant tackle,0
Ath7,Hull (H),missed tackle,3
Ath7,Hull (H),carry,4
Ath7,Hull (H),gls,2
Ath7,Hull (H),linebreak,0
Ath7,Hull (H),defender beaten,0
Ath7,Hull I's,try,0
Ath7,Hull I's,try assist,0
Ath7,Hull I's,tackle,15
Ath7,Hull I's,dominant tackle,1
Ath7,Hull I's,missed tackle,1
Ath7,Hull I's,carry,6
Ath7,Hull I's,gls,3
Ath7,Hull I's,linebreak,0
Ath7,Hull I's,defender beaten,0
Ath7,Leeds,try,0
Ath7,Leeds,try assist,0
Ath7,Leeds,tackle,27
Ath7,Leeds,dominant tackle,0
Ath7,Leeds,missed tackle,4
Ath7,Leeds,carry,3
Ath7,Leeds,gls,2
Ath7,Leeds,linebreak,0
Ath7,Leeds,defender beaten,0
Ath7,Otley,try,0
Ath7,Otley,try assist,0
Ath7,Otley,tackle,20
Ath7,Otley,dominant tackle,0
Ath7,Otley,missed tackle,1
Ath7,Otley,carry,7
Ath7,Otley,gls,2
Ath7,Otley,linebreak,0
Ath7,Otley,defender beaten,0
Ath7,Preston,try,1
Ath7,Preston,try assist,0
Ath7,Preston,tackle,14
Ath7,Preston,dominant tackle,0
Ath7,Preston,missed tackle,1
Ath7,Preston,carry,4
Ath7,Preston,gls,2
Ath7,Preston,linebreak,0
Ath7,Preston,defender beaten,1
Ath7,Sheffield,try,0
Ath7,Sheffield,try assist,0
Ath7,Sheffield,tackle,15
Ath7,Sheffield,dominant tackle,1
Ath7,Sheffield,missed tackle,2
Ath7,Sheffield,carry,6
Ath7,Sheffield,gls,2
Ath7,Sheffield,linebreak,0
Ath7,Sheffield,defender beaten,0
Ath7,Sheffield Tigers,try,0
Ath7,Sheffield Tigers,try assist,0
Ath7,Sheffield Tigers,tackle,8
Ath7,Sheffield Tigers,dominant tackle,0
Ath7,Sheffield Tigers,missed tackle,1
Ath7,Sheffield Tigers,carry,8
Ath7,Sheffield Tigers,gls,5
Ath7,Sheffield Tigers,linebreak,0
Ath7,Sheffield Tigers,defender beaten,0
Ath7,Tynedale,try,0
Ath7,Tynedale,try assist,0
Ath7,Tynedale,tackle,11
Ath7,Tynedale,dominant tackle,0
Ath7,Tynedale,missed tackle,0
Ath7,Tynedale,carry,7
Ath7,Tynedale,gls,5
Ath7,Tynedale,linebreak,0
Ath7,Tynedale,defender beaten,0
Ath7,Tynedale (H),try,0
Ath7,Tynedale (H),try assist,0
Ath7,Tynedale (H),tackle,22
Ath7,Tynedale (H),dominant tackle,0
Ath7,Tynedale (H),missed tackle,4
Ath7,Tynedale (H),carry,2
Ath7,Tynedale (H),gls,2
Ath7,Tynedale (H),linebreak,0
Ath7,Tynedale (H),defender beaten,0
Ath7,Wharfedale,try,0
Ath7,Wharfedale,try assist,0
Ath7,Wharfedale,tackle,9
Ath7,Wharfedale,dominant tackle,0
Ath7,Wharfedale,missed tackle,2
Ath7,Wharfedale,carry,4
Ath7,Wharfedale,gls,3
Ath7,Wharfedale,linebreak,0
Ath7,Wharfedale,defender beaten,0
Ath8,Chester,try,0
Ath8,Chester,try assist,0
Ath8,Chester,tackle,12
Ath8,Chester,dominant tackle,0
Ath8,Chester,missed tackle,2
Ath8,Chester,carry,6
Ath8,Chester,gls,1
Ath8,Chester,linebreak,0
Ath8,Chester,defender beaten,0
Ath8,Durham Uni,try,0
Ath8,Durham Uni,try assist,0
Ath8,Durham Uni,tackle,3
Ath8,Durham Uni,dominant tackle,0
Ath8,Durham Uni,missed tackle,0
Ath8,Durham Uni,carry,10
Ath8,Durham Uni,gls,5
Ath8,Durham Uni,linebreak,0
Ath8,Durham Uni,defender beaten,2
Ath8,Harrogate,try,0
Ath8,Harrogate,try assist,0
Ath8,Harrogate,tackle,6
Ath8,Harrogate,dominant tackle,1
Ath8,Harrogate,missed tackle,1
Ath8,Harrogate,carry,4
Ath8,Harrogate,gls,1
Ath8,Harrogate,linebreak,0
Ath8,Harrogate,defender beaten,0
Ath8,Hull,try,0
Ath8,Hull,try assist,0
Ath8,Hull,tackle,11
Ath8,Hull,dominant tackle,0
Ath8,Hull,missed tackle,2
Ath8,Hull,carry,8
Ath8,Hull,gls,0
Ath8,Hull,linebreak,0
Ath8,Hull,defender beaten,0
Ath8,Hull (H),try,0
Ath8,Hull (H),try assist,0
Ath8,Hull (H),tackle,7
Ath8,Hull (H),dominant tackle,0
Ath8,Hull (H),missed tackle,1
Ath8,Hull (H),carry,6
Ath8,Hull (H),gls,2
Ath8,Hull (H),linebreak,0
Ath8,Hull (H),defender beaten,0
Ath8,Hull I's,try,0
Ath8,Hull I's,try assist,0
Ath8,Hull I's,tackle,0
Ath8,Hull I's,dominant tackle,0
Ath8,Hull I's,missed tackle,0
Ath8,Hull I's,carry,1
Ath8,Hull I's,gls,0
Ath8,Hull I's,linebreak,0
Ath8,Hull I's,defender beaten,0
Ath8,Lymm,try,0
Ath8,Lymm,try assist,0
Ath8,Lymm,tackle,10
Ath8,Lymm,dominant tackle,0
Ath8,Lymm,missed tackle,3
Ath8,Lymm,carry,9
Ath8,Lymm,gls,4
Ath8,Lymm,linebreak,0
Ath8,Lymm,defender beaten,2
Ath8,Otley,try,0
Ath8,Otley,try assist,0
Ath8,Otley,tackle,11
Ath8,Otley,dominant tackle,0
Ath8,Otley,missed tackle,3
Ath8,Otley,carry,13
Ath8,Otley,gls,3
Ath8,Otley,linebreak,0
Ath8,Otley,defender beaten,3
Ath8,Preston,try,0
Ath8,Preston,try assist,1
Ath8,Preston,tackle,13
Ath8,Preston,dominant tackle,0
Ath8,Preston,missed tackle,3
Ath8,Preston,carry,10
Ath8,Preston,gls,3
Ath8,Preston,linebreak,0
Ath8,Preston,defender beaten,0
Ath8,Sheffield,try,0
Ath8,Sheffield,try assist,0
Ath8,Sheffield,tackle,15
Ath8,Sheffield,dominant tackle,0
Ath8,Sheffield,missed tackle,5
Ath8,Sheffield,carry,4
Ath8,Sheffield,gls,1
Ath8,Sheffield,linebreak,0
Ath8,Sheffield,defender beaten,0
Ath8,Sheffield Tigers,try,0
Ath8,Sheffield Tigers,try assist,0
Ath8,Sheffield Tigers,tackle,12
Ath8,Sheffield Tigers,dominant tackle,1
Ath8,Sheffield Tigers,missed tackle,1
Ath8,Sheffield Tigers,carry,9
Ath8,Sheffield Tigers,gls,2
Ath8,Sheffield Tigers,linebreak,1
Ath8,Sheffield Tigers,defender beaten,0
Ath8,Tynedale,try,0
Ath8,Tynedale,try assist,0
Ath8,Tynedale,tackle,12
Ath8,Tynedale,dominant tackle,1
Ath8,Tynedale,missed tackle,2
Ath8,Tynedale,carry,8
Ath8,Tynedale,gls,5
Ath8,Tynedale,linebreak,0
Ath8,Tynedale,defender beaten,2
Ath8,Tynedale (H),try,0
Ath8,Tynedale (H),try assist,0
Ath8,Tynedale (H),tackle,17
Ath8,Tynedale (H),dominant tackle,0
Ath8,Tynedale (H),missed tackle,6
Ath8,Tynedale (H),carry,8
Ath8,Tynedale (H),gls,3
Ath8,Tynedale (H),linebreak,0
Ath8,Tynedale (H),defender beaten,0
Ath8,Wharfedale,try,0
Ath8,Wharfedale,try assist,0
Ath8,Wharfedale,tackle,0
Ath8,Wharfedale,dominant tackle,0
Ath8,Wharfedale,missed tackle,0
Ath8,Wharfedale,carry,1
Ath8,Wharfedale,gls,0
Ath8,Wharfedale,linebreak,0
Ath8,Wharfedale,defender beaten,0
Ath9,Durham Uni,try,0
Ath9,Durham Uni,try assist,0
Ath9,Durham Uni,tackle,0
Ath9,Durham Uni,dominant tackle,0
Ath9,Durham Uni,missed tackle,0
Ath9,Durham Uni,carry,2
Ath9,Durham Uni,gls,0
Ath9,Durham Uni,linebreak,0
Ath9,Durham Uni,defender beaten,0
Ath9,Harrogate,try,0
Ath9,Harrogate,try assist,0
Ath9,Harrogate,tackle,0
Ath9,Harrogate,dominant tackle,0
Ath9,Harrogate,missed tackle,0
Ath9,Harrogate,carry,3
Ath9,Harrogate,gls,1
Ath9,Harrogate,linebreak,0
Ath9,Harrogate,defender beaten,1
Ath9,Hull,try,1
Ath9,Hull,try assist,0
Ath9,Hull,tackle,9
Ath9,Hull,dominant tackle,0
Ath9,Hull,missed tackle,4
Ath9,Hull,carry,4
Ath9,Hull,gls,2
Ath9,Hull,linebreak,0
Ath9,Hull,defender beaten,0
Ath9,Hull (H),try,0
Ath9,Hull (H),try assist,1
Ath9,Hull (H),tackle,10
Ath9,Hull (H),dominant tackle,0
Ath9,Hull (H),missed tackle,1
Ath9,Hull (H),carry,5
Ath9,Hull (H),gls,0
Ath9,Hull (H),linebreak,0
Ath9,Hull (H),defender beaten,0
Ath9,Hull I's,try,0
Ath9,Hull I's,try assist,1
Ath9,Hull I's,tackle,6
Ath9,Hull I's,dominant tackle,0
Ath9,Hull I's,missed tackle,0
Ath9,Hull I's,carry,7
Ath9,Hull I's,gls,3
Ath9,Hull I's,linebreak,0
Ath9,Hull I's,defender beaten,1
Ath9,Leeds,try,0
Ath9,Leeds,try assist,1
Ath9,Leeds,tackle,16
Ath9,Leeds,dominant tackle,0
Ath9,Leeds,missed tackle,4
Ath9,Leeds,carry,6
Ath9,Leeds,gls,2
Ath9,Leeds,linebreak,0
Ath9,Leeds,defender beaten,0
Ath9,Otley,try,1
Ath9,Otley,try assist,0
Ath9,Otley,tackle,9
Ath9,Otley,dominant tackle,0
Ath9,Otley,missed tackle,3
Ath9,Otley,carry,1
Ath9,Otley,gls,0
Ath9,Otley,linebreak,0
Ath9,Otley,defender beaten,0
Ath9,Preston,try,0
Ath9,Preston,try assist,0
Ath9,Preston,tackle,1
Ath9,Preston,dominant tackle,0
Ath9,Preston,missed tackle,0
Ath9,Preston,carry,3
Ath9,Preston,gls,1
Ath9,Preston,linebreak,0
Ath9,Preston,defender beaten,2
Ath9,Sheffield,try,0
Ath9,Sheffield,try assist,0
Ath9,Sheffield,tackle,4
Ath9,Sheffield,dominant tackle,0
Ath9,Sheffield,missed tackle,1
Ath9,Sheffield,carry,3
Ath9,Sheffield,gls,1
Ath9,Sheffield,linebreak,0
Ath9,Sheffield,defender beaten,2
Ath9,Sheffield Tigers,try,0
Ath9,Sheffield Tigers,try assist,2
Ath9,Sheffield Tigers,tackle,2
Ath9,Sheffield Tigers,dominant tackle,0
Ath9,Sheffield Tigers,missed tackle,0
Ath9,Sheffield Tigers,carry,3
Ath9,Sheffield Tigers,gls,1
Ath9,Sheffield Tigers,linebreak,0
Ath9,Sheffield Tigers,defender beaten,2
Ath9,Tynedale,try,0
Ath9,Tynedale,try assist,0
Ath9,Tynedale,tackle,8
Ath9,Tynedale,dominant tackle,0
Ath9,Tynedale,missed tackle,3
Ath9,Tynedale,carry,6
Ath9,Tynedale,gls,2
Ath9,Tynedale,linebreak,1
Ath9,Tynedale,defender beaten,4
Ath9,Wharfedale,try,0
Ath9,Wharfedale,try assist,0
Ath9,Wharfedale,tackle,3
Ath9,Wharfedale,dominant tackle,0
Ath9,Wharfedale,missed tackle,0
Ath9,Wharfedale,carry,2
Ath9,Wharfedale,gls,2
Ath9,Wharfedale,linebreak,0
Ath9,Wharfedale,defender beaten,0
Team,Harrogate,try,0
Team,Harrogate,try assist,0
Team,Harrogate,tackle,0
Team,Harrogate,dominant tackle,0
Team,Harrogate,missed tackle,0
Team,Harrogate,carry,0
Team,Harrogate,gls,0
Team,Harrogate,linebreak,0
Team,Harrogate,defender beaten,0
team,Chester,try,0
team,Chester,try assist,0
team,Chester,tackle,0
team,Chester,dominant tackle,0
team,Chester,missed tackle,0
team,Chester,carry,0
team,Chester,gls,0
team,Chester,linebreak,0
team,Chester,defender beaten,0
team,Hull (H),try,0
team,Hull (H),try assist,0
team,Hull (H),tackle,0
team,Hull (H),dominant tackle,0
team,Hull (H),missed tackle,0
team,Hull (H),carry,0
team,Hull (H),gls,0
team,Hull (H),linebreak,0
team,Hull (H),defender beaten,0
team,Lymm,try,0
team,Lymm,try assist,0
team,Lymm,tackle,0
team,Lymm,dominant tackle,0
team,Lymm,missed tackle,0
team,Lymm,carry,0
team,Lymm,gls,0
team,Lymm,linebreak,0
team,Lymm,defender beaten,0
team,Sheffield,try,0
team,Sheffield,try assist,0
team,Sheffield,tackle,0
team,Sheffield,dominant tackle,0
team,Sheffield,missed tackle,0
team,Sheffield,carry,0
team,Sheffield,gls,0
team,Sheffield,linebreak,0
team,Sheffield,defender beaten,0
team,Sheffield Tigers,try,0
team,Sheffield Tigers,try assist,0
team,Sheffield Tigers,tackle,0
team,Sheffield Tigers,dominant tackle,0
team,Sheffield Tigers,missed tackle,0
team,Sheffield Tigers,carry,0
team,Sheffield Tigers,gls,0
team,Sheffield Tigers,linebreak,0
team,Sheffield Tigers,defender beaten,0
team,Tynedale (H),try,0
team,Tynedale (H),try assist,0
team,Tynedale (H),tackle,0
team,Tynedale (H),dominant tackle,0
team,Tynedale (H),missed tackle,0
team,Tynedale (H),carry,0
team,Tynedale (H),gls,0
team,Tynedale (H),linebreak,0
team,Tynedale (H),defender beaten,0
,Hull,try,0
,Hull,try assist,0
,Hull,tackle,0
,Hull,dominant tackle,0
,Hull,missed tackle,0
,Hull,carry,0
,Hull,gls,0
,Hull,linebreak,0
,Hull,defender beaten,0
,Leeds,try,0
,Leeds,try assist,0
,Leeds,tackle,0
,Leeds,dominant tackle,0
,Leeds,missed tackle,0
,Leeds,carry,0
,Leeds,gls,0
,Leeds,linebreak,0
,Leeds,defender beaten,0
